,0
0,WpnV2EFJK4w
1,OReT2C0vM4c
2,pHA45pNLH6c
3,HqKTEIRwEpA
4,qYVbqYXZxr0
5,-NDzChRcp-E
6,gSuM3DnBhT4
7,OzZf7IyhJWs
8,GOKCf109R0c
9,8G7cb1GcOYQ
10,BUW0JlsEmGA
11,BbAKsEXW4mg
12,CxqsLA2EHqo
13,QuWple6WhE4
14,fTg1Sp86vP4
15,tg2uF3R_Ozo
16,TRlbcYaydJw
17,jtDkA3OITl4
18,np7TtVt68Jg
19,b8R62N28BVc
20,kilBNN3rW7w
21,7W_zr_d7sMY
22,9P_tSIJGU7Y
23,goNOuzFAFIA
24,qsobCAGiuRU
25,ksH5mAv2g_w
26,bWVBdBXlrHY
27,pCZA__udVxY
28,BryJA-Xp-Q4
29,BkadbojPDAM
30,E0py2SUr6k0
31,HTbkWEgjHOk
32,KymMCv-4fZI
33,NAF29gf3YJg
34,YazigoBQBKE
35,CvGl6cnuMvg
36,Ni7QYu3ChOI
37,ulSrRuILFnM
38,EBv409A7Ddo
39,Mwi9gmFjSqg
40,0aGm3sfF2QM
41,xYIYKMXyPEg
42,ERdTn4g2tF0
43,KLw3-k0siEo
44,NT-4PnU6i_k
45,fw1U9KF7Wx4
46,zxuLVGPwGWY
47,ycjvjGoex9c
48,0Yx9_ttU8-4
49,5aC_UWWzrAc
