ASMR 유튜버 하세요 ㅋㅋ,0,인형이야 뭐야 한마디 할때마다 도리도리 뒤지네,1
누구 그것을 찢는다는 사람보단 윤석열 총장이 대통령 되는 게 더 현명한 듯,0,이 분 왤케 에....에....에..... ㄹㅇ 이거 처음부터 끝까지듣는데 노이로제 걸려서 끝나고도 귀에서 에....에...에....거리네,1
이분 잘모르지만 도리도리를 너무 하셔서 너무 정신이 없네요   저만 그런가요?,0,사냥개는 가마솥에,1
대선 출마를 바라신다면  인터뷰 할때 목 돌아가는 습관부터 고치셔야 겠습니다. 보는사람도 따라배우 겠네요.,0,도리도리 줄리 잘하네,1
"<a href=""https://www.youtube.com/watch?v=JhCjDKttAkM&amp;t=03m25s"">03:25</a> 미어캣인줄ㅋㅋㅋㅌ",0,ㅋㅋㅋㅋㅋㅋㅋㅋㅋㅋㅋㅋㅋㅋㅋㅋㅋ레드준표가 ㅈㄴ웃겠다,1
그 예외들이 언론에 나오지 않게 잘 처신했다봅니다 <br>그리고 한가지...<br>처가 힘이 없었다면 장모가 없었다면 총장했을까...<br>죄를 지었으면 벌을 받아야지 <br>범죄에 나이가 있나...,0,홍준표와 유승민이 이놈 말하는것 보고 웃고있겠는 걸?,1
도리도리 밖에<br>안 보이네,0,청문회때 국민의짐 의원들이 개소리 지꺼린거<br>기억안나나봅니다.개똥통소굴로 왜들어가는지?<br>어차피 대선포기하겠지만 추한꼴 보기<br>싫으네요..마누라 집안 검증좀하고<br>결혼하시지..불쌍한 인생 참 마음이 아프네요,1
공정하게 붙으면  자격미달 아니냐?  중소기업 면접가서도 저러면 바로 탈락이다.,0,이미 재인이 때문에 개망신당하는중,1
고개를 정신없이 흔들면서 도리도리 하는 이유는 내적으로 확신이 없고 굉장히 불안하기 때문,0,뻔뻔한놈이야 ㅋㅋ,1
솔직히 대통령감은 아니지....,0,참으로 엠빙신 스러운 편집이로다!! 많이 두려운가봐!!,1
한마디 한마디 할때마다 가만있지 못하시고 진정성 보다는 건들 건들 도리 도리 잘 보았습니다.,0,덜떨어지는 병신도 대통령하고있잖아요 지금 ㅋ,1
도리도리 눈아프다,0,근데 고개를 왜 그렇게 말하면서 좌우로 수십번 움직여대는지 이해가 안간다. 정서 불안인가? 하기야 문빨갱이하고 그 주변 공산당 추종자들보다는 나을거 같지만 한국은 다 그놈이 그놈이다.,1
고개 좀 고만 흔들어라 왜이리 산만하냐,0,그럼 꺼져라 다른 나라로,1
도대체 뭔데 갑자기 튀어나와서 대선까지?<br>뭔 땀시 이렇게 인기가 많은겨?<br>진심으로 궁금,0,도리도리 졸라 잘하네 보는 사람 정신병 생기것다.,1
검찰시절 중립을 지켰는가? 언행 불일치..이런사람이 대통령이 되겠다고 나오고 떨어지는 콩고물 주워먹을려고 모인 인간들이나 ...띄워주는 언론이나 도찐개찐...<br>에라잇 깜도 안되는 인간아 !!공부 더하고 와라,0,문재인은 국민들을 진짜 정신병걸리게 만듬 ㄷㄷ,1
"집중을 못하는거지 도리도리,,,,,,,중국김치먹지맙시다",0,편집자가 윤짜장 추종자냐? 편집 잘해줬네 ?,1
"저 사람 말할 때 목을 좌우로 계속 왔다갔다하는 행위는, 행동 심리학에서 현실부정할 때, 즉 거짓말할 때 하는 행동임!",0,"마봉춘씨, 이런거 올리지 마세요. 구역질 납니다.",1
진짜 정치경험없이 대통령바로되면 레전드네,0,대가리를 겁나 흔드네. 어지러워 죽겠다. 석렬아~<br>근데 진짜 안봤어? 에이 그럴리가. ㅋ,1
제2의 박그네인줄,0,대가리 존나 흔드네<br>관상은 과학<br>넌 대통령감이 아니다 짜장아<br>꼭 똑같은 잣대로 심판 받아라,1
"그래도 아직 석열이 형님은 아니지..<br>정치경력 1년도 없는 사람이 공부만 한다해서 국정 수행을 해야하는 대통령 될 수 있나...?<br><br>그리고 25세 박성민 비서관 사회 경험없다고, 왜 뽑았냐고 뭐라하면서 윤석열형님도 정치경력이 1도 없는데, 뽑아준다는게 어불성설.. 일관성 있게 해야지..<br><br>박통령 역대급 삽질로 반사이익 보고, <br>반짝 스타로 정권 잡은 문통령 지난 4년간 어떻게 말아드시는지 잘 봤지 않나??<br>이번에도 반짝 스타로 거기다 정치경험 1도 없는 사람 되면 어떻게 될런지..?<br><br>될거면 차라리 홍카콜라가 되야 된다고 봄.<br><br>기자들도 좀 경제 질문 같은거나 좀 물어보지;",0,ㅋㅋ토나오네 진짜,1
머리를 가만히 놔두질 못하는 듯,0,"이미 누구는 아들이 해쳐먹고있고 <br><br>홍삼트리오<br><br>무현이는 처자식 ㅎ<br><br>문재인 &quot;권양숙 여사, 박연차 돈 13억원 받아&quot;<br>&quot;500만 달러, 노건호와 무관&quot;<br><br>입력 2009.04.12 <a href=""https://www.youtube.com/watch?v=JhCjDKttAkM&amp;t=16m45s"">16:45</a> <br>수정 2009.04.12 <a href=""https://www.youtube.com/watch?v=JhCjDKttAkM&amp;t=16m45s"">16:45</a>",1
도리도리까꿍ㅋㅋ,0,ㅈ랄,1
여기서 문제<br>윤석열은 도리도리를 총 몇 번 했을까요?,0,재앙이 보셈,1
대통령 하실분은 아닌거 같네요,0,아직도 머가리가 안깨졌네,1
도리도리뱅뱅,0,좌파식 물타기 이해력딸리니 대깨문이지 ㅋ ㅋ,1
카메라. 기자들과 눈마주치며 얘기하느라 도리도리 된것같은디 ㅋ,0,바보냐? 나이드신분 이명박 여자분 박근혜    이해력이 그렇게딸려서 정치뉴스는 어케보누 ㅋㅋㅋㅋ,1
우리가 기자회견 tv에서 한두번 봅니까? 저거 행동 심리학에서 현실부정할때 나오는 행동입니다. 지금 거짓말 중이란 얘기죠.,0,개냐? 도리도리 ㅋㅋㅋㅋㅋ 지랄도 지랄도 저런 찐따가 대권을 꿈꾸네,1
술먹고 봐서 그런가 뭔소린지 못알아 들음. 아 술끊어여야지,0,그러게 대깨문들만 개돼지인데 기분 나쁘게 싸잡네,1
안뇽😝,0,윤십원 토왜냐? 한일관계 악화가 우리 정부탓이라니 그거 일본 극우들 주장인데.. 이런 놈을 지지한다는 20대 골빈 쉐키들..아무리봐도 요즘 젊은이들이 일베에 심하게 영향받은 것 같다. 꼴에 존심들은 있어서 아니라고 하는데 하는 행동은 일베 순화 버전이지,1
지지율이 높잖아. 이재명이랑 다투고있지않냐,0,법피아 양아치가 법복을 벗고난니 근거와 팩트가 필요한거니.?<br>무식한 인간아.<br>우리 국민의 보편적 의식보다 한참 뒤떨어진 인물이야.,1
어떻게 이렇게 말할수 있을지 ㅠㅜ<br>하늘이 내려 않은꼴이<br>되겠네요<br>국민들 정신 바짝 차려야지요,0,이게 좌파수준 ㅋ ㅋ 생각이 저급함  폭탄주를 만데 ㅋ ㅋ  머리에든게 그정도지 이러니 비서한테 성범죄저지르고 자살한 누구도 영웅만들어주는게 좌파들이지 🤗,1
진지하지 못하기땜이지요,0,대깨들이 아무리 까도 윤석열이다. 윤석열보다 나은 사람  1사람이라도 터진당에 있다면  찍어준다.,1
어짜피 들러리인데 출마함으로 얻는게 뭐지?,0,아 어지러워! 졸라 산만하네,1
무슨 검사가 대선을 출마를 하냐? 다른 나라에서는 이렇게 잘 안하는데 무척 우리나라에서만 그러냐 검사는 검사일을 하지 왜 정치를 대해서 관여하냐,0,<del>틀</del>,1
지지합니다 꼭 대통령이 되주시길 바랍니다,0,아바타 문죄앙 ㅋㅋㅋ,1
왜 이렇게  도리도리 하지.... 홍준표와 선의의 대결 기대합니다,0,아니 ㅅㅂ 홍준표 뽑고 싶은데 왜 너가 국힘으로 들어가냐?,1
정직하지 못한 사람이 하는 행동<br>나 자신도 설득 못 시켜서 하는 행동  <br>도리 도리 ::,0,틀딱들 백날 홍준표밀어봐라 되긴하나ㅋㅋ,1
🤣🤣🤣,0,윤석열 당선되면 좆된다 검찰개혁 힘들게 한거 이거 다시 윤석열이 검찰권한 크게 만들려고 검창총장 그만둔건데 이거 좆됨ㅋㅋㅋ,1
ㅋㅋㅋㅋ 빵터짐,0,검찰을 응원하는거냐 보수를 응원하는거냐 ㅋ그러니 그냥 빨갱이 만 거론하는 보수쌕끼들 ㅋ,1
도리도리 정신없네.,0,@00 1 대깨윤 화가 많이 났노 ㅋㅋㅋ,1
마이크 알뜰하게 잘쓰시는편,0,개웃기노ㅋㅋ,1
석열아 니 기준의 도덕성은 도대체 뭐니,0,대깨문이라고 윤석열으로 될것같아? 다른사람 내세워라 ㅋㅋㅋㅋ,1
저런 사람이 화가 나네요  모든걸 떠나서도  의리가 있어야 합니다 정말 저 사람은 아닌듯  ㅜㅜ,0,대깨많네ㅋㅋ,1
대통령이란 자리는 반짝 인기로 될 수 있는 자리가 아니다…,0,얘는 정서불안인가..? 왜 대가리를 저렇게 천박하게 흔들지..? 외국정상들하고 연설할때도 대가리 흔들꺼 아닌가...이게 대통령되면 나라 개망신이다..,1
윤석열 전 총장님 말씀에 감동 받았습니다 자유국가는 아름답게 성장합니다 듣던중 속이 시원합니다.,0,댓글에 홍어새끼들 만선이네 ㅋㅋㅋㅋㅋㅋㅋㅋㅋㅋㅋㅋㅋㅋㅋㅋㅋㅋㅋㅋㅋㅋㅋㅋㅋㅋㅋㅋㅋㅋㅋㅋㅋㅋㅋ,1
이재명VS홍준표 기대합니다. 평생 네거티브 따윈 하지 않고 공약과 비전으로만 승부하신 2분 이런 분이 대선토론이라는 검증 장소에 나서야합니다,0,MBC여서 그런가 트집잡는 대깨문 천지네,1
홍준표도 이번에 나오나요?,0,@Mercy76 나도 박근혜 싫어해<br>대깨 틀딱처럼 종교가 아니야,1
"우리국민들은 정확한 정무적 감각과 비전  구체적인 독자적 경제정책 정치적 능력이 있는 홍준표 이재명 같은 사람을 대권 후보로 원합니다. 윤석열 총장은 검사로썬 그의 논란을 제외하고 꽤  좋은사람인건 많은 국민들께서 동의하시는건 사실이지만, 이 둘의 20년간 쌓아온 비전을 단  4개월만에 절대 홍준표 이재명 같은 정무적 감각과 경험 비전을 쌓을 수 없습니다. 우리 이성을 보고 판단합시다.",0,한방에골로가지,1
에이.. 이건 아니죠. 직업에 귀천이 어딨어요.,0,ㅉㅉ,1
@urdense 애초에 민주당이 진보정당인지 모르겠다,0,"<a href=""https://www.youtube.com/watch?v=8gRfNGjHnO0&amp;t=0m46s"">0:46</a> 브금 ㅅㅂㅋㅋㅋㅋㅋ",1
저런사람은 진짜목숨2개인가보네,0,자는척하고잇지만 ㅂㄹ존나시리겟다.. 개무서워 ..,1
진짜위험스;;;;,0,와미쳤다ㅋㅋ 저거 잘못하면 골로가잖아~:::,1
보는것만으로도 긴장 팍 되네 ㄷㄷ,0,저 지랄하다 한번 쩌~~~어 쪽 살짝 발담그고 와야 새삶을 사는 기분이야 라고 정신차릴려나?,1
아무 이탈 없이 무사히 백사장에 착륙한 게 더 신기하넼ㅋㅋㅌㅌㅋㅋㅋㅋㅌㅌ,0,미친,1
&quot;남자가 빨리죽는 이유&quot;,0,존나 도라이같애요ㅜㅜㅜㅠㅠㅠㅜ 진짜 지릴듯,1
나중엔 하늘에서 식사중에 손님이 날아와서 합석하는 거 아니냐?ㅋㅋㅋㅋ,0,엄마 침대는 날수 있오어<br><br>침대는 못날아요~<br><br>저기!<br><br><br><br><br><br><br><br><br><br><br><br>어머 시발,1
출근할때 좋겟네,0,죽어봐야 정신차리지.. 댜단하다,1
난 저거 1경을준다고해도 &quot;못해&quot;,0,그네씨가 가면 되겠네^^,1
잠꼬대로 떨어지는 순간...,0,남자가 빨리 뒤지는 이유,1
하산,0,잠에 깬 나 어..어???? ㅅㅂ여기 어디야???<br>내려줘 내려줘 ㅅㅂ 내려주ㅝ어ㅗㅓㅓㅓㅓㅓㅓㅓㅓㅓㅓㅓㅓ으아ㅏㅏㅏㅏㅏㅏㅏㅏㅏ!!!!!!!!!!!!!!!!!!!!!!!!,1
이거 자다가 360도 돌는 사람은 바로 떨어질것같아요,0,겨우 15분간 자는척하는거   별 감흥이 없었는데  티비보고 4인 보드게임에 꼬치구이까지...이런건 ㅆㅇㅈ이지ㅋㅋㅋ,1
왠지 저 아저씨 자는 척하고 안잘듯 저기서 어떻게잠ㅋㅋㅋㅋㅋ죽을수도 있는데ㅋㅋㅋㅋ,0,몸부림치다 떨어짐 걍 뒤지는거 아님?ㅋㅋㅋ,1
바베큐 장비를 들고 올라가는게 웃기네,0,저지랄하다 또 누구같이 뒤져봐야 정신차리지,1
야 침대,0,뒤척이면 뒤질수도 있겠는데,1
보고만 있어도.... ㅎ..후훗 이..이정도야 뭐..<br><br><br><br><br><br><br><br><br><br><br><br><br>아..어랏 ...여기에 누가 오렌지주스 흘렸엄,0,얼마 못살겄다 너도<br>쯧쯧<br>부디 사고없길,1
야 괜찮아 ㅋㅋ 그냥 하늘일뿐이잖아 안디져 ㅋㅋ,0,진짜 좃간지네,1
영화 up 실사판인가 ㅋㅋ <br>이제 풍선이랑 집만 있음 되겠네요,0,이건 미쳤다,1
와 저걸 창륙하리ㅣ,0,ㅂㅇㄹ,1
꿈은 위대하다!!!!,0,와 강심장... 존나 무섭다 난 절대 못함 ㅋㅋ,1
빌딩숲에서 높은빌딩에 꿍하면 ..상상만해도 ㄷㄷ하네,0,레알 잠들면 뒤질수있으니까 안대끼고<br>눈 뜨고 힘으로 버텼을수도 ㅋㅋ,1
보는 내가 더 쫄리네,0,존나 유쾌하게 사노ㅋㅋㅋㅋㅋ,1
엄청난 스릴이 느지지만 그만큼 죽을수도 있다 극과 극이다,0,알라가어딨어이새끼야,1
아 난 쫄려서 못하겠다,0,잠꼬대하면 뒤지는거ㅋ,1
난 누가 조종해주는거 타는 줄 알았는데 심지어 본인이 조종하는거라고??말도안돼 난 아마 못 버텨서 기절했을듯,0,저거 갑자기 바람 ㅈ같이 불면 위험할수도 있겠다,1
"<a href=""https://www.youtube.com/watch?v=8gRfNGjHnO0&amp;t=4m20s"">4:20</a>초에 나오는 노래 제목 뭔가요?",0,내가 타면 뒤척이다 뒤지겠누,1
"<a href=""https://www.youtube.com/watch?v=8gRfNGjHnO0&amp;t=3m03s"">3:03</a> ???:무한~~",0,고양이: 츄르 준다며 ㅅㅂ,1
"<a href=""https://www.youtube.com/watch?v=8gRfNGjHnO0&amp;t=0m45s"">0:45</a> 와 저기다 관짝밈 노래를 트네 사망플래그도 아니곸ㅋㅋㅋㅋㅋㅋ",0,잔인하지만<br>빵꾸나서 존나 당황해갖고 멘탈 갈리는거 보고 싶다.,1
애초에 잠이 든다는게 대단해요 ㄷㄷ,0,ㅅㅂ ㅋㅋㅋㅋ 안전장비도 없는거 같은데 목숨 한 5개쯤 되나,1
와중에 bgm이 모범택시에서 나온거잖아 ㅋㅋㅋㅋ,0,와 조땐단,1
한번 해보고 싶은데<br>하고싶지는 않음;;,0,미친놈,1
저거 자칫 잘못하면 목숨을 잃으면 어떻해요?,0,인생 ㅈㄴ 재밋게 사네 멋짐,1
멋지다ㄷㄷ,0,저정돈되야 관종이라 할수있지<br>방구석 여포쮠따들아 보고배워라♡♡,1
옷까지 잠옷이었으면 삼위일체,0,시계 떨어지면 ㅈ 되는거 아님?,1
엄마:아들 일어나.<br>아들:엄......마....<br>엄마:ㅋㅋㅋ그러게 엄마가 빨리 일어나라고 했짘ㅋㅋㅋㅋ,0,가위눌리면 ㄹㅇ ㅈ되네ㅋㅋㅋㅋㅋ,1
침대 날다...!,0,"<a href=""https://www.youtube.com/watch?v=Y9H1T9NUAJw&amp;t=2m36s"">2:36</a> 이건 존나빡침",1
고기 맜잇어 보인다,0,스포츠경기에 무례한 행동으로 선수들에게 피해 끼치고 손해입히고 다치게 하거나 희생케 하는 저런 방해 관중은 그냥 때려죽여야 돼. 그자리에서 밟아 죽여버려야 됨 존나 때려 죽여버려야 다신 저런짓 안 하지,1
와.....대박...저걸...,0,마지막에 개샛기는 된장마렵네,1
고인물이다 한두번한게 아니네 보니까 ㅋㅋ,0,&quot;병신 보존의 법칙&quot;,1
인형 고양인주 알았네,0,조온나 혈압오른다,1
아들:엄마 어딨어<br>엄마:너 하늘에 날고 있어<br>아들:엄마 이불떨어졌는데 어케해<br>엄마:TV 떨어트리면 너는 내아들 아니야<br>아들:누구세요?~,0,아니 ㅅㅂ 지들이 당해봐야지 왜 무개념으로 왜 하는거야? 내가 당하면 쳐 죽일꺼 같은데 근데 할아버지 할머니 간판 든새끼는 ㅁㅊ놈이지 얼마나 힘들겠어 쉬지 않고 가는데 얼마나 억울하겠어 화나겠네,1
자다가 이불차면 영원히 저 이불이랑 안녕인건가,0,진짜 서구권도 ㅂㅅ 많다니까..,1
UP이 실제로 가능했을 줄이야..,0,다죽이고싶네..,1
떨어지는 꿈 꾸면 진짜 무섭겠다🥺,0,가시박힌 너클이나 장갑끼고 달리면 안되냐 <br>튀어나온 새끼 있음 치게,1
&quot;ㅇ...오토바이가 하늘을 날아요..!&quot;,0,"캐리비안의 해적 명대사가 생각나네요.<br>&quot;세상은 넓고, 병신은 많다.&quot;",1
잠버릇 나쁘면 ㅎㄷㄷ,0,선수마다 삼단봉 혹은 작은 나이프 하나씩 쥐어주고 저렇게 민폐 끼치는 진상이 있으면 즉결처분권까지 줘야 함 <br>만약에 충돌해서 넘어졌다? 바로 배에다 칼 한번 찌를 수 있게 해야 함,1
이거 마지막에 나온 노래 제목이 뭐였죠?,0,그래도 개한민국처럼 가해자 모자이크 안해서 좋네. 시발 느그이니 범죄자인권위,1
와 심지어 착륙도 스무스,0,인간성 드러운 서양 문화  대단한 드러운 인간성이네,1
와 진짜 없는 고소공포증도 생기겠다,0,그냥 자전거나 마라톤 선수들한테 한정해서 권총을 지급해야함 그걸로 길막하거나 씹민폐년놈들 쏴버리게 ㅋㅋ,1
저 분이니까 가능한거....,0,무슨 할머니 할아버지 힘내라고??  티비보냐??  어르신들 안보지 멍청이새끠,1
재밌겠다,0,저런새끼들은 어케해야 정신차리지?,1
와~ 완..전   멋있다...,0,하여간 전세계적으로 관종새끼들은 어딜가나 문제구나 어휴 ㅋㅋ,1
영화같다 대박인데,0,포르쉬에 박은 선수는 죽었겠는데..?<br>근데 ㅂㅅ인가 내리막 코너인데 왜 속도를 안줄여,1
왜 보는 동안 땀이  ㅋㅋ,0,주최측이  병신들이지,1
20년전: 미래에는 자동차가 하늘을 날겠지?<br>현재: 하늘을 나는 침대,0,저거 부딪히자마자 ㅈㄴ튐 씹ㅋㅋㅋㅋ,1
캬~~~ 대단하다. 진짜!!!!!!!,0,참 세상은 좁고 병신들은 많다,1
진짜 영화 up 보는거같네ㅋㅋㅋㅋ<br>저러다가 집까지 띄우겠네,0,미친것!!!  이  말밖에는 할 말이 없넹,1
ㅋㅋㅋㅋ,0,"<a href=""https://www.youtube.com/watch?v=Y9H1T9NUAJw&amp;t=1m08s"">1:08</a> 저 개색히 그대로 식물인간 됬으면",1
개인의 취향이라 뭐라 하긴그렇지만!!!,0,젊은 나이의 에미나이들,1
와 기네스북  저리가라네,0,처음 보고 한 말이 미친 쉑이네,1
저게 진짜 남자지...부럽다..,0,와 저랬는데 넘어졌을때 선수가 아말없이 퇴장하는건 아니겠지? 나같음  아 씨발세끼야 니때문에 넘어졌다고 ㅈㄹ 발광할거같은데,1
와.....(?),0,저걸 째넼ㅋㅋㅋㅋ 미친넘,1
저게 그 에어매트 라는 것 인가?,0,이런짓을 왜하는지 우리한테 왜물어보냐 제목 어그로밖에 없네 조회수에 눈돌아갔구나,1
신박한 가구 이사 방법,0,저 수백명 자전거+ 선수 치료비 전부 얼마냐..... ㄷㄷ ㅈ됫네,1
자고 일어났는데 하늘인거 까먹고 집인줄알고 뒤척이다가 떨어지면...?,0,"<a href=""https://www.youtube.com/watch?v=Y9H1T9NUAJw&amp;t=2m20s"">2:20</a> 저건 진짜 씹새끼다;;",1
헬리콥터 같은거이 메달렸나 했더니 아니었어?,0,씨이발 저런새끼들은 보기만해도 분노가 차오른다 나만 이러는거 아니지?,1
꿈 속에서 가능한걸 실제로 하는 그는 대체 ...,0,포즈 쳐 잡는거봐라 눈깔에 지건 ㅈㄴ마렵네 ㅋㅋㅋㅋㅋㅋ,1
와....,0,곱게 보고 꺼져,1
어릴때 꿈이였던 하늘을 나는 침대라...,0,인실좆,1
아 무서워도 한번은 타보고 싶다....,0,넘어지면서 저 관중놈 걍 처벼렸으면 됬는데 ㄲㅂ,1
어우 무서워용 ㅠㅠㅠヾ(｡｡*)ﾉヾ(*ﾟｰﾟ*)ﾉヾ(｡｡*)ﾉヾ(*ﾟｰﾟ*)ﾉ,0,ㅁㅊ놈인가 대체 저런짓을 왜하는건지 모르겠다 ㄹㅇ ㅋㅋ,1
잠버릇 심한 사람은 자기가 떨어지겠네,0,존나 패고싶다. 그냥 잡아놓고 존나 패고싶다.,1
나라면 잠버릇때문에 버둥거리다가 떨어질듯?,0,아 진짜 패드립 존나 박고 싶네,1
아니 저분이 떨어지는것도 떨어지는건데 저 인형 떨어질까봐 너무ㅠㅜ 걱정됐음 빠지믄 어떡해,0,이야 진짜 존나 빡치네,1
침대랑 소파를 산까지 가져간것도 대단하네,0,2분 49초 저 ㅄ 운전자는 머고,1
아 저건 나도 하지ㅋㅋ 잘 바봐요 잘 되고있,0,병신 보존법칙<br>병신하나가 나가거나 디지면 다시 새로운 병신이온다,1
외국인들 겁도 없다 ㅎㄷㄷ,0,저 병신 벌금 200물고끝났어요ㅜㅋㅋ,1
아 나도 1번은 해보고싶다.,0,&quot;세상은 넓고 병신은 많다&quot;,1
낭만이다,0,"<a href=""https://www.youtube.com/watch?v=Y9H1T9NUAJw&amp;t=02m11s"">02:11</a> 존나 쌤통이다 아구창 다 부셔져라",1
나... 고소공포증이 있다고-,0,관종짓하려고 팻말들고 도로에 나왔다가 부딪히고 상황보니까 ㅈㄴ심각하게 일이 커졌는데 딱 감이 오지 ㅈ됬다. 도망쳐야지. 잡히면 엄청난 배상금 물어야될걸.,1
본격 이불 안도 위험해,0,팻말들고있는놈 표정부터 역겨운데 ㅋㅅ,1
와..,0,미친년인지 놈인지 암튼 개념ㅈ같이없다 선수들은 그동안 힘들게 준비했을텐데...,1
썸네일 보고<br>일본 예능이 떠올랐다ㅋㅋㅋㅋㅋ<br>공중으로 날아오르는 침대 몰카,0,저사람들은 무슨생각으로 진로방해해서 사고나게만들어 ㅅㅂ 저런것들 처벌받게해야됨,1
제 2의 라이트 형제가 강림했다.,0,역시 그 성별,1
처음에는 애국심으로 시작한 것이기도 하니... 알라도 그를 기특히 여겨 특별히 지켜주는듯,0,일부러 핸들 건들인 노인네  사람새끼냐 나이처먹은 악마새끼냐  차문쳐연개기는 살인미수다,1
역시 침대는 과학이죠,0,머리에 지식이 없는건지 ... 아니면 그냥 미친 관종ㅅㄲ인 건지....,1
고양이인형이 진짜 고양이인줄,0,마지막에 개충들은 사람이 개쳤다고 난리치겠네ㅋㅋㅋㅋ,1
잠꼬대할까봐 내가더 쫄리네,0,마지막 강아지는 이해한다.근데 뇌로 생각할 수 있는 새끼들이 저 ㅈㄹ하는건 뭐지,1
역시 드론의 나라 ㄷ,0,저건 한국식으로 거리를 존나 띄어야 한다.  인간은 개돼지다 라는걸 전제로 코스를 만들어야됨.  일단 내 말의 뒷바침하는 근 거는 바로 이영상 ㅅㄱ,1
저런 카페창업하고싶다.,0,내가 이상한건가?  저런 무개념놈들 왜 총으로 갈기고싶지,1
썸네일 때매 안 누를 수가 없었다..,0,대회 레전드가 약빨고 우승한 앂쓸렉기 대회인데 무슨 위대한 레이스??ㅋㅋㅋㅋㅋㅋㅋㅋㅋㅋㅋㅋㅋㅋㅋㅋㅋㅋㅋㅋㅋㅋㅋㅋㅋ,1
"&#39;&#39; 흔들리지 않는 편안함, 에이스 침대 &#39;&#39;",0,그냥 뭐 상관없고 진짜 말그대로 그냥 지ㄹ 하는거구나.. ㄹㅇ 개지리네,1
바람에 안 날려가나.. 진짜 위험하고 무서울 거 같은데 신기하네요;;;,0,뚝배기마렵네,1
진짜 대박...한번 해보고 싶다(근데 무섭다 근데 시원할 거 같다 진짜 새로운 경험이겠다),0,서양 똘아이들이 찐또라이가 더 많은 듯.. 행동의 동기 이해 자체가 안된다,1
강아지 귀엽다,0,그냥 쫌 짜져서 조용히 보세요;;,1
개를 욕할게 아니라 관리한 사람을 욕하는게 상식 아닌가?,0,뭔 저런 미친놈이 다 있냐 정신나이가 초딩?,1
아이고  참ᆢ<br>이기적인 사람들이네요 ᆢ,0,웃고있는 표정 개띠껍네,1
엄청 위험햔 스포츠구나,0,진짜 존나 패버리고 싶다,1
근데 할머니 할아버지 하는거보면 착한마음에 한거같은데 좀 안타깝네...,0,"<a href=""https://www.youtube.com/watch?v=Y9H1T9NUAJw&amp;t=3m03s"">3:03</a> 보신탕 드가자 ㅋㅋ",1
선수들의 피나는 노력을 생각없는 사람들이 한순간에 물거품으로 만드네...,0,진짜 하는짓들이 개같네,1
저 노란 머리 여성은 발생 4일후 체포했다고 하네요..,0,개념이 없으면 죽어야한다,1
근데 솔직히 뚜르 드 프랑스 보면 관중통제 너무 못함 주최측 잘못도 있다고 봄,0,개빼곤 다때려죽이고싶네ㅋㅋ 관종들,1
좀불쌍함,0,총갈기고싶네,1
펜스 나 벽 세워서 못하게 막아야 될 듯,0,뒤에 관중들 저 미친년 안붙잡고 뭐했냐,1
강아지 불쌍  너무 아프겠다,0,마지막은 진짜 개새끼네,1
리트리버졸귀,0,댕댕이는 동물이니까 이해해도 좆간들은 뭐냐? 머리에 뭘 달고 다니는거야?,1
개는 죄가 없다,0,"<a href=""https://www.youtube.com/watch?v=Y9H1T9NUAJw&amp;t=2m50s"">2:50</a> 와;;; 다른건 다 그냥 봤는데 이건 최소 반병신됐는데;;;??",1
이렇게나 위험한데,0,미 췸 뇸  이그  좃텐다,1
진짜 화밖에 안나네<br>이거하나 보고 준비한 선수들도 있을텐데..,0,자전거 탈때 넘어지면 얼마나 아픈데 자전거 대가리 찍어버릴라,1
"자전거가  내스쿠터보다 빠르네,,,",0,끝에 개망신~~,1
마지막 멍멍이 귀욥네 😡,0,저자는 중국인의 자손이에요.<br>우린 그래서 욕을하기로 했어요.<br>뭐라고하냐고요?<br>ㅈ같은무계념 관중이라고요.,1
마지막에 개 뭐얔 너무 귀여워,0,거의 페미니스트 수준으로 민폐네,1
와‥ 훈련 열심히 했을텐데 관중한명 때매‥,0,???:할머니 할아버지 힘내세요<br>쾅ㅡㅡ 5우 C벌 뭐여<br>ㅈ됬다 튀어!!!,1
"<a href=""https://www.youtube.com/watch?v=Y9H1T9NUAJw&amp;t=3m02s"">3:02</a> 우리 강아지랑 선수 넘 아팠겠다 ㅜㅜ<br>으휴 진짜 대회에서 저러는거 너무 화난다",0,표정 개패고싶네,1
마지막에 강아지는 넘무 귀엽고 불땅하네,0,&#39;그성별&#39; ㅋㅋ,1
강아지 어떻게..,0,정말이지 선진국이라고... 까부는 저런 나라에 답없는 무식한 또라이들 많다....,1
안 다칠수가 없겠는데...,0,"<a href=""https://www.youtube.com/watch?v=Y9H1T9NUAJw&amp;t=2m58s"">2:58</a>ㅈㄴ 천천히 나오네 이정도면 고의아님?",1
무심코 저지른 행동이 선수들의 피땀묻은 노력을 한순간에 무너뜨리네요,0,고문관색히들 이지  암적인존재,1
사이클보고 설마설마했는데 진짜 투르 드 파리에서 저렇게하다니 저거 거리가얼만데,0,관심종자,1
무슨 행사를 하던 안전이 제일 중요하다고  생각합니다  ㅎㅎ,0,할아버지 할머니 힘내세요 ㅇㅈㄹ하고 자빠졌네 니가 이러면 느그 할아버지 할머니가 힘이나겠냐ㅋㅋㅋㅋㅋ,1
헐 너무 위험하다,0,세상 각지에 ㄸ라이들 진짜 많다...,1
관중이 너무 가까운 게 문제네...거리를 두도록 만들어야 할 듯. 주변 다른 관중들도 발 헛디디거나 몇 발짝 앞으로 가면 사고나기 좋은 상황인데,0,에혀 대가리에 뭐가 처 들었는지 ㅡㅡ<br>개념 없는세리들 저런것들 못들어오게 하지 ㅡㅡ<br>선수들 저런 경기하기 위해서 얼마나 노력 했겠노<br>한순간에 물 거품 되는건데....<br>그리고 넘어지면 심하게 다치고 심하면<br>평생 불구로 살아야하는데.<br>주체측이 너무 안일하구만ㅡㅡ,1
애완동물은  이해가 가지만 <br>이건  도가 지나치네,0,"저런 새끼들을 &#39;무뇌충&#39;이라고 하지만...<br>일단, 끝까지 추적해서 잡아야죠.<br>영혼까지 싹 털어야겠고요.",1
진짜 어디서 언제 터질지 모르는 시한폭탄...,0,정작 잘못한 사람은 존나 떳떳하게 서있네,1
와...얼마나 준비하고 시합나간건데...저걸 저렇게 망치나....,0,저 댕댕이 개념없네 치여놓고 아무렇지도 않게 일어나 가던 길 가네 저런 무개념 댕댕이 때문에 좆냥이파가 욕하는거임,1
근데 저건 좀 본능적인것같기도함,0,스포츠계를 좀먹는 무식하고 천박한 기생충들이지 ㅉㅉ 잡아 감옥에 평생가둬라,1
한두번일도 아니고<br>  반복반복 같은 일 또 반복 헐......!!,0,저 상황을 내고 바로 도망간거임 ? <br>오또케 오또케 ㅇㅈㄹ하면서 발 동동 구르고 잇어야 정상아님??<br>잡아서 죤나 패고싶네 와꾸 한번 보고싶다 ㅋㅋㅋㅋ 무슨 표정으로 어떤 말을 할질 ㅋㅋㅋㅋ,1
열받아서 끝까지 못보겠다,0,유충들,1
어떻게 뭉뭉이ㅠㅠ 괜찮으려나?,0,저런짓하는새기들 면상보면 하나같이 다 씹덕후같이생기먹었음,1
"<a href=""https://www.youtube.com/watch?v=Y9H1T9NUAJw&amp;t=3m02s"">3:02</a> 이건 좀 커엽네 ㅠ",0,"저런 폭주족 빙신?들이 한강에도 ㅈㄴ 많다는것이 현실<br>자라니 40쏜다.(합법)(처벌 법률이없음)<br>킥라니 40쏜다.(불법)(속도제한 위반,PM운행방법 위반)<br>우리나라는 저 ㅆㄲ들보단 덜하지만 한강서 최대 65 쏘다가 따릉이 타던사람치어 그 사람 죽인 그 사실을 잊지않도록(따릉이 유저들 무슨죄임???)",1
처음에 넘어진 사람 큰일 나진 않으셧겟지,0,내가 저기선수라면 진짜 개패듯이 패고싶을듯 선수들은 저기에 목숨거는데 저기보는새끼들은 관종마냥 장난질이네,1
보는 내가 육두문자가 구수하게 튀나오는데 현장관계자 담당자들은 오죽할까..,0,개같은 새끼들이라면서 보고 있었는데 마지막에 진짜 개가 나오네...,1
선수분들 피하다가 더 다치시는거같아요 이제 훈련때 저런경우 정면으로 치면서 안다치는 연습도 합시다 혹시 모르니,0,유럽애들이 병신 진짜 ㅈㄴ많음,1
"오직 관심받고 싶어서 이런 건 진짜 심하다.<br>오래 훈련한 선수들이 가장 피해 입었지.<br>노력한 거 날아간 것도 모자라서, 심지어 다치고.<br>주최측에서도 대회 준비하느라 들어간 돈도 많을 거고,<br>자원봉사자분들도 정말 열심히 준비하셨을 텐데.",0,와 ㅅㅂ 죽여버리고 싶네,1
경기관리 상태가 엉망이네,0,뚜르 드 프랑스에서 저 ㅈ랄한거면 진짜 ㅋㅋㅋㅋㅋ 주최측에 고소당하는거 + 신상털려서 매장당할각인데,1
보기만해도 화가 너무 난다...강력하게 처발해야한다,0,진짜 개병신이긴해 떡하니 달려오는게 몇명인데 계속 쳐들고잇냐 ㅋㅋ,1
자칫죽을수도 진짜위험하네요,0,차에 박아서 안뒤진거같은데 코너 절대 못꺽었겠구만,1
대회는 세계적인데 안전은 최악이네,0,도로로 나오면 공봉으로 대가리깨버리면 쫄아서못나올텐데,1
꼭 잡아내서 합당한 처벌을 받길 바랍니다. 심장이 터져나가도록 허벅지가 불타도록 열심히 훈련했을 선수들이 너무 안타깝네요,0,굳이 시참 하겠다고 ㅈㄹ하는 잼민이 같....,1
경찰 사이다네 ㅋ,0,개념도개념이고 씨발 저 좁은도로에 먼 공간도없이 대회주체하는거도 문제다ㅡㅡ,1
어우 너무 열받는다,0,그냥 치어 죽지 아깝다,1
"선수들은 다 클릿 신었을텐데, 저렇게 넘어지면 다리가 크게 다치지않을까 염려스럽습니다 ㅠㅠ<br><br>몰상식한 사람들이 너무 많네요..ㅠ",0,마지막은 ㄹㅇ 개관종이네,1
"<a href=""https://www.youtube.com/watch?v=Y9H1T9NUAJw&amp;t=2m18s"">2:18</a> 이건 완전 고의네..너무 심하다",0,ㄴㄴ 개는 보신탕끓이던가 안락사 시캬야지,1
잘못된 행동이닷,0,저런 놈 들은 뒤지게 처 맞아야 한다.<br>지가 뭘 잘못 했는지 스스로 알 때 까지 .,1
무사히 돌아오길 바랐던 김 군이 실종 7일 째인 오늘(28) 숨진 채 발견됐다는 안타까운 소식이 전해졌습니다. 삼가 고인의 명복을 빕니다.,0,빠따로 온몸을 골절시켜야한다 .,1
@파루 감사합니다 ㅠㅠ,0,사람은 구속하고 배상때리고 <br>개는 가마솥으로~,1
돌아오길 기다렸는데...ㅠㅠ,0,"<a href=""https://www.youtube.com/watch?v=Y9H1T9NUAJw&amp;t=1m09s"">1:09</a> 뭘 쳐 웃어 잡아다가 뺨 존나 후려치고 싶네",1
"공부가 힘들면 공부를 안하면 되는데. 공부가 생명보다 우선은 아닐지언데.. 왜 그런 선택을 했니. 분명 살다보면 공부만이 길이 아닐텐데 대한민국 고3으로써의 압박이 너무 심했나보다.<br>이왕 갈꺼면 문제집말고 좋은 음식, 맛있는 음식이라도 먹고 가지..<br>얼마나 고민하고 갈등했을지 눈에 훤해서 더 슬프다.<br>하늘에 가선 부담없이 편히 쉬기를.",0,와 저 선수들은 인생걸고 임하는 경기에 저지랄 앰병하면 진짜 죽여버리고 싶겠다...,1
삼가 고인의 명복을 빕니다...,0,개념 ㅈㄴ없네,1
"너무 마음이 아프다.. 자살인지 타살인지는 알 수 없지만.. 그곳에서는 휘성군이 꼭, 반드시 행복하기를…",0,무식한새키들아 니들이다치는건ㅈ도신경안써  니들이 한짓들때문에 무고한선수들이 다치거나 사망한다고,1
나랑 같은 나이라서 더 눈이가는 일이네...,0,결승선 앞에서 쳐 막고 미는 새끼들 진짜 씨1발새끼라는 말 밖에 안나오네,1
죽기전 문제집 사는맘이 어땠을지 알것같아요.<br>삶과죽음의 갈림길...<br>부모님 너무 죄책감 갖지 마세요.<br>그냥 그렇게 될일이었던거예요.<br>복합적인 이유가 있었을꺼예요.<br>본인만이 감당해야하는...<br>아무도 대신해줄수 없는 괴로움이 있었을꺼예요.,0,"<a href=""https://www.youtube.com/watch?v=Y9H1T9NUAJw&amp;t=0m15s"">0:15</a> 이건 ㄹㅇ 다시봐도 ㄱ 지린다 ㅎㅎㅋㅋㅋ ㅈㄴ 웃기네 미친놈 한명땜에 뭔 꼴이람",1
나는 찾을 수 있을 거라고 믿었는데....휘성님께서 숨진채 발견되셨다고 합니다... 고인의 명복일 빕니다<br>무슨 일이 있었는지는 모르겠지만 휘성님께서 하늘에서 행복하게 지내셨으면 좋겠네요,0,ㄱㅅㄲ들 왜이렇게 많냐 했는데..<br>마지막은 진짜 ㄱㅅㄲ엿네ㅋㅋㅋ,1
자식이자살할정도인데평소그걸감지못하고실종신고만을했다는것이.얼마나 자살자를 주변사람이무심하게대하는지알수있다,0,민폐것들과 민폐나라까지.!ㅅㅂ,1
같은 고3으로써.. 남일같지만 않은..,0,우리나라 자라니들 저기가서 다 저렇게 당해야하는데,1
안타깝네요..고인의 명복을 빕니다.죽기전에 서점을 들렀다는게 왠지ㅡㅡ가족분들도 자책하지않으셨으면합니다,0,어이구..할머니가 아주 좋아서 힘이 펄펄나것다..ㅅㅂ놈ㅋㅋㅋㅋ<br>집가서 틀니로 ㅈ나처맞았을꺼다.,1
또래의 자식을 둔 엄마로써~눈물이 하염없이 흐르네요 - <br>한참 진로고민 많을 고3- <br>수시 마지막 기말을 <br> 앞두고 수많은 갈등과 고민을 했을 휘성이.....<br>부디 근심.걱정없고 편안한곳에서 지내길....,0,세상에 정상적인 사람은 많고 미친놈들은 존나 많다,1
삼가 고인의 명복을 빕니다,0,우리나라 노인네들,1
돌아오길바랬는데...ㅠㅠㅠ 같이 수능쳤으면 좋겠다고 그렇게 생각했는데... 그곳에서는 부디 편하게 공부걱정없이 하고싶은거 다하고 살아ㅠㅠ,0,마지막 강아지 뭐여 씨벌,1
삼가고인의 명복을 빕니다... 🙏,0,@시진핑꼬봉_문꼴통 제정신 아닌 인간이 여기도 있네.  미친 거지.  미친 거야.  병원 가보세요.,1
요즘학생들 너무 힘들꺼같아요.공부가뭔지 정해진 그기로 가야하는 인생들 가여워요.부디 부디 조은생각하길,0,@시진핑꼬봉_문꼴통 병신 인증하나요?,1
분당 사람이라서 정말 속상하고 오빠가 휘성님 나이 또래여서 더 와닿았었는데 정말 가슴이 저리는거 같ㅇ아요 . . . . . 꼭 행복하시고 스트레스 없이 편하게 사세요 🙇‍♀️🙇‍♀️ . . ! !,0,@시진핑꼬봉_문꼴통 내가 왜 문재인을 좋아함? 솔직히 이런 영상에 난데없이 문재인 운운하는건 미친놈인가,1
막상 수능치고 대학 다녀보니 대학과 수능이 인생에 지대한 영향을 미치는 건 아닌데… 나도 너처럼 고삼때 많이 힘들었고 위험한 생각 많이 했었어. 그래도 그 시간만 지나니까 다시 미래를 꿈꾸고 내 자신을 챙기게 되더라. 조금만 더 버텼다면 어땠을까 싶네.. 갈때 혼자 얼마나 견디고 앓았을까… 다음 생에는 편안하게 살았으면.. 삼가고인의 명복을 빕니다.,0,강아지 정도 되야 치인게 불쌍하지 너희 같은 ㅅㄴ들은 지옥에나 가라,1
제발  무사히  있어주길  ᆢ,0,ㅋㅋ 개돼지들 특징,1
언릉 빨리 돌아와줘요,0,무지성 ㄹㅇ 개패고싶네,1
헐.. 어디계실까요? 그냥 바람 쐬고 다시 집에 오셨으면 좋겠네요.,0,너네 부모님도 너 쪽팔려서 평생 숨길듯,1
"분당은 내가 안 살아서 모르겠지만 어쨌든 빨리 집으로 무사히 돌아오셨음 한다,,, 내가 다 심장 졸이고 무서움,,, 제발 무사하세요",0,팻말 들고있던 미친새끼 패죽이고싶다 ㅋㅋㅋ,1
제발 무사히 가족 품에 돌아가길..,0,시박꺼 이시국에 저런경기를 개최하네,1
무사히 돌아오세요ㅠㅠ..,0,진짜  때려죽이고 싶다,1
간절히 기도합니다..,0,ㅂㅅ국을 만들어서 ㅂㅅ짓거리하면 통제하에 교도소처럼은 아니여도 기관에서 관리하에 거기로 보냈으면 좋겠다. ㅂㅅ벌점제도로 그 점수가 거즘 차면 그쪽으로 다보내버려서 클린한 사람들만 남았으면.. 전세계의 ㅂㅅ지옥이 되겠지.,1
하루빨리 안전한 귀가되길 바랍니다 가출은 아닌것 같은데 이런상황이 일어난다는게 말이안대지 않나요? 걱정되네요 ㅠ,0,대회중에 저지랄하면 그냥 죽이면 안됌?,1
부모님속 뒤집어진다. 어서 안전히 돌아오렴,0,어딜가도 저런 개 돌 대가리 들 있어,1
나쁜일 안생기고 돌아오기를…,0,고소 안 하면 나는 아파트 옥상에서 뛰어내린다. 짜증 ㅈㄴ 나네,1
제발 돌아오세요.. 휘성군 단순 바람쐬고 돌아오길빕니다....,0,이거 살인미수 아니냐? 미친새끼네,1
가족의 품으로 돌아오길...,0,세상 병쉰들 참 많네. 고소당해서 징역 5년이상 살아라.,1
휘성군~~~아무쪼록 아무일없이 무사히 돌아오길 바래요~~~제발,0,하여튼‥<br>유럽보안 꼬라지하곤ㅡㅡ;;;,1
제발돌아와유..ㅜㅜ,0,ㄹㅇ 내가 자전거 선수였으면 자전거들어서 대가리 찍었을건데,1
아무일 없이  가족품으로 돌아오리라 믿습니다. 꼭돌아올거예요 무척안탑갑습니다 !!,0,나같으면 칼로 찔르다 손목발목힘줄 잘라버릴거야 그자리에서,1
무사하셨으면 좋겠네요...,0,길가에 자전거 킥보드 세워놓는 씹놈들도 똑같다,1
휘성군<br>고3이라<br>힘들지<br>며칠<br>머리좀시키고<br>집에들어가셔요,0,"<a href=""https://www.youtube.com/watch?v=Y9H1T9NUAJw&amp;t=3m10s"">3:10</a> 가마솥에 누렁이",1
무사히 돌아올 수 있도록 기도하겠습니다..🙏🏻,0,@그린티 그래도 저건 자전거가 코너에서 감속 안하고 ㅈㄴ빨리 밟아서 자전거부주의 맞는거 같은데?,1
제발 무사히  집으로  돌아오시길...,0,클릿을 얼굴에다 끼우고 싶네 ㅅㅂ,1
제발 살아만 있어주라... 제발... 무사히 가족의 품으로 돌아가길...,0,이세상의 법칙 병신이너무많다 근대 병신들이너무 잘산다 결론 어이가없다,1
아무일 없이 귀가 했음 좋겠어요,0,ㅇㅇ자라니 뜨끔 해서 발짝 하시네,1
애타게 기다리고 있는 가족 품으로 돌아오기를 ~ㅠ,0,자린이 발짝하네  물론 동영상 잘못된거지만 갑짜기 튀어 나오는 자린이들 죽여버리고 싶던데,1
삼가 고인의 명복을 빕니다,0,세상엔 참 병신들이 많구나,1
무사히 돌아오길 간절히 기원합니다^^,0,페미 쿵쾅이들 왜 조용하냐.,1
조심히 아무일 없이 돌아와주세요,0,저런건 처벌 안 하냐?<br>진짜 개노답 관중ㅉ,1
어디갔냐... 아무일 없이 돌아왔으면 좋겠다..,0,마지막에 개깔리는거 불쌍하면서 ㅈㄴ 웃기넼ㅋㅋㅋ,1
"휴대폰 이라도 가지고 가지 ~<br>공부고 뭐고 무사히만 돌아아길 바랍니다,",0,오 국뽕러들 자멸한줄 알았는데 살아있었노?,1
걱정되네요ㅜㅜ<br>남에 귀한자식을..<br>Cctv로 계속 추적해서 꼭 찾길 바랍니다,0,@민현태 보신탕 마렵네,1
"제발 무사하기만을 바랍니다. 부모님 마음은 어떠실까  너무 가슴이 아프네요,",0,또라이 총량의법칙: 어딜가나 일정량의 또라이는 존재한다,1
"제발 가출이었으면 좋겠네요....제발<br> 입시공부에 지쳐..잠시 휴식을 취하러 갔다고 믿겠습니다...<br>다 괜찮으니, 다 이해해줄테니 꼭 사랑하는 가족들 품으로 돌아오셨으면 좋겠습니다...",0,ㅂㅅ들 왜얘 많아,1
제발 무사히 가족품으로 돌아가길 바랍니다ㅜㅜ...제발 아드님에게 아무런 문제가 없길ㅜㅜ,0,마지막은 보신탕 or 안락사,1
화이팅!!!!,0,노란색 그냥 모가지 꺾어버리고 싶네,1
님 파이팅!,0,ㅇㅈ 진짜 답답했어요<br>개관리 제대로 하지 저러놓고는 지 개다치면 ㅈㄴ 급발진쳐함,1
차도많고 번화가 인데 씨씨티비 돌려서 차량주인들 협조해서 블박이라도 뒤져서 추적좀 해봐요...,0,왜 저지랄을 하까?,1
무탈하게 꼭 돌아오길 부모의 마음으로 기도 드리고 또 같은분당 지역 주민 으로 아이얼굴 기억해놓고 오며 가며 도움이 될수 있길 바래요~,0,빡대가리들는 쥭여야함,1
제발 웃으며 돌아오길..,0,정신병자,1
혹시라도 단순 가출을 햇는데 언론에서 너무 크게 확장을 하다보면 어린마음에 내가 그냥 이대로 들어가도 괜찮은가? 라는 오해를 할 수도 잇다고 생각합니다<br>모든 추측들을 삼가하고 휘성군이 무사히 돌아오길 어른으로써 기다려봅니다,0,저년 프랑스에서 수배?? 잡고 있다고 하던데...<br>자전거가 보통 1500만원 이상에 100배이상 파손.... 인실좆 제대로 보여줘야 함!!!!!!!!!!!!!!!!!!!!!!!!!!!!!!!!!!!!!!!!!!!!!!<br>같은??? 은 아니고.. 동호인 수준의 취미를 갖고 있는 저에겐 너무나도 화가 나는 소식이었습니다.<br>생방송으로 보다가 맨붕....,1
그 문제집 다 풀 때까지 잠시 연락 두절이었던거면 좋겠네요. 하루 한권씩 풀었다 치고 오늘 짠 하고 나타나주면 형이 돈까스 사줄게...,0,어딜가나 병ㅅ들은 존재한다ㅋㅋ,1
꼭 돌아 오길 바래요<br>아무일 없을거에요<br>부모님은 얼마나 애가 타실까 그치만 희망을 가지세오,0,도로차지하고 무개념행동하는 자라니들이나 핸들털어주지 선수들한테 왜 ㅈㄹ이누,1
고3이라 잠시 머리 식힐겸 어디 찜질방 같은 곳에서 푹 쉬고 진짜 아무 일 없이 무사 귀가 하길 모든 국민들이 바랄 겁니다.. 부디 별 일 없길  기도 합니다..,0,인실ㅈ이 뭔지 똑똑히 보여줬으면 좋겠네요,1
에고 빨리 찾길바랍니다..,0,팻말 든 년 꼭 찾아내서 억대로 죗값 치뤘으면 좋겠다,1
만약 길가다가 얼굴이라도 비슷해보인다면 바로 경찰에 연락할게요... 제발 무사했으면 좋겠고 또한 다른 학생들도 당할까봐 두렵네요,0,자라니쉑ㅋㅋㅋㅋㅋ,1
,,패미스럽다,1
,,꼭 저렇게 애미 없는 것들이 있다 그죠,1
,,스프녀네,1
,,와 ㅅㅂ 지전거 값이 몇천은 할텐테 저새끼 ㅈ됐네 ㅋㅋㅋ,1
,,인간의 존엄성 인권 그딴거 다 떠나 저런쉑들 그냥 데스노트에 박아서 그자리에서 즉사시키고 싶다...,1
,,저러면서 우리나라 국민성을 지적질하고 ㅋㅋㅋ 어이 없네 달팽이나 처먹어,1
,,여자가 여자했네,1
,,몽타주가 전부 꼰대들인데?!,1
,,일본 빼야지 일본을 왜낌 ㅋㅋ 친일파들인가? 그러면 독도도 일본땅이라 짖거리셈 그냥,1
,,요즘 뚜르드 즐겨보는데 개패고 싶네요ㅎㅎ,1
,,개짓거리 하는게 문쩝쩝이 같네,1
,,또 여자야ㅋㅋㅋ 역시 큰일은 여자가^^,1
,,@윤인준 차라리 어디사는 누구인지 얼굴까지 까지 절!대 고소 안되노ㅋㅋ 죽을똥 살똥 고소해봐라,1
,,저런것들은 뒤지게 패도 무죄 아님?,1
,,쳐 죽여야됨,1
,,미쳤나,1
,,패죽이고싶다,1
,,죽여버리고싶다~,1
,,개미 새끼들 ㅋㅋㅋㅋㅋㅋㅋㅋㅋㅋㅋㅋㅋㅋㅋ,1
,,저런 병신들은  본보기로 사형시켜야 정신차릴듯,1
,,저거 고의는 아닌게 쳐찍다가 병신같은 눈으로 뒤늦게 보고 피하려했는데 이미 저 눈병신을 보고있던 자전거타는사람은 계속가도 안피해서 옆으로틀었더니 눈병신도 뒤늦게보고 피하다가 어? 하고 자전거 막아버린거...개 병신인거임 왜 경로방해하는건지;; 학교서도 지나가다가 친구끼리 비켜주려다가 가끔 서로 생각같아서 연속으로 좌우로 같이움직이는데 은근 쪽팔리는 실수있는데 그런느낌인듯;;,1
,,가정에 &#39;병신&#39; 하나 태어나면 가정이 쑥대밭되는거와 똑같은 이치. <br>행복했던 부부의 장미빛 미래는 &#39;병신새끼&#39; 하나 태어남과 동시에 모든 계획이 싸그리 무너진다.<br>국가와 사회에도 저런 장애아 하나 생기면 많은 돈과 노력을 쓸데없이 허비해야되는 경우가 많다.,1
,,나 같으면 그 자리에서 존나 개빡쳐서 존나 소리지르면서 그새끼 조졋음,1
,,ㅅㅂ 열받네,1
,,개패고 싶다 ㄹㅇ,1
,,팻말 처 들고 있는 자세부터 재수없네,1
,,ㅋㅋㅋㅋ이 나라에도 ㅇ         ㅐ ㅁ           ㅣ ㄷ     ㅣ진사람 많구나 우리나라에만 있을줄알았는데,1
,,저런애들은 맥그리거가 그냥 패서 떡으로 만들어야함,1
,,개1새끼 때매 빵터졋네 ㅋㅋㅋㅋㅋㅋㅋㅋㅋㅋㅋㅋㅋㅋㅋㅋㅋㅋㅋ,1
,,내가 저 관중때문에 넘어지면 뺨 ㅈㄴ때린다,1
,,@Life Sound 쟤 남자야 이 쥐ㅈ만한 게이야...눈 수술해라,1
,,@Universe 1 ㅅㅂ 친일파 이지랄,1
,,프랑스 참 노개념 민족이네. 잡아서 바로 구속시키고 고소해라.,1
,,@인디kr-india ㅗ,1
,,남자 망신좀 하지 말자 ㅋㅋㅋㅋ,1
,,쿵쾅이들 또 몰려온다,1
,,그성별,1
,,@김동연 이걸국뽕충드립치네<br>ㄹㅇ 한국에 중국인많다는거 체감되노ㄷㄷ<br>대한민국만세외쳐도 국뽕이라 ㅈㄹ할 쨩꺠들임,1
,,@유동 김 안만봐도 자기소개 같은데 ㅋㅋㅋㅋㅋㅋㅋㅋ<br><br>아! 말 대꾸는 못하고 분에 못이겨 욕이나 하는걸 보니 그건 아닌가? ㅋㅋㅋㅋㅋㅋㅋㅋㅋㅋ,1
,,@Drum 진짜 찐따특징 : 구구절절쓰고 지가논리적인줄암 걍 병신인가 하고 무시하면되는데 끝까지말대꾸함 ~,1
,,@유동 김 저정도 길이의 글도 못 읽는듯 하다... 이게 바로 난독이구나.<br>세상이 바뀌는건데 그거에 적응 못하고 도로의 자전거가 짜증난다는 꼰데기질이 보인다. 연세가 많으신듯 하다...<br>본인 나이가 어리다고 착각한다 17세교인가? 아~ 이게 뭔지도 모르겠구나. ㅋㅋㅋㅋㅋㅋㅋㅋㅋㅋㅋㅋㅋㅋㅋㅋㅋㅋ,1
,,@Drum 길게쓰셨는데 언젠간 읽어볼게요 나이어린친구한테 조롱이나당하고 제가꼬리내려드릴게요 근데 진짜 틀딱들 이기려드는거 역겹긴하다..,1
,,치이면 뒤지기때문에ㅋㅋㅋ,1
,,마지막 개새끼 맺집보소ㅋㅋㅋ 복날 개패듯 패야할듯,1
,,@Till_ Eulenspiegel  마지막으로 대 약물 시대를 격은 미국 메이저리그가 00년대초 까지의 약물 때문에 최고의 명성이 있는 리그 이 소리를 못듣냐 병신아~ 그리고 런던올림픽에서 엄청나게 많은 선수가 약물에 걸린 역도에서 그거 가지고 올림픽 역도 부분이 최고의 명성을 가진 경기가 아니다 라고 할수 있냐?,1
,,@Till_ Eulenspiegel 해마다 우승 그래 랜스암스트롱 이후 크리스 프룸이 최고의 선수였지 4번 우승했으니까 그런데 당연히 약물 의혹이 있었고 그래서 이것저것 검사 다하고 자전거 검사 다하고 다했다. 그래서 나온 결론이 인간이 낼수 있는 최고 수준의 파워를 내는 선수다. 이거였지. 아직도 뛰고 있다 이스라엘 스타트업 네이션 이라는 팀에서 궁굼하면 찾아봐라 빙아,1
,,@Till_ Eulenspiegel ㅋㅋㅋㅋㅋㅋ 약물을 꺼내면 90~00초 미국 메이저 리그도 대 약물 시대였는데 지금 미국 메이저리그를 쓰레기라고 부름? 약쟁이 암스트롱도 활동을 00년대 중반까지 했지 10년대 와서는 약물도 없고 있어도 욕 개처먹고 매장당함  ㅋㅋ 약물로 흠을 내려면 못내는 스포츠가 없지 역도 단거리 등등 병신아 ㅋㅋ,1
,,"@재드래곤 <br>챔피언스리그같은 소리하고 잇네 <br><br>약빨아서 해마다 우승먹은 대회 따위가 무슨 챔피언스리그이고, 무슨 최고의 명성이냨ㅋㅋㅋㅋㅋ<br>약빨로 해마다 우승먹고 걸러내지도 못하는 허접한 도핑테스트 수준이 무슨 최고의 명성???<br>너같은 사대주의자한테나 최고의 명성이겟지",1
,,@빈츠 그걸 선민의식이라고함 ㅋㅋ 나치독일신봉자랑 너랑 다를게뭐냐 ㅇㅇ 원래 애매한것들이 남 평가한다고함 그말이 딱맞네 ㅋㅋ,1
,,@AN X 말 저급하게 하는거보니 어떤부모한테서 자랐는지 잘 알겠네 ㅋㅋ 이래서 안됨 저급한것들은,1
,,@빈츠 다른게 아니라 뭐가 잘못된건지 말해달라는데 끝까지 말은 안하고 열불내는 사람이 역겹다며 ㅂㅅ라며 지가 피싸고있네 ㅋㅋㅋㅋㅋ 난 이기적인 주장한적도 없고 말안통하게 니처럼 배배꼬아서 말한적도 없다  사실만 말했는데 화나면 너가 잘못된게 아닌지 돌아보길바람 어릴때 힘들게 커서 사람이 싸가지가 없는건 알겠다만은 정도는 지키자 ㅇㅇ,1
,,@유누 개를 먹지 니네엄마를 먹을순 없잖아 ㅋ,1
,,바로 보신탕 끓여야지,1
,,@Stella Avenir ㄴㄴ 말랑 부모 돌아가시면 “삼각고인돌에면봉을비빔면”이라고 하라고 하세요..,1
,,삼고빔~~,1
,,"이 사건이 자살이라면, 자살이 아니더라도 우리 사회는 진짜 반성하고 제도 좀 고쳐야함 이런 사건이 한두번 있는것도 아니고 십년넘게 청소년 자살이 꾸준히 일어나는데도 이딴 교육제도랑 사회구조는 변한거 하나 없잖아ㅋㅋㅋㅋ 지금 고1인데 오늘 영어시험 예상보다 너무 망쳐서 진짜 자살충동든다 답 대충 맞춰봤는데 존나 틀렸더라 중간땐 1이었는데 한 3나올거같아서 진짜 자살마렵다 애들도 오늘 시험치고 야 자살각이다 한강각이다 이말만 몇번을 했는데… 농담이더라도 이게 농담이 되면 안되는거 아닌가? 중요한건 이런 생각을 사람들 전부 다 하는데 정치하는 틀딱새끼들이 지들 돈쳐먹을 궁리나하지 전혀 신경도 안쓴다는거다 맨날 생명존중교육 자살예방교육이랍시고 좆같은 웹드라마같은거나 보여주고ㅋㅋ 근본적인 원인은 찾으려고도 안하는듯",1
,,아으  댓글 개더럽네  자기가족이라고 생각도할수있는건데  너무 막말에다  욕을 너무써대네  대ㄱㄹ 총맞을  새기들     <br>김휘성군  부모님  아드님  하늘나라에  잘있을겁니다  그리고 고인명복을 빕니다,1
,,납치 음모론 좀 적당히 했으면 좋겠네<br><br>야밤도 아니고 오후 6시 언저린데 그 시간에 분당에 사람이 얼마나 많지 모르나? 알면 그딴 소리들 못할텐데 지네가 8시만 되면 셧다운되는 개촌구석 버러지들이라 체감을 못하나?,1
,,방구석 코난충 새끼들 진짜 ㅈ나 역겹네 왜 살아?,1
,,"6/6현충일, 6/25전쟁일에는 나라와 민족을 위해 죽어간 수 많은 순국선열을 위해 추모 한번 안하는 인간들이, 사고사한 학생한테는 감성팔이하고 자빠졌네 ㅉㅉ<br>정의는 모르고 갬성만 아는 개돼지들 ㅉㅉ",1
,,ㅅㅂㅋㅋㅋ,1
,,부모가 아들 죽이거나 다름없네 ㅅㅂ,1
,,휘성게이야,1
,,삼가 고인의 명복을 ㅂㅂㅁ,1
,,지랄마,1
,,여기 댓글들이 진짜 한국 개같은 나라라고 말해주네 ㅋㅋ,1
,,댓글에 대댓글 꼬라지 좀 봐라 ㅋㅋ 지들은 무슨 이세계 들어와서 주인공이라도 된 줄 아나 니들도 죽으면 사이코 빙의해서 댓글 달아줄까?,1
,,@cleo 방구석 프로파일러가 먼저 가야지ㅋㅋㅋ전번 까실래요?,1
,,운지했노 ㅋㅋ,1
,,일베에 디씨 하더만,1
,,얘 일베더만 ㅋㅋㅋㅋㅋㅋ,1
,,파타퐁 갤러리 노딱 휘핑님의 부활을 적극 기원합니다.,1
,,@나얼박효신 무-능,1
,,@Sireob 만약에 니 논리에 따르면 여자때문에 죽으면 환자인거네? ㅋㅋㅋㅋㅋㅋㅋㅋㅋㅋㅋㅋㅋ ㅅㅂ ㅋㅋㅋ,1
,,@밈 너 스스로 한테 물어봐야하지 않을까? ㅋㅋ 연애 안해봄?,1
,,만약에 내 말이 맞으면 어쩔래 쉐끼들아 ㅋㅋㅋㅋㅋㅋㅋㅋㅋㅋㅋㅋㅋㅋ,1
,,어휴 ㅉ,1
,,휘핑게이야..,1
,,@김동동 한글모르냐 ㅋㅋ 니미래 암울하다고 ㅋㅋ 지금이 젤 행복한거라니깐? 앞으로 나아지겠단 생각 꿈꾸지도 말라고 ㅋㅋ,1
,,"또 이상한 개나줘버릴 소리하네ㅋㅋㅋ<br>본인이 지금 힘든거면 힘든거지,<br>머가리 텅텅 인증하듯 뭔 되도않는 개똥 갬성글 써놓고 뿌듯하 하고있노<br><br>가장 행복할 때는 입에서, 뇌에서 먼저<br>아 &#39;ㅈㄴ 행복하다&#39; 라고 저절로 튀어나옴",1
,,ㅅㅂ이런 뉴스에 광고 걸어놓냐 엠빅 ㅁㅊ것들ㅉ,1
,,아아.....코레데...「해피엔드」다.,1
,,아니 여기 댓글창 상태가 왜 이럼?<br>진짜 보다보다 못 참겠어서 말함<br>아니 뭐가 그렇게 꼬움?<br>뭐가 그렇게 불만인데?<br>이제 거의 멋진 어른이 될 고3이 하늘나라로 갔다잖아<br>뭐가 그렇게 시비를 걸고 싶어서 안달났어?<br>사람이 죽었잖아 사람이!<br>사람이 실종됬다가 죽었는데 시비나 걸고 앉아있고 니들이 사회생활에 불만있으면 직접 니가 청와대 가서 그 주둥이로 불만 쳐말해<br>왜 여기서 불만 퍼붓고 지랄이야?<br>이제 멋진 성인이 되고 대학교에서 좋은 친구들 많이 사귀어서 행복한 시간을 보내야 할 고등학생이 하늘나라로 떠났잖아<br>사람이 죽었는데 시비 걸고 니면상 이지랄 하고 언제까지 그 지랄하면서 방구석 쳐박혀서 폰 쳐보면서 찐따처럼 살거야?<br>진짜 한국인으로써 부끄럽고 쪽팔려 진심,1
,,@현민석 댓글창 너네용 변기 아니야ㅠㅠ 왜 자꾸 깨끗한데 똥을 싸질러ㅜㅜ,1
,,@현민석 와꾸부터 까고 지랄하자 ㅎㅎ,1
,,불편해? 불편하면 ㅅㅂ 자세를 고쳐앉아 ㅋㅋㅋㅋㅋㅋ,1
,,@현민석 왜 그러고 살아? 방구석에서 맨날 폰만 쳐보면서 부모님 속썩이지 말고 지나가다 민폐 끼쳐서 기분 존나 더럽게 만들지 말고 꺼져 제발 ㅋㅋ,1
,,인력낭비 ㅈ되노 ㅋㅋ,1
,,게이야...,1
,,게이야..,1
,,미친놈인가,1
,,영어 9등급 티 내노 ㅋㅋㅋㅋ,1
,,멘탈이 순두부였노,1
,,방구석 코난들 오열,1
,,조용히해라 뇌피셜들 싸지말고,1
,,@클레오빡돌아 사망경위에<br>대해서 뇌피셜 싸지말라고 말한거임<br>벌써 납치니 어쩌니 말이많길래,1
,,또 음모론 ㅆㅂ 정부가죽였냐?,1
,,@애국보수 카악~퉤,1
,,아씨발 ㅈㄴ 무섭네 대낮에 서울 한복판에서 건장한 남성이 납치당하는데 나도 안당할거란 보장이 있나 여러분들 함부로 딴사람 믿으면 안돼요 무조건 다 거부 해야함 진짜 호신용 전기충격기 라도 들고 다녀야 하나.. 진짜 세상이 너무 무섭다,1
,,@현택 딱 봐도 구라네,1
,,@현택 구라 ㄴㄴ 제발 방구석 코난충아,1
,,ㅇㅈ 왜 문제집을 사고뒤지냐 ㅋㅋ 차라리 휘핑크림사서 자살하기전에 먹고뒤지지,1
,,왜 남자들은 이런사건 하나하나 보도해주냐? 여성들은 이런사건 일어나면 관심도 안주던데,1
,,띄어쓰기나 쳐 해주세요,1
,,아 씨발 진짜 고위직아니면 서민들은 무슨 할렘가에 나뒹구는꼴이네ㅋㅋ대낮에도 이런일생기는거보면,1
,,@미련곰탱이 개소리임 이리와봐,1
,,&#39;한남쉑ㅉ 쿵쾅쿵쾅&#39;,1
,,조선족새끼들이 의심가노ㅋㅋ,1
,,ㅈㄹ하네 ㅋㅋ dc활동은 존나게 열심히 해놓곤 단순가출 가지고 너무 공론화 시키네,1
,,"@Cideb black cat 카더라 통신, ~일 수도 있음 아니야? 아님말고~<br><br>이딴짓 좀 적당히 해<br>대가리 속으로 망상 하는건 좋은데 입 밖으로 내뱉지 좀 말라고 역겨우니까",1
,,어딜가긴 어딜가 공부하기 싫어서 탈주해서 어디 외진 피방에 박혀있겠지,1
,,진짜 ㄸㄹㅇ들이 많구나 방구석 탐정들 납셧네 .뭐 나온게 있으면 그렇구나 라도 할텐데 악마들 같아🐶🐷,1
,,재앙 훠훠훠,1
,,게이야 갤로그 왜 바활성화했노 ㅋㅋㅋㅋㅋㅋㅋ,1
,,그냥 부모가 하도 쪼아대서 뒷산가서 자살한 듯,1
,,ㅋㅋㅋㅋㅋㅋㅋㅋㅋㅋㅋㅋㅋ 아니 씨발 단순 가출이길 비는 애들은 이해 하는데 단순가출이라고 생각하는 애들은 대가리가 있는거냐? 니넨 가출할 때 문제집 사고 정중하게 엄마한테 야간자율학습 다녀오겠습니다. 하고 가출하냐 미친 정신나간 새끼들아,1
,,그니까요 등신들이 미쳤나,1
,,@우리는친구 문제집사고 아 좆같네 이러고 갔을수도 있지 ㅋㅋ 차사고 그다음날 자살하는 새끼도 있는데,1
,,뒤졌겠네 ㅜㅜ 가슴아프다.. 가족들 힘내세요!!,1
,,라고하는 씹썌끼들 따라가서 갇혀있는거 아니냐  정신완전히세뇌되서 지가 직접나와서 또 다른사람한태 복이많으세요~  ㅇㅈㄹ하러 나올때까지?,1
,,님들 지금 베댓마다 답글에 병신들이 시비 거는데 나도 처음에는 걔네한테 하나하나  욕 박아줘야 직성이 풀리고 그게 맞다 생각했는데 걔네들 중 반 이상은 그냥 관심 받으려고 소시오패스나 사이코패스 컨셉질 하는 거라서 걍 무시하셈.. 무관심이 더 병신들 입장에서는 빡칠 거임…,1
,,그러겠습니다. 세상에 병신들이 이렇게 많을줄 몰랐네요..,1
,,중국인 뱃속,1
,,국민세금을 ㅂㅅ같은곳에 쓸생각하지말고 CCTV를 더만들어서 곳곳에 달아라.,1
,,그냥 한명 가출 or 자살로 존나 시끄럽네 ㅅㅂ 하루에얼마나 뒤져나가는데 이딴 말같지도 않는걸 방송하네 <br>손정민이후 학생코스프레 ㅅㅂ 병원에서 죽는사람 뉴스나해라,1
,,가출 or. 자살.  ㅅㄱㅇ,1
,,아니 어떻게 댓댓글에 병신이 하나씩 다있냐?,1
,,응 니 얼굴보고 자살한거고 니 얼굴보고 악플다는거야,1
,,유튜브 댓글은 앰생 정신병자만 있다고 봐도 무방합니다~,1
,,@서인케느금마,1
,,이미 죽었음  내가 암 이거,1
,,뭐저런것도 방송에나오냐? 방송할게 그렇게도 없냐? 직접 찾아  집나간걸 뭐 어쩌라고,1
,,실종자 얼굴이라도 기억하고 제보라도 해달라는거지.<br>실종자 가족들은 얼마나 슬프겠냐. 이 관종 노답아,1
,,댓글마다 ㅄ관종 잼민이들 한명씩 있네,1
,,@초코도티딸기우유도넛마이린tv니나 광고 ㅊ 하지마 ㅜㅜ<br>존나 비위 상해 ㅜㅜ,1
,,"범인 잡을땐    역추적이니  모니,  씨씨   잘 활용 하더만    실종 사고 때만   이난리를치내   쓸모 없는 개짭새들",1
,,납치이러노 ㅋㅋㅋ 납치로 단정짓는 너는 왜태어났노??,1
,,머리에 든거 없는 틀딱들 견찰견찰 거리는거 너무 역하네 진짜...,1
,,@Mâksó çnù 납치이러노 방구석코난아 ㅋㅋ,1
,,ㅇㅈ 그런 쉐끼들은 다 폰 중독에 걸린 거임ㅋㅋㅋ,1
,,@00 1 우리 쓰니는.... 그 애미가 없나?,1
,,@00 1 이아이가 애mi라는것을 알까요.<br>지금 이아이가 안쓰럽다면 자sal하시길 바랍니다.<br>자sal이 힘드시다면 지금당잔 000-××××-××××에 전화하세요,1
,,한국인 종특 오지랖 또 나오죠 ㅋㅋ,1
,,@조서현 진짜 편향된 시각으로 바라보지 마세요. <br>그때 고딩이랑 지금 고딩이랑 다른가보지 <br>아니 ㅅㅂ 다 케바케인데 이거를 의심하고 자빠졌냐ㅋㅋㅋ,1
,,이래도 조선족 계속 모셔올거냐 문재앙아?,1
,,@Sirius 또또 억측 시작하죠 ㅋㅋ? 저번에 앙망문 쳐 보내놓고 감성좀비들 정신 못차리죠 ㅋㅋ?,1
,,페메갈들이 납치한거면 어떻해?,1
,,이미뒤짐 찾지마,1
,,@소연 ㅋㅋ 말사이에 . 넣는거 보니까 틀딱 아니뉴 ㅋㅋ,1
,,뒤졌으니까 뒤졌다고한게 욕먹을일임? ㅋㅋ,1
,,@make trt great again 왜그러고 사냐 ㅋㅋㅋㅋ 부모없는 티 내지말기,1
,,@make trt great again 쳐도랏나 어디사냐,1
,,@make trt great again 미친놈 이거,1
,,아니 니한테는 휘핑크림이 뒤지는게 이득이지 ㅋㅋ 경쟁자1명 없어지는건데,1
,,존나 얼빵하게 생겼네 ㅋㅋㅋㅋ,1
,,@바니바니 또 나댄다. 방구석 코난발동시작하셨네,1
,,손정민하고 비슷한 청년만 실종되면 이슈되나 하루에  할머니 할아버지 아이들 장애인 실종된사람 얼마나 많은데  다 이슈시켜라 조회수만 빨려고 또 음모론 제기해야지,1
,,아니 문제집 문제 보고 수학좆같아서 나간듯,1
,,방구석 코난 그알충 아지매들 출동!!!!!!,1
,,🥺&quot;제 샤진 보면 안돼요&quot;🥺,1
,,"대댓글 보는데, 꼭 하나씩 병신이 있네.<br>같은 인물이냐?",1
,,@우희힝 니 컨셉 버렸냐 ㅋㅋ,1
,,우리 나치당원이 그가 공산인걸 알고 납치해갔다,1
,,@Kerlib 느검이요 ㅋ,1
,,개독이세요?,1
,,걱정하는 말처럼 포장하면서 사실은 뭔가 납치 등 큰일이 나서 가십거리로 삼고 싶은 인간들 많네<br>역겨운 쓰레기들,1
,,ㅋㅋㅋㅋ솔직히 납치범이 저런 키크고 건전한 남자를 납치하고 싶겠니?그냥 어딘가에 숨어있거나 친구집에 몰래 숨어들어간거 아니냐?ㅋㅋㅋ,1
,,@박서진 니 한테 한말 아니다;;잼아,1
,,낳음당한새끼들 ㅈㄴ많네 시발,1
,,@Kerlib 이사람으로 말할꺼 같으면<br>친구가 없어서 이상 증상을 보이더니 부모에게 욕을하고 폭력을 휘두르며 집에서 ㅂㄹ이나 버억버억 긁고...<br>부모가 결국 호적을 파서 집에서 쪽겨난다음.<br>PC방에가서 이지랄하고 있습니다.<br>잘보세요. 새로운 벌레를 보고있는겁니다.,1
,,갑자기 기분이 쨍개새기들 조지고 싶어지네,1
,,이미 장기털이 조선족에게 납치당해 해체작업 끝났습니다. 그러니 다들 포기하십쇼.,1
,,응 ㄷ짐,1
,,응 이미 시체임 수고 ^^,1
,,또 씨발 또 또 ㅋㅋㅋㅋㅋㅋㅋㅋ,1
,,나랑 동갑에다 같은 이과생이라서 더욱 안타깝다..<br>보통 저런 케이스는 납치일텐데.. 삼고슈퍼레이저빔,1
,,쟈살햇네 삼고빔~ㅋㅋㅋ,1
,,우와 ㅈ문가다!,1
,,@한지민의미술교실 잼민이가 아니라 틀니 다빠진 련임,1
,,@Kerlib 니부모 홀수,1
,,@백병원  페미 메갈 타령하는 거 보기 싫다는것도 페미 메갈임?ㅋㅋㅋ 남자 망신 시키지 좀 마라 ㅋㅋㅋ 왜케 능지 딸리노,1
,,@하와와 느금마,1
,,뇌 반쯤 삭은 이런 틀딱은 자식이 고려장 안시키나?,1
,,마지막에 만난 놈 누구냐?<br>전화 온 놈도 없나?,1
,,또 방구석 코난들 개지.랄할까봐 겁나노,1
,,운지...,1
,,@Kerlib 진짜 ㅂㅅ인가,1
,,@Kerlib 마크나 계속해라 잼민아^^,1
,,@Kerlib 이사람으로 말할꺼 같으면<br>친구가 없어서 이상 증상을 보이더니 부모에게 욕을하고 폭력을 휘두르며 집에서 ㅂㄹ이나 버억버억 긁고...<br>부모가 결국 호적을 파서 집에서 쪽겨난다음.<br>PC방에가서 이지랄하고 있습니다.<br>잘보세요. 새로운 벌레를 보고있는겁니다.,1
,,학폭이다 ㅅㅂ,1
,,사이비 종교 ㅅ ㅋ 들  막  말걸고 ㅈ ㄹ 하던데  순진한학생  협박해서 끌고갔을수도,1
,,@Kerlibㅇㅉㄹ구 초딩앜ㅋㅋㅋㅋㄱㅋ<br>애미가 혹시 최순실?,1
,,@Kerlib 니애미임 ㅅㄱ,1
,,@humble bumble bee 조선족 오서오고,1
,,정신병임;;,1
,,손정민 사건은 이렇게 또 묻혔나? 대한민국 정말 개같은 나라다 똥은 국민들이 치우고 자빠졌으니 시발꺼,1
,,방구석 코난들아 니들이 나서야 할때다 ㅋㅋㅋㅋ 범인 잡아 ㅂㅅ들아,1
,,@Kerlib 이사람으로 말할꺼 같으면<br>친구가 없어서 이상 증상을 보이더니 부모에게 욕을하고 폭력을 휘두르며 집에서 ㅂㄹ이나 버억버억 긁고...<br>부모가 결국 호적을 파서 집에서 쪽겨난다음.<br>PC방에가서 이지랄하고 있습니다.<br>잘보세요. 새로운 벌레를 보고있는겁니다.,1
,,🥺&quot;제 샤진 보면 안돼요&quot;🥺,1
,,@Kerlib 영안실에 있는건 니 애미고,1
,,@Kerlib ㅈㄹ하지 마라 부모님이 널 버려서 관심이 필요하구나 안됬구나...,1
,,@Kerlib 개념이 없으면 가만히라도 있어라 잼민아,1
,,와 ㅋㅋ 나도 자살하면 뉴스에 나오나?,1
,,@불곰 맞춤법 교정해 준 애는 너한테 뭐라해서 넌 풀발했니? ㅋㅋㅋ 왜 니가하면 로맨스고 남이하면 불륜같아?,1
,,@불곰 응 너가 틀렸어 방구석 여포야. 삼가시다는 삼가다의 활용형이란다. 높임선어말어미가 뭔지도 모르고 어느 나라 말이냐고 지껄이는 건 아니겠지?,1
,,@쓰 쓰 그리고 내가 너한테 뭐라했노 혼자 풀발한건 넌데 ㅅㅂㄹ,1
,,@쓰 쓰 존댓말로는 삼고하시면이 맞단다 돌대가리야 삼기시다는 어느나라말이냐?,1
,,어우시팔 답답해 cctv저 동네 다들취고싶네,1
,,화성 여중생 살인사건 보다가 이거 보니까 ㅈㄴ 안위험해보이노,1
,,저놈 면상 보기싦다 죽거나 살거나 망할 제발좀 닥쳐라,1
,,ㅈㄴ 오글거리네ㅋㅋ,1
,,@김병우 아가리좀 여매봐. 도데체 왜 그러는거냐,1
,,존나 꾸중할듯,1
,,@Kerlib 니 붐5님은 이세상에 안계시는구나 그래 울지말고 힘내 나는 너랑달라서 이해못하겠지만!,1
,,"아니 가출이겠냐고,, <br>멀쩡한 애가 갑자기 가출을 왜 해ㅋㅋㅋ<br>가출이라 하는 애들 ㅈㄴ 생각없누",1
,,ㅇㅈ 너는 찜질방에서 생활하고 잇잖음 ㄹㅇㅋ,1
,,@Kerlib 테이프로 입 막기전에<br>조용히 해 이 잼민아,1
,,@Kerlib ㅂㅅ,1
,,@Kerlib 그럼 아가리 꾹 닫고 있어,1
,,@Kerlib 자기소개 ㅈㄴ잘하넼ㅋㅋ,1
,,@Kerlib 넌 친구 없잖아 ㅋㅋ,1
,,@Kerlib그래서 넌 여기서 하하호호 ㅇㅈㄹ하냐?,1
,,@00 1 댓글들마다 이걸 다는게 참으로 ㅂㅅ같네요,1
,,@ddjjddjj 너처럼 세상물정 돌아가는거 1도모르는세끼들을 개돼지라고 하는거임.,1
,,"빽 ㅇㅈㄹ 하고있네  고3이고 어린학생이니까 사람들이 관심을 가지는거지 , 부모님이 가출할리가 없으니까 언론에 알려서 찾을려고 했겠지",1
,,계속 보도해줘야 감성좀비들이 누구던지 일단 살인자로 몰아가줄꺼고 걔를 잡으면 수사 성공적으로 마쳤다고 언플까지 가능하잖아 ㅋㅋ~,1
,,같잖은 소릴 하노;;,1
,,ㅂㅅ,1
,,에휴 노답이다 너도  말하는 꼬라지하고는,1
,,민준아 생각 좀 하고 씨부려,1
,,뒤졌노 잘 먹겠습니다 ㅋㅋ,1
,,사람하나못찾노 쓸모없는 여경 ㅉㅉ,1
,,@김병우 부모님이랑 다툰 뒤 아이씨 짱나하고 집 밖에 나온 뒤 조용히 걍 독서실이나 가서 공부하자 하고 문제집 산 뒤 부모님 대신 이모한테(그 사이 부모님이 어디가냐고 연락했는데 안 받아서 이모한테 대신 물어봐달라고 했을 수도 있고) 나 문제집 사고 공부하다 갈게요 하고 말해놓고 (문자 내용상 평소 픽업해준 거 같기도 하고)<br>그러고 에이 시발 연락 두절...,1
,,이미 한계로 공부중인데 누가 더 더 공부하라고하면 멘탈 나가서 문제집 더 사고 멍하니 오는길에 에이 시발 하고 할수도잇지,1
,,왜 이 영상은 실종된 사람을 찾는 영상인데 경찰을 비하하거나 그냥 닥치고 기다려라 ㅋㅋ 라는 말만하냐? 다들 지가 당해보거나 가족이 당해봐야하냐? 안타까운 일인데 거기서도 그렇게 분탕질 하면서 살꺼면 그냥 한강가라 이 나라엔 필요없는 존재인건 확실하다,1
,,@느그들제발모르면나대지마 ㅋㅋㅋㅋㅋㅈㄴ웃기네,1
,,@세민 물어본거잖아 ㅅㅂㄹㅇ,1
,,@정배오 야 내 예측이 맞았지? 멍청하면 가만히 있는게 중간이라도 가는 비결.,1
,,@정배오 띨빵아 니 갈길 가라~,1
,,가지러 가는 지 아닌 지 니들이 어케 알아   사람마다 다른거지 무조건 가지러 갑니다 이지랄들 떠내,1
,,ㅇㄴ 인간들이 똘똘 뭉쳐도 모자랄 판에 못 찾는다느니 나랑 뭔 상관이냐느니 ㅇㅈㄹㅋㅋㅋㅋ 어이없음,1
,,🥺&quot;제 샤진 보면 안돼요&quot;🥺,1
,,ㄴㅇㅁ도 빨리 찾을 수 있길 기도합이다.,1
,,ㅅㅂ서현에서 실종되면 어디가서 놀아야되냐…….그리고 분당자체가 실종이 될수있는 구조가 아닌데….,1
,,@sweet chu k 그것도 케바케 아니면 전교에서 노는애들일이지<br> 우리같은 바닥러들은 성적안좋다고 부모랑 싸우고 가출하고 그런거 보면 이해안감요 그놈도 학창시절 히스테리 부리는거 생각나면 지금도 웃곀 그렇게 공부해서 결국 나랑 같은 좆소 ㅋㅋ<br>대기업 갈줄 알앗자너,1
,,앙 노무띠 ㅋㅋ,1
,,그냥 ㅈ같아서 가출 아니면 자살이지 방구석 코난들 시동 걸지 말아라,1
,,@Kerlib 내일 학교가서 쳐맞을 예정이라 여기서 분풀이함?,1
,,@Kerlib 뻐큐프사에 손가락보니 꼬츄가 실꼬츄일 상~ 이쯤되면 왜 썽났는지 알만하쥬? ㅋㅋㅋ :D,1
,,@Kerlib 현실에선 정상인척 가면쓰고 살려니 별것도 아닌 삶이 하찮아서 이런데서 관종 본능이 튀나오나 여기저기 시비걸고다니네 ㅉㅉㅉ,1
,,읽다가 납취에서 멈췄다 몰입 ㅈㄴ깨졌다 다음에읽을게ㅋㅋㅋ,1
,,납취 시발ㅋㅋㅋ,1
,,@순순두부 혹시 여성이세요 아우 역겨워,1
,,내 대댓글 문제있다는놈들 없어져도 나라에 문제 없음 ㅋㅋ 니네가 뭐 대단한 존재도 아니고 ㅋㅋㅋㅋ,1
,,@Kerlib ㅗ,1
,,@Kerlib 하앙 샋스,1
,,ㅇㅈ 너도 고3때 찜질방 생활한듯 ㄹㅇㅋㅋㄹㅃㅃ,1
,,좀 깝치지마라,1
,,컨셉으로 그ㅈㄹ 하지마세요.<br>그래도 웃겼으니 좋아요 누릅니닼ㅋㅋㅋ,1
,,"도심에서 사람이 없어진 거라면, 거짓말 안 치고 2틀 안 쪽으로 무조건 찾을 수 있음.<br><br>경찰새끼들 근무중에 커피 한 잔 마시면서 유튜브 보고, 일 끝나고 여경들 빵딩이 만지면서 삼겹살에 쐬주 한 잔 해야 하는데<br><br>실종사건 본격적으로 시작하면 그럴 시간이 없어지니까 대충해서 그런 듯",1
,,@장재호 ㄹㅇ 백수새끼 뭔 도심에서 씨씨티비 뚝딱하면 찾을 줄 아나보네 ㅋㅋㅋㅋㅋㅋ,1
,,@이건호 그럼 경찰해라 이 백수야 ㅋㅋㅋㅋㅋ 유튜브댓글이나 달지말고 ㅋㅋㅋㅋㅋ,1
,,@월드클래스박지성 예? 해석좀 똑바로 하시라고요<br>초등학교 다시 다니던지;;<br>다치라고한적 없습니다,1
,,병신들 특) 뭐만하면 검사 변호사 의사 정치인 경찰들 욕함 걔네 사정 1도 안궁금해함,1
,,중국인 이나 조선족에게  장기떨린거 아닌가 중국인 조선족이라면 그러고도 남을새ㅋ들이라,1
,,가슴아프시다구요?? 제가 만져드리면서 낫게해드릴게요 아줌마 ㅎㅎ,1
,,왠지 도를 아십니까나 개독 놈들한테 끌려갔을것 같은 느낌이다,1
,,시바 이런일 나오면 꼭 시체로 발견되던데.... 꼭 살아남길.,1
,,ㄹㅇ 문재앙이다..,1
,,한국여자가 살해한듯,1
,,이건 뭔 개소리야,1
,,경찰에 신고하든가 알아서좀 처리해 정민이부터 시작해서 감성팔이 오지네진짜,1
,,경찰에 이미 신고했고 수색이 좀 처럼 진전이없으니까 뉴스에도 제보했겠지 머리에 든게 없나 아니면 지능이 태아수준이라 생각 자체를 못하는건가.. 정신차려라 새끼야 ㅋㅋㅋ니네 부모님이 니 댓글보시면 자식 진짜 잘못키웠구나 하고 대성통곡 하실거 생각 좀 하고;,1
,,@jj double 전형적인 니가족충 😎,1
,,요즘 분당 판교쪽  운동하다보면  중국말로 씨부리는  중국세기들이 많아졌더라고요~~~,1
,,사이버 렉카 새기들 또 돈빨려고 설치겠네,1
,,대낮에 키 180 인애가 수완사고 행불<br><br>밤에 초딩 여자애가 행불 머가 더 자극적?,1
,,정신 이상자냐. ..? 고위급이고 뭐고 이슈 되도록 sns에 제보하니까 그렇지. 가만히 앉아서 발로뛰어 발품 팔면 누가 신경 써준데? 남의 노력은 안 보고 돈 있니 뭐니 ㅉㅉ,1
,,@긴또깡 페미 아니면 잼민 같은데 ㅋㅋㅋㅋㅋ,1
,,@긴또깡 ㅋㅋㅋㅋㅋㅋ 혹시 페미?,1
,,그런 생각은 니 뇌속에서 하고 뱉는게 아니야 사람새끼면,1
,,딱 수준 나오쥬..;;,1
,,세계 최고급 치안인데 쌉소리 하시네 <br>님이 한번 찾아보시죠? cctv아무리 많더라도 미친듯이 좋은 cctv아니면<br>1주일만 지나도 리셋됩니다 근데 이미6일이나 지났는데 못찾은거면..,1
,,한강다리에서 운지한듯,1
,,@대머리 글고 순간적으로 돌변해서 자살할 가능성도 희박하게나마 있는데 그 가능성보다 훨씬 더 빈번한 사회현상이 조선족범죄고 그 가능성이 훨씬 높은데 뭔 자살타령만 하고 있어 멍충한것아ㅎㅎ,1
,,@문주원 ㅇ 무능력샊ㅋㅋㅋㅋㅋ,1
,,@_FIFAMOBILE 새턴〽 넷상에서만 우쭐대는 사회부적응자야 계속 떠들어 재끼렴....ㅠ,1
,,@문주원 너한테만 ㅈ댄게 아닌거지 ㅋ ㅋㅋ 학과찾아본데 ㅋㅋㅋㅋ 갈수있는데가 있노...??   아빠랑일ㅋㅋ 스스로 일도 못찾노 ...,1
,,@_FIFAMOBILE 새턴〽 성적 ㅈ된거 아니고 가고 싶은 학과가 없는거고. 아빠회사 일 가끔 도와주면서 가고싶은학과 찾아볼건뎅 ㅎㅎ 나한테 이런 댓글이 달린건 첨인데 사회부적응자같아서 안타깝다 힘내라..ㅠ,1
,,@문주원 ㅠㅠ 성적 ㅈ대서 수능못보누 ㅠ,1
,,제발 북한에만 관심있는 문재앙 아웃 되길 빈다.!!,1
,,댓글보면 휘성게이야 ㅇㅈㄹ하는애들 있는거봐서 저사람 ㅇㅂ하는거같던데 ㅇㅂ회원은 그냥 나쁜일당해도되고 이세상 사라져도됨 ㅇ,1
,,@이정미 골때리네 이 양반 ㅋ혹시 깨..문?,1
,,@유토피아 그놈의 전라도 그만해라 ㅉㅉ<br><br>ㅂㅅ,1
,,영상에 관련없는거 써서 미안한데 내 재생목록 영상 한 번만 봐주라. 밴쯔 ㅁㅊㄴ이 복귀각 잡는 것 같아서 그래...,1
,,@장재호 너 어디살아 너도 납치해줄까?,1
,,@혁이 백수야 꼽으면 취업해~,1
,,@장재호 견찰이 근무는 안하고 유튜브 댓글만 쳐다네,1
,,@혁이 아니 근데 너같은 사람들은 직업이 뭐야? ㄹㅇ 궁금하네 백수아니면 이렇게 노답댓글 달 정신이 없을것인데 ㅋㅋㅋㅋ,1
,,시발러마 매일 실종사건이 일어나는데 이사건만 목매달수는없잖아,1
,,우리나라 시시티비 존나적른디 뭔소리 치안상태가 좋은건 착한아이증후군 때문에 그른거지 마음먹고  담그러면 쉽게할수있음 다만 사건발생시 신고자가있던 없던 100프로 수사하야되는 법이있기 때문에 범인검거율이 높은거지 치안이 좋은게아님,1
,,우리나라 치안상태면 세계최고 수준이다 맛이간건가 ㅇㅈㄹ하고 있네,1
,,얘랑 마지막으로 만난애 ㅈ댔다 ㅋㅋㅋㅋ,1
,,@Kerlib 응 오타 니 엄마임 ㅅㄱ,1
,,@Kerlib ㅋㅋㅋㅋㅋ 사회부적응자?,1
,,너희 어머니도 ㅜㅜ,1
,,아 조선족 받아드리려고 국적법 바꾸신다잔아 ㅋㅋㅋㅋ 그 ㅅㅂㄴ이,1
,,아빠가 전날 혼내서 빡쳐서 가출한거임 일이 커지네 ㅋㅋ,1
,,ㄹㅇ무식한티 내네,1
,,@밴쯔복귀결사반대 ㅗ,1
,,@밴쯔복귀결사반대 ㄲㅈ,1
,,영상에 관련없는거 써서 미안한데 내 재생목록 영상 한 번만 봐주라. 밴쯔 ㅁㅊㄴ이 복귀각 잡는 것 같아서 그래...,1
,,방구석 코난들 아주 지랄을 하네 니 뇌속 상상 꺼내지마 그리고 내가 저기 동네 살아서 아는데 납치 당할 장소가 아님 ;;,1
,,@밴쯔복귀결사반대 ㅗㅗㅗㅗ,1
,,엄로 ㅇㅈㄹ ㅋㅋ,1
,,@수비대 ㅋㅋ너 40대 찐따지,1
,,@수비대 여기에 추천박은 새키들 다 틀딱ㅋㅋㅋ,1
,,반동분자 이지2랄ㅋㅋㅋㅋ,1
,,@ᄋᄋ 내가 왠만하면 원색적인 욕은 안하는데... 이 찐따 새끼야... 어른 입장에서는 아이들은 다 애야...,1
,,@ᄋᄋ 부모님입장에서 애기란말이다 ㅂㅅ아,1
,,@ᄋᄋ 임마 댓글창 보니 한남 ㅇㅈㄹ 거리고 댕기는 페미네ㅋㅋ 역시 페미는 걸러야제,1
,,@밴쯔복귀결사반대  느금,1
,,@밴쯔복귀결사반대 상관 없으면 댓글을 좀 쳐 달지마 ㅅㅂㅋㅋㅋㅋ 꼭 잼민이들이 ~미안한데 하면서 할말 다 쳐하는거 같네,1
,,@막나가는파이크 공부 더 하십쇼 ^^ 잼민아 공부좀,1
,,여기서 검경 수사권 조정 바뀐거 있냐 물으면 단 1명도 답 못합니다<br>왜? 단 하나도 바뀐거 없습니다 <br>말만 지휘관계서 협력관계로 바뀐거지 똑같아요 검찰이 수사할지 말지 다 결정해요 <br>어떤 비응신이 경찰 맘데로 수사종결 이런 소리하면 걍 뺨때기 때리시면 됩니다<br>검경 수사권 법안 바뀐거 몇줄 읽어보십쇼 그대롭니다 그냥,1
,,@jim ...??? 경찰이 묻으면 수사종결? 검찰이 있는데 그게 무슨 개소리죠?<br>혹 검경 수사권 조정으로 경찰 수사종결권 생겼다고 지 맘대로 한다고 개소리 지껄일거 아니죠?<br>바뀐거 하나도 없습니다 말만 종결권이지<br>검찰 맘에 안들면 수사중지도 불가능 고소인이 싫다고하면 무조건 불가능<br>바뀐거 실상 하나도 없는데 경찰 맘대로 수사종결? 당신 제정신으로 말하는게 맞냐?,1
,,@밴쯔복귀결사반대 종이쪼가리 쪼금 벌겠다고 여기서 어그로를끄냐 칵퉤,1
,,일베 애비 디시,1
,,뭐하는새끼지,1
,,@오성민 ㅋㅋㅋㅋㅋㅋㅋㅋㅋㅋㅋㅋㅋㅋ ㄹㅇ ㅋㅋㅋㅋ<br>저 딴 놈 자식이 있어도 문제고<br>자식은 뭔 죄고<br>ㅋㅋㅋㅋㅋㅋㅋㅋㅋ,1
,,야  덥긴 뭘  덮냐??   생각하는 꼬라지하고는,1
,,그쪽 자식이 사라지면 제발 보도도 안되고 경찰도 수사도 안해줬으면 좋겠다,1
,,근데 어케할수가없는 이 ㅈ같은 세상,1
,,또 그 의혹충 새끼들 슬슬 한강 질려갈 때 되서 노젓고 들어오겠노 ㅋㅋㅋㅋㅋㅋ,1
,,@Kyungok Cho 그건 니 ㅇㅁ인듯,1
,,@Sojumaker DK 일베충 또 기어 나왔네,1
,,대깨문이랍니다,1
,,@Sojumaker DK ㅋㅋㅋㅋ 난독있어요?,1
,,"@Sojumaker DK 병신짓은 정신병원에서 하세요,,",1
,,@Sojumaker DK쟤가 적은거: 님 버스탄건 일기장에나 쓰세요 ㅋ,1
,,@구자영 우리나라에는 아직도 너 같이 교육 못 받은 미개인이 사는구나.... 휴..,1
,,@구자영 ㄴㄱㅁ,1
,,@국평오 ㅋㅋㅋㅋ디시충 등판ㅋㅋㅋ인생 불쌍타 평생 인풋이 디씨에서 싸지른 조롱글이라는게ㅋㅋㅋ,1
,,@Lincoln89 Han 실종된 분을 거르라고 하네.. ㄷㄷ 요즘 루리웹 무섭다,1
,,야발 공부하다 죽는 ㄱㅇㅂ,1
,,@베이스 그와중에 띠껍네요,1
,,"ㅋㅋㅋㅋㅋ 언제부터 착하게 생겼다는게 외모비하냐 ㅋㅋㅋㅋㅋ 이제는 무슨 말을 못해 ㅋㅋㅋㅋ “이쁘다, 잘생겼다, 착하게 생겼다”(외모비하), “여자가, 여자는”(여성비하), “내가 어렸을 때는, 나 때는”(틀딱,꼰대) ㅋㅋㅋㅋㅋㅋㅋ 혐한민국",1
,,@롯데브라벗고 닉부터가 앰생 인증..,1
,,@롯데브라벗고 님 ㅈㄴ 착하게 생겼네요,1
,,@장옥자 지적충과 무뇌충의 자강두천 ㄷㄷ,1
,,굳이 욕할정도로 뭔 말을 한건아닌데<br>왜 또 물타기 징조 보이노 🦀이들아,1
,,@Sojumaker DK ㅅㅂ ㅋㅋㅋ 또라이네,1
,,@Sojumaker DK 지적충 ㄹㅇ 혐오,1
,,@라현유튜브 ㅄ 갑자기깨어있는척하기는 정신차리고살어~ 너같은인간은 항상 정신줄 못잡고 사니까 매순간 정신차리자 되새기면서 살어라,1
,,한심한 새끼들 ㅋㅋ<br>자살 맞잖아 가출 이지랄,1
,,세상에나 ㄷㄷ이건꼭 해결되야하는 사건이다 ㅁㅊ닫..,1
,,@밴쯔복귀결사반대 정신병자냐?,1
,,@밴쯔복귀결사반대 밴쯔한테 과거에 쳐맞고다녔나보넹ㅋ,1
,,점마 왜 올라가있노?,1
,,좀 쳐 알고 지껄이셈,1
,,@수범 ㅗㅗㅗㅗㅗㅗㅗㅗㅗ,1
,,@수범 너 엄마도 못돌아와,1
,,부처님하느님 ㅇㅈㄹ하네 ㅋㅋ 무사하게 돌아오길 기도했는데 죽은채로 발견됨 이건뭐다? 부처님하느님 이딴거 없다 ㅋ,1
,,너 부모랑 같이?,1
,,@짱구는 옷말려 초딩님 6월 22일이라고 나와있구여 영상 제대로 보고 댓글 달아주세요ㅎ 일주일 넘었다구 빼애애애액거리지좀 말구요^^,1
,,@짱구는 옷말려 일주일도 안지났는데 여기에 추천박은 새끼들도 정상은 아님ㅋㅋ,1
,,@make trt great again 엄마 실종됐냐? 말 조까치하네,1
,,@make trt great again  인성 왜그러냐 ㅉ,1
,,@ws jeong  ㄴㄴ 그렇게 말한게아니라 이렇게 말했어요  ㄴㄴ 내가 째 친구인데 쨰 관심받으려고 저러는거임 디씨인 사이트에서도 유명함 이렇게씀 내가 어이가 없어서 찍어났었는데 저 make trt great again 병신이 발뺌하네요,1
,,@make trt great again 디씨엔사이트에서 유명하다매 내가 니가 뭘말했는지 정확히 적어줄께 ㄴㄴ 내가 쨰 친구인데 쨰 관심받으러고 저러는거임 디시인사이드에서도 유명함  이지랄 하고있노,1
,,@비디오테이프장사 벤제마 않이 아니라 안임 ㅂㅅ ㅋㅋㅋㅋ,1
,,@Jeong ler 넵ㅎㅎ.. 님처럼 롤창인생은 아니라 다행이네요ㅎㅎ.. 오우 티어도 높으시네.. 전 시험 준비해야되서 이만 :),1
,,@이형진 어휴 인생 참 한심하네요. 천벌이나 받으셔요,1
,,@빡빡이 사다가 갑자기 하 ㅅㅂ 내가 왜 이러고 살아야 하나... 하거나 그동안 쌓였던 스트레스가 폭발했거나 할수도 있지 않을까요 근데 자살보단 가출같은데...,1
,,@make trt great again  오늘의명언:어디서개짓는소리 나네 그럼 지선이도 표현의 자유로 욕안처먹어야 하냐 ㅋㅋㅋㅋㅋㅋㅋ,1
,,새끼 어디서ㅏ 뭐하노 날더 더운디 빨리 들가라,1
,,@make trt great again 애미없네 ㅋㅋㅋ<br>아 이건 내 생각이니까 시비걸지마라,1
,,@make trt great again 입으로 죄짓지 말라는게 시비라거 생각하면 니 머가리에 문제가 있는거다 정신차리고 살아라 죽을만했다는게 사람이 할소리냐?어떻게 사람이 죽을만했다는게 의견이란 소리를하지?다른사람들도 너한테만 대댓달면 니 정신상태가 문제 있단거야,1
,,@make trt great again 나도 다른 생각을 좀 가지고 있어서 이따구로 널 가르친 느그 부모님 면상에 뺨따구 한 대 괜찮을듯 ㅋㅋ,1
,,@make trt great again ㄹㅇ 전형적인 씹잼민이다 ㄷㄷ;;,1
,,@make trt great again ㅇ ㅈㅁㅇㅇ ㅈㄱ ㄷㅈ ㄲㅈ ㅈㄹㄸㅈㅁㄱ,1
,,@make trt great again 초딩 부들부들?,1
,,찾으면 현상금이라도 줄라나? 그러면 드론뛰워서 찾아줄게 ㅋ,1
,,@As A 시비ㄴㄴ 작작 좀,1
,,10대들 싸가지봐라 이걸 그냥 못지나가네,1
,,@최예준 ㄲㅈ,1
,,@최예준 아 잼민아 넌 유튜브 키즈로 뽀로로나 보렴,1
,,초딩들은 유튜브 못쓰게 해라 ㅋㅋㅋㅋ,1
,,@밴쯔복귀결사반대 ㅉ,1
,,@밴쯔복귀결사반대 ㅗ,1
,,@make trt great again 이사람이 맞는말한건데 댓글 풀발하는꼬라지 ㅈㄴ웃기네 ㅋㅋㅋ,1
,,@make trt great again 님도 어차피 쥭을 운명인데 유튭에서 시간낭비하지말고 조금 빨리 가는게 어떨까요? ㅎㅎ,1
,,@파이리 쿵쾅이 ㅎㅇ,1
,,@파이리 님은 또 왜 한남 ㅇㅈㄹ거리세요 ㅋ큐ㅠㅠㅠ,1
,,@밴쯔복귀결사반대 ㅗ,1
,,@make trt great again ㅗ,1
,,이변태 교수,1
,,대한민국의 기생하고 있는 종북좌파들의 파렴치범에 비하면 이 교수의 행위는 범죄도 아니다. 술이 만취되었을뿐이다. 알간?,1
,,저 과학고생인데 카이스트 열심히 준비하는 친구들보면 불쌍하네요 가면 저런교수나 앉아있고 참 ㅉㅉ 카이스트 인재상으로 면접보면서 교수부터 다시 뜯어고쳐 찐따님들아,1
,,으이그~~생긴것도 재수없게 생겨가지구,1
,,저런 ㅂㅇㅅ,1
,,쓸데없는반일몰이 비판하면 친일로 몰아가는 엠병신클라스,1
,,역쉬 친일 🐕ㅅㅋ는 하는짖도 친일쓰래기 저개한태 배운 친일들도 조심하세요 !,1
,,병신 가지가지 한다. 뭐냐...저런 기본적 소양도 안되는 인간을 교수로 뽑은 카이스트도 그렇고...저런 인간이 교수가 된 현 시스템도 그렇고...참 한심하다,1
,,미친 일베 쓰레기 신발줄 같으니라고!!<br>이런인간을 직위해제한 카이스트도 똑같이 정신나갔네,1
,,아이구<br>미친시끼<br>인간의본질은  안변함~<br>단지  숨기고  있을뿐이지!...,1
,,개역겨운년. 저정도로 조절이 안되면 제자들 추행한거 아님?,1
,,이름부터 병태여<br>변태쉑,1
,,야 가발 벗어라 역겹네,1
,,병신은 병신끼리 노는법,1
,,나이 처먹고 뭐하는짓 ㅉㅉ,1
,,친일보수유튜버라잖아~ 태극기할배들이랑 동급인 보수정신병자지 뭐,1
,,보수의 수치이고 카이스트의 수치다 애초에 저딴 극우새끼들도 보수로 치는진 모르겠지만   본인의 행동에 책임을 지고 엔딩은 박원순 엔딩이길 제발 저승가서 둘이 짝짝꿍하면서 노세요 현생에서 이지랄 하지들좀 마시고 이름도 과학이네,1
,,니 마누라 딸도 일본가서 팔려봐야 저딴말이안나오지 존나게 글로배우면 뭐하냐 겪어봐야 알지,1
,,ㄴㄴ 친중 친북이 더 심함 박원순 그 새키 보셈 ㅋㅋ,1
,,사람새끼가 밖에서 저 지랄을하네,1
,,미치겠다. . 미쳐면 곱게 미쳐라. . 딱 생긴것같이 논다,1
,,일베충들ㅋㅋ국암당빠돌이들 노답,1
,,자식 새끼들도 욕쳐먹었음좋겠다 ㅋㅋ,1
,,우리나라에서 자칭 &#39;보수&#39; 는 그냥 쓰레기 집단이지 ㅉㅉ,1
,,술 취해서 실수한 것일텐데 좌빨들이 또 난리구나.,1
,,ㅈ암입니다. 시급히 잘라내야 합니다.,1
,,이건 한남이 미안해...,1
,,역시 성진국 빠는 교수답네 ㅉㅉㅉ,1
,,좇맛이 니가 알든 맟인가 궁금했니?,1
,,미쳤다 진짜,1
,,조끄이 생깄네ㅋㅋ,1
,,차 빠졌을때 겁나 뻘쭘해겠네ㅋㅋ 근데 또 이렇게 지랄을 했는데 빠지기도 뭐하니까 반대로 겁나 당당하게 저러는거 아님ㅋㅋ,1
,,고추는ㅡ서냐,1
,,강남 한복판에서 저지랄을,1
,,좃이 뇌를 지배하면 지식이고 지위고 다 필요없는 개가 되는구나,1
,,이병태가 아니라 이 변태구만 미친놈 ㄷㄷ,1
,,차두리가 부릅니다. ㅈ때문이야~ ㅈ때문이야,1
,,바지내리고 뭐할라했냐 이새기야,1
,,개놈!,1
,,개ㅆ샛ㄱㅣ,1
,,갈데까지 간 꼰대,1
,,친일 매국노에다 성추행까지<br>사람 새ki 아니네<br>집행유예 그딴 거 줄 생각하지 말고 징역 때려라,1
,,에고….드러운 ㅅ ㅋ…일베 하는짓이 다 그렇지..ㅋㅋㅋ,1
,,고추를 와플기계에 구워서 개돼지 먹이로 주고싶네,1
,,개소리를 길게도 써놨다,1
,,역시 쓰레기는 어딜가나 개쓰레기 짓을 하지<br>암~~ 그렇고 말고,1
,,일본 변태추앙 ㄱ ㅅ ㄲ 네 ㅋㅋㅋ,1
,,국힘  스카웃 대상이겠네  ㅋㅋ<br>일베충 섹히,1
,,딱 4단어면 충분함 ㅅㅂㅅㄲ,1
,,"ㅋ ㅋㅋㅋ  저게 키이스트  교수  ,,등신",1
,,진짜 세상엔 또라이가 많다 한명한명씩 처단하자,1
,,한마디로<br>미친놈이네<br>마누라와아이들이아빠를참자랑스러하게되어좋겠다,1
,,뭐하는새키냐 ㅋㅋㅋㅋ,1
,,일베 우빨 국민의힘 진짜 문제다 ㅋㅋ,1
,,쥬지가 뇌를지배,1
,,ㅂㅅ,1
,,저기 더듬어 민주당 좌파들 성추행 성범죄도 좀 똑같은 잣대로 다루어 주세요 언론이 한쪽으로 치우치면 안되죠 ㅋㅋㅋ,1
,,그냥 카이스트 출신 성범죄자 교수지 왜 거따가 친일을 붙여서 혐오조장을 하지? ㅋㅋㅋㅋㅋㅋ이런 방송사들도 문제있다 거기에 혐오조장 당하는 지금 대깨문들 ㅈㄴ많은거봐 개역겹게 ㅋㅋㅋ그냥 성범죄자지 뭔 친일하는 성범죄자임?,1
,,원래 친일하는 새끼들이 개좆논리 펼치면서 지성인 인척 존나게 해대는데<br><br>거의 대부분 그냥 지 인성 파탄난 걸 그런식으로 포장하는 법만 배운 거임,1
,,저건 보수틀딱아재들이봐도 ㅅㅂ이라고 하겠다.ㅋㅋㅋㅋㅋㄱㅋㅋㅋㅋㅋ,1
,,부정선거 없었다던 병신이 이젠 변태까지 <br>위장우파의 민낯,1
,,@Bob Kim 뇌는 니가 없겟지ㅋㅋㅋㅋㅋㅋㅋ같은데 뭐가 다르냐고ㅋㅋㅋ하나같이 이런새기들은 논리가 없네ㅋㅋㅋㅋㅋ,1
,,자기 자지빨게 하고 잇던거네,1
,,카이스트 교수가 성범죄 저질렀으면 저지른거지 아베고 친일이고 ㅋㅋ ㅈㄹ한다,1
,,준스톤은 ...<br>엘리트가 나라를 살린다는데...<br>엘리트가 <br>나라를 조진다는 명확한 증거다~!!<br>엘리트 부터...조져야...<br>변대검사가 버졌이 변호사로 살아간다...<br>🤮🤮🤮,1
,,역시 친일 일베 ㅅㄱ는 걸러야지,1
,,전형적인 586 기득권세대들과 더듬어만진당 특징 <br>더러운짓하던 그시대 버릇 못끊음<br>그래놓고 현 20-30대들한테 뒤집어씌우고 개소리하고있지 ㅋ,1
,,북한이 포탄 쏘고 지랄해대도 친북하는 ㅂㅅ들도 있는데 21세기에 친일이 대수냐,1
,,변태쉑 닉값 하네,1
,,빙신아 내리건 올리건 구분을 해야지,1
,,친일이 정상적이라 까발리던 병태....  아! 좆됐다.,1
,,좋은교수님들 많지만<br>저런 이상한 교수들도 <br>너무 많다<br>미친,1
,,미친  시키네.저따위가 교수라고?,1
,,"으이구 ㅁㅊㅅㄲㅇ~~~,",1
,,생긴대로 노는거 ㅈㄴ웃기네 ㅋㅋㅋㅋ,1
,,카이스트나 바지벗고 지랄하는 교수나 저 교수는 자기 가족이 저렇게 당해봐야 알지 어휴 개한민국,1
,,이걸 커버치는 우파는 성범죄자보다 더 나쁜 새끼임 ㄹㅇㅋㅋ,1
,,음주범죄는 원래 더 강력하게 처벌하는게 맞지않나? <br>음주하고 객기부리는 인간들은 죽을때까지도 그 술버릇못고침 그걸 봐준다는 법자체가 어떤 대가리총맞은 틀딱새기 발상이냐? 이젠 법을 고칠때가 되지않았냐? 사회는 비약적으로 발전을 했는데 법치사회는 아직도 후진국수준이네 사람새끼 사는데가 맞음?,1
,,저런 새끼가 어떻게 교수직을 하고 있지?<br>저런 새끼한테 뭐 배울게 있나?,1
,,"누구야? 카이스트가 발빠르게? 친일하면서 비논리적인데...저걸 여태보고있다가 성추행이 밝혀지니 직위해제? <br>진즉에 했어야했는데...램지어같은넘이 국민세금을 처먹고 친일을 하고있는데 그걸 처보고있었단 말야? 그것도 국가기관에서? <br>와 세금 존나 아깝네...여태껏 쉬쉬했것네? 공론화 하고 처내렸어야지...누군가 피해를 보고 언론에 처나와야 직위해제?<br>참 멋같이 발빠르네...저렇게 술처먹고 길바닥에서 저정도면 기존에 몇명한테 피해줬을지도 모르것다...애들학생들한테도 했을지 모르지...더 파헤쳐봐야지..<br>카이스트 참 빨리대응했네...ㅋㅋㅋㅋㅋㅋㅋㅋ",1
,,가발벗고 나와라 씹변태,1
,,ㅋㅋㅋㅋ 지랄도 풍년일세,1
,,많이배우면 뭐하냐고 행동은 발정난 개쉑인데,1
,,아이고 ㅡㅡ 비슷한 나이때인데  ㅡㅡ우째 살아야하나 ? 머 특권의식으로 저질렀것지 한두번 솜씨도 아니고 ㅋㅋ  너는 젖됬다  인생에  노년이 백미인데  ㅡㅡㅡㅡㅡ    넌  젓된거야 ㅋㅋ 추카해요 ^^,1
,,썩은 뇌에서 나오는 행동이 뻔하지~ 역겹게 지성인 흉내내며 그동안 꼴갑 떨었네,1
,,유명한 정신병자를 교수로 쓴 카이스트가 제일 심각한 문제다. 카이스트가 징계를 먹어야 한다. <br>이런 개소리 찌껄이는 놈은 당장 파면해야 애들이 건강하게 공부하지. 이런 놈한테 배운 카이스트 학생을 누가 정상정인 인간으로 보냐??<br>카이스트는 공개사과하라.,1
,,교수&#39;님&#39;은 무슨.. 쓰레기 쉐리...ㅡㅡ,1
,,그래봤자 술취해서 기억안난다 이지랄 하것지뭐,1
,,ㅅㅂ 바지벗고 달려드는거 생각하면 개 소오름,1
,,ㅋㅋㅋㅋㅋㅋㅋㅋㅋㅋㅋㅋㅋㅋ친일파 ㅄ들,1
,,@사파이어 친일하는 틀딱이... 더럽다,1
,,@사파이어 라고 틀딱이 말합니다^^,1
,,으 반일하는 개늙은이...더럽다,1
,,ㅋㅋㅋㅋㅋㅋㅂㅅ도 저런상ㅂㅅ이없다!!,1
,,혀 깨물자. 자손대대 친일도 해가며 개망신이길..,1
,,ㅇH  □ㅣD 졌나,1
,,배운놈들이 더 변태짓 많이함 왜냐? 학창시절 공부만 하느라 저런걸 늦게배우거든 늦게 배운 도둑질이 무서운법,1
,,그러니까 자칭 보수라는 우익꼴통들은 이런놈에 대해선 말 안하냐?<br>난 원래 보수적인 사람인데 진보정권 지지한 이유가 이런거다<br>인성 쓰레기 친일 꼴통들이 보수 코스프레 하면서 부패한 정권 이끌어 가는게 매국이라 보니까<br>이전 김대중 정권은 좌파에 너무 많이 간거 같아서 별로였지만<br>지금 정부는 중도에 가깝다 알것냐 겉만 보수인척하는 잡놈들아<br><br>진정한 보수의 가치는 안정과 신뢰 정의를 기본으로 한다 <br>그런데 이런것을 진보정권이 하고 있냐<br>안정보다는 발전을 신뢰 보다는 변화를 정의보다는 화합을 말하는게 원래 진보란다<br><br>그것이 원래 진보와 보수를 정의하는 용어다<br>지금 우리나라처럼 근현대 이데올로기 개념의 좌파 우파 개념이 곧 진보 보수를 정의하는게 아닌거다<br><br>어떻게 친일 매국노가 보수가 되냐 그게 정상이냐?,1
,,욕도  ..교수라는 타이틀도 아까운 새기.. 퉷,1
,,이름하나 부모가 예술로 지었넼ㅋㅋㅋ이병탴ㅋㅋㅋ에효 이변태찌끼야,1
,,ㅈ이 친일이라 머리도 친일인갑다 <br>그런놈이 꼴에 교수네,1
,,차 주인은 존나 어이없겠네 ㅋㅋㅋ,1
,,맘이아프다 남자들이 안도와주는 이유 별 벼엉싱같은 호로 잡련들이 도와줬더니 제비만도 못한새끼들이 추행으로 고소때리거나 폭행으로 고소미 처먹었는데 증인안해주고 처 튀는 은혜도 모르는 잡년때문임 ㅇㅇ <br><br>앞으로 여성을 돕는자는 고소 먹을 각오하고 도와줘라,1
,,아 이인간 그 헛소리 하는 꼰대였네 친일발언보다 전에  노오력 드립 치던 그인간이잖아,1
,,역시 보수수꼴유투버교수님 일본빨더니 av를 몸으로 실천하시네 부끄러운줄 아시길...,1
,,내가 클릭해 봤지만..     역겹다.썅,1
,,제목한번 조같이 지었네. 이런거에도 반일을 집어넣냐?미개한국. 똥쌀때도 반일. 밥먹으면서도 반일. 미개하다.,1
,,자살 하면 안 됩니다 요즘 삑하면 한 순간의 욕망을 이기지 못 하고 마음껏 표출 해 놓고 후에 정신 차려보니 온 국민들이 자신을 욕하고 피해자에게 조금의 양심의 가책이 느껴지니 그거 못 견디고 그냥 자살해 버리는 새끼들이 꽤 생겨나는데 반드시 스스로 목숨을 끊을 수 없도록 독방에 쳐 넣고 혀 못 깨물도록 재갈 물리고 머리도 부딪힐 수 없도록 묶어놓은 상태로 굶겨 죽여야 합니다 씨발,1
,,@w co ㄴㄱㅁ,1
,,@Chris Oh ㅋㅋㅋㅋ니수준 상대안함,1
,,저런.넘이교수.  교수형감.역켜워.쌍,1
,,먹방 유투버 윤데킬라 말대로 여자 돈주고 사먹지....ㅊㅊㅊ,1
,,미친쉐이크네,1
,,예 그냥 개병신데리고 일하는 카이스트 잘보았습니다,1
,,저새끼 마누라랑 딸년들 일본에 보내서  일본 AV에서 돌리면 돼겠네,1
,,개쓰레기 개변태,1
,,귀싸대기 시원하게 한번만 때려보고싶다.,1
,,저 캐새끼 일본으로 추방시켜 버리세요,1
,,일베충과 틀딱들의 본모습인데 멀 ㅋㅋㅋ,1
,,일본이 그렇게 좋으면 일본비자얻어서 일본쪽으로 국적바꾸고 일본에서 살면서 일본말쓰면 되는거아닌가? 왜 굳이 한국에서 이러는거임? 진짜 이해가안됨... 결국 한국에서 얻을수있는건 다 쳐 얻어먹으면서 친일은 계속하겠다는게 ㅋㅋ존나 모순적이고 웃김 참고로 일본은 절대 외국인에게 자국비자안주지롱 ㅋㅋ,1
,,학생들에게 모범이 되어야할 교수가 발정난 돼지새끼마냥 길거리에서 저지랄했는데 꼴랑 직무해제? 카이스트도 망이구나 ... 망길로 가는 카이스트야 안녕 멀리 나가지 않을께,1
,,도데체 친일이랑 성추행이랑 무슨상관??? 아베가 무슨 보복을 햇으며 일본 좋아하는거랑 성추행이랑 무슨 상관인지?? 친중하는 더듬어강간당은 문제 없고?? 대깨문 기자인가?,1
,,저새끼 자식들은 아빠덕분에 배웠겠네<br>주차인지 정차인지 확인하고 성범죄를 저지르는거.<br>어차피 친일변태벌레가 낳은게 친일변태벌레2세<br>밖에 더 되나.,1
,,&quot;ByeonTae saeki&quot;,1
,,ㅁㅊㅅㄲ,1
,,제자들이 진짜 쪽팔리겠어요 논문 내신 분들 자기 논문앞에 이병철 석자 존나 지우고 싶겟다 ㅋㅋㅋ,1
,,인생 조진겨...ㅉㅉ,1
,,아이구 카이스트 ㅡ저런수준 교수하다니 ㅡ미쳤군 ㅡ망신살 ㅡ가족들은어쩌냐 ㅡ노망온거아냐 ㅡ,1
,,카이스트 저딴애를 교수로 쓰냐.<br>존나 수준 떨어지는 대학이네.,1
,,"더 골때리는건 저 교수가 서울대 찾아가서 애들 광장에 모아놓고 선배랍시고 친일 교육시키는데 그 앞에 쪼로록 앉아서 박수치고 있던 학생 놈의 시키들 ㅋㅋㅋㅋ<br>진짜 이놈의 나라는 글러 먹은건지....앞날이 캄캄하네요. 그 앞에서 박수치던 놈들 본모습을 감춘채 살다가 저 교수놈하고 같은 위치 같은 나이대가 됐을 대 저렇게 커밍아웃할텐데,,,,,<br>싸그리 살처분하지 않으면 대한민국 미래는 없다.",1
,,교수도 잦이가 뇌를 지배하는구나ㅋㅋㅋ,1
,,ㅂ신이 병ㅅ짓 했네,1
,,인간아 니 때문에 니 가족은  미친놈,1
,,있는것들이 더해여 ~~~ 뭔 ㅈㄹ인지 참,1
,,뷩태가 뷩신짓 했네.<br>집안 망신이다 뷩태야<br>개냐? 어디서 함부로 몸을 놀리냐?,1
,,에혀 ~ 교수 내려놓고 꺼져라,1
,,친일 일베쓰레기 교수임,1
,,미친넘~,1
,,또라이네,1
,,이변태 이름부터가 느낌이 오네!<br>이래서 친일수구꼴통일베쓰레기들은 믿고 거른다!!,1
,,역시 친일ㅅㄲ,1
,,이병태 ㅋㅋ 저 쌍판 오랜만에 보네 ㅋㅋ 저런게 무슨 카이스트 교수냐...분명 친일 잔재들이 자리 꽂아줬겠지 ㅉㅉ,1
,,교수님 같은소리하고자빠졌네 짐승새끼지 저게 ㅎ,1
,,저런 놈도 잘못이지만 똥가루 띄어 먹겠다는 년도 잘못이지....그래서 년놈 년놈 이란 말이 나오지,1
,,저놈 감방 안갔나?,1
,,미친,1
,,이사람 작년에 415부정선거가아니라고 주구장창나팔불던사람인데. 대깨문으로 보직변경한사람이여~,1
,,길바닥에서 바지 내리고  ㅈㅈ 내서  ㅅㄲㅅ 했나보네.  상상 이상이다. 이변태 ㅎㅎ,1
,,아 ~ 정말 저런 쉐이들 뇌 좀 실험해라. 뇌우동사리 참 궁금하다.,1
,,자식한테 쪽팔리게 뭔 개 망신이여~<br>멍 멍~,1
,,저런거 당하면 기분 개좆같겠다,1
,,저 사람 박사모 지지하는 놈임 박사모단체가 다 저런 변태같은 성향을 가지고 있다고 생각하면 되는듯,1
,,성범죄 집단은 더불어추행당인거죠?? 말로는 페미니즘 지지하던 사람들이 다 뒤에서는 성추행하고 다니는 당?? ㅋㅋㅋ,1
,,@김찬호 ㄴㄴ 박근혜를 사랑하는 모임 찬호 너같은 성범죄집단 말하는거,1
,,친일 숙청이 절실합니다<br>심영 : 에잇 이나라 족가네!!,1
,,"직위해제..ㅅㅂ총장새키 나와 똑같은 쓰레기들!!자식, 아내 보기 부끄럽지도 않냐!!!어휴..천벌받아라!!!",1
,,절대로 못짜르지 ㅋㅋ<br>다 끼리 끼리 ㅋㅋㅋ ㅂㅅㄴㄷ,1
,,ㅎㅎㅎㅂㅅ,1
,,집유로 나오겠죠? ㅅㅂ,1
,,만약에 여성이 일반인이 아니라 유도인 이었다면 저 변태 교수는 벌써 뒤졌을거야<br>발목후리기 였으면 바닥에 나가떨어졌고<br>매치기 였으면 머리나 등이 먼저 (아스팔트 바닥에)떨어지게 기술이 들어갔겠지,1
,,자르면 아프겠다 씨바로마ㅠ,1
,,이병태: X<br>이변태 쓉세뀌: O,1
,,이야 저걸 해고 안한다고? 카이스트 간판에 똥칠해줘서 오래살게됐다는 선물인가 ㅈㄹ났네,1
,,ㅋㅋ존나웃깁니다ㅋㅋㅋ직위해제?? 해고가 아니라?,1
,,참...진짜  이나라가 어디로갈런지  저런 인간이 교수?? 한숨만 나온다  길거리에서 뭐하냐 개새기냐???,1
,,영상만 봐서는 어떤상황인지 잘 모르겠는데 자막으로 유죄추정 갈겨버리네 ㅋㅋㅋ <br>역시 ㅈ론 탑 엠비씨,1
,,친일은 과학이다. 알겠냐 친일파 색휘들아?^^,1
,,개새키 고생좀 하세요,1
,,배운새끼가 더하네; 친일 좋은거 대대로 친일했나?,1
,,평생 추한꼴보이며 후회속에서 살아라 드런너마,1
,,2002년 중딩때 담임선생님이 늘 이런말을 했었지  &#39;남자는 좆대가리 관리를 잘해야 한다<br>안그럼 인생조진다.&#39;,1
,,"ㅂㅌ 아니고 ㅂ,ㅅ",1
,,매장 되었으면 좋겟다 이정신나간 교수새기,1
,,ㅆㄹㄱ천국이다 우리나라,1
,,ㅋㅋㅋㅋㅋ 대놓고 하는게 개웃기네<br>미친 도라이새기,1
,,우리 엄마들 저런남자라면 딸내미보내야지   엄마들이 좋아하는교수자네 ㅋㅋㅋㅋ,1
,,ㅋㅋㅋ 카이스트는 요새 교수뽑을때<br>성추행전문가를 뽑나보네ㅋㅋㅋ<br>뉴스에도 나오고 가문의 영광이겠다<br>씨발로마ㅋㅋㅋ<br>마누라랑 자식이 보면 좋아라 하것네ㅋㅋㅋ<br>아파트에 플렌카드 걸어드려라<br>우리남편 아부지 여자따먹을려고 하다가<br>뉴스에 나왔다고ㅋㅋㅋㅋ,1
,,그래도 문재앙 아웃!!,1
,,저 ㅅㅋ가 카이스트라니 부끄럽다,1
,,@제로 너도 돼지흥분제 챙겨다니냐???,1
,,@제로 친일 수꼴들은  사이비종교수준 ㅋㅋ,1
,,"명예랄것도 없지<br>명예 챙기는 인간이였으면 주둥이,행동 조심하면서 삶ㅋㅋ<br>그냥 대가리빨로 잘쳐먹고 살다가 얻어걸린거<br>그동안 저짓거리 한두번해온게 아닌듯",1
,,"니 채널 간판이다.<br>&quot;기회는 다양하고, 과정은 자유롭고, 결과는 책임있게 수용되는 사회&quot;<br>ㅁㅊㄴ",1
,,지성인도 음경이 있기 때문에 그 작디 작은 근육 및 피부조직을 훨씬 거대한 뇌가 제어할수가 없다.<br>고로 문제는 음경이다.<br>난 살믄서 여자문제 한번도 일으킨적 없는데<br>이렇게 그 작디작은 혈관조직에 지배당하는 남자들 보면 ㅈㄴ 패고싶음,1
,,나이만 ㅊ먹으면 뭐해요 곱게 늙어야지 바지벗고 강제추행한거보고 교수라는 직함을 떠나 저 인간의 본모습이 드러난거구나.... 더럽다. 저런사람 밑에서 배울 가치가 있을가 싶음,1
,,발정난 개나 아무데서나 ㅈ내놓지<br>저건 인간이 아닌 개 ㅅㄲ,1
,,우파코인 타려고 저러는거 ㅋㅋㅋ 유독 우파에 가짜뉴스도 많은 이유가 우파 지지하는 놈들 특징이 이념으로 편가르기 좋아하고 못배운 빡통들이 많아서 저런 식으로 선동질하기 딱 좋음.,1
,,유퀴즈에 카이스트총장님 나오셨었는데 얼마나좋은분이셨는데  저딴놈이학교이미지망치네...ㅈ,1
,,저 등신. 사고 칠 줄 알았다.ㅎ,1
,,카이스트도 ㅂㅅ이네.... 당연히 해고 아니냐??? 좀있다가 잠잠해지면 다시 교수로 복직시키겠지....,1
,,아 씹새 끝..,1
,,시바 닉값하네ㅋㅋㅋㅋㅋㅋㅋㅋ,1
,,이래서 배운놈들이 더 정신병자인듯,1
,,@클모주니dj 개 ㅂ신인가 이건 ㅋㅋㅋ 성추행 이야기하는데 대통령 간첩 꺼낸 정박아가 누군데 ㅋㅋㅋㅋㅋ,1
,,어떤 병신이 야동보고 아 실제로도 이러는구나 이러고 따라함,1
,,"유튜브는 합법적으로 틀딱, 아재들 못하게 나라에서 막아야함",1
,,대가리가 좋아도 인성이 바닥이면 ㅉㅉㅉ,1
,,@안녕하세요 너의 친일파 스러운 ‘미개함’만할까?,1
,,@안녕하세요 친일 매국노로 살면 기분이?ㅋㅋ,1
,,@안녕하세요 먼 개소린교,1
,,@생존왕츄노꾼 친중친일은 아니더라도 어느정도 가까운 관계는 유지해야하는데 ㅋㅋ한국인의 특유의 &#39;미개함&#39;과 정부과 사람들을 이렇게 만들어놓네,1
,,"꼭 진보세력이 작은 실수하면 &#39;이게 좌파의 실체, 내로남불 좌파&#39;라며 기다린것 마냥 댓글창 도배되는데 극우 세력들 강간, 탈세, 뇌물수수 밥먹듯이 저지르는거 기사뜨는거엔 전혀 반응안하더라? 내로남불은 방구석 극우베충이들이 더 하지 않냐?",1
,,@fact Real 장기한판 둬도 있던자식도 없어지는 판국에 애들이라고 욕못하면 욕에도 규제해야지 거 당신처럼 애들애들 하니까 꼰대들 비꼬는거 아니요~좀 열린생각좀 합시다 선생님,1
,,좌빨 반일충들 신났네!,1
,,더불어만진당이지,1
,,시바 저런 양아치넘들 꼭 한명씩있으니까 페미가 날뛰잖아<br>저런넘들 없었으면 페미 진작에 사라졌는데 저런 사형시켜야할넘들 있으니까 페미들이 미친논리로 물고 느러지는거지<br>진짜 나머지 인생 감옥에서 강간당하면서 살거나 고자만들고 감옥에 넣거나 둘다하거나 해야함,1
,,쓰레기 새끼가 ...카이스트에..ㅋㅋ,1
,,아니 싫다는데 왜 치근덕대 미친놈이,1
,,봉신이 봉신짓 하는데 이상한 건가? 봉신이 카이스트에 있는 게 좀 이상하긴 하지만..,1
,,@s 난독증 있으신가 도대체 어디에 제 댓글과 이 원래 작성하신분의 댓글에서 독도분쟁 끝나면 친일해도 된다고 적혀있음?? 흑백논리에 갇혀서 능지 박살나신 분인가,1
,,맘이 아프네 처벌도 약할텐데 .. 피해자는 평생 괴로울텐데.. 낌새를 느껴도 그냥 가자고 여친 팔 잡는 남성을 봐도 한국 법이 ㅈ같다는게 느껴지지,1
,,저런 발정난 개새끼 한테 돈받쳐가며 배우러 가는 학생들은 뭔 죄냐 ㅋㅋㅋㅋㅋㅋ,1
,,늙어가지고 길바닥에서 교수라는 사람이 바지벗고 ㅋㅋㅋㅋ<br>완전 ㅁㅊㄴ아니가 얼굴들고 다니지마라,1
,,@한기형 <del>-틀-</del>,1
,,@미나토 느그 틀니새끼들 빼곤 다 알고있어요 ㅋㅋㅋㅋㅋㅋ,1
,,"@김남정 대깨닭쥐 ㅋㅋ  깜빵가도  광신도 처럼 빨아주누  친일,수꼴들인 다 사이비집단이냐 ㅋㅋㅋㅋ",1
,,@미나토 담선거때 재앙깜빵확정인데 ㅋㅋㅋㅋㅋㅋ 돌아가는분위기 아직 모르노,1
,,@Korea supports the democratization of Myanmar 총선 부정선거 외치는 새끼들은 진짜 제정신 아닌 틀니새끼들 맞는데 뭐만 하면 일베로 몰아가는 그 태도 좀 고쳐라 제발<br>아무리 말해봤자 민주당 마냥 절대 안들어쳐먹을건 알고있지만 그래도 얘기는 해본다,1
,,@Ken Holond 뒤지면 염치있는거라고? ㅋㅋㅋㅋㅋ 그냥 현실도피지 뭔 염치 ㅋㅋㅋㅋㅋㅋㅋㅋ 진짜 염치가 있으면 조사 다 성실하게 받고 형량 똑바로 받고 쥐죽은듯이 평생 피해자한테 사죄하면서 살아야지 ㅋㅋㅋㅋㅋ 지가 쫄려서 뒤진거가지고 또 성역화 시전중 ㅋㅋㅋㅋㅋ 역시 무지성 대깨문 ㅋㅋ,1
,,@세종전하 우리편은 성추행하고 바지벗어도 ㅇㅋ라고~ 이게 바로 우리가 얘기하는 보수다 ㅋㅋㅋㅋㅋ 저딴 확실한범죄사실에 대해서 감싸는 능지수준 하고는 ㅉㅉ ㅋㅋㅋㅋ,1
,,"주의! 대깨문, 좌빨들이 분노하여 곧 썩어질 채팅창입니다",1
,,제발 구속하자 씨발,1
,,여러분들 덕분에 도저히 이해가 안되던 일본인들이 한혐을 하는 이유를 알게되었습니다. 감사합니다 ㅂㅅ들아,1
,,저 ㅅㄲ한테 배운 놈들도 만만치 않을 듯,1
,,빡대가리네 ㅋㅋㅋ 아빠찬스로 교수 됐나보네,1
,,친북교수는 술만먹어면 발정나는 모양이지 더덤어만지당처럼,1
,,친일 찬양하더니 쓰레기 아니랄까봐 <br>길거리에서 바지부터 벗네 ㅋㅋㅋㅁㅊ대단해 ㅋㅋ<br>또 안봐도 처벌도 술마셔서 기억안난다하고 <br>뭐든 감형 받겟지 ....어휴 ...<br>나라 법 언제쯤이나 바꿀지 ...쓰레기들이 너무 많아...,1
,,진짜 미친새낀가...ㅠㅠ,1
,,ㅈㄴ더럽다,1
,,"@류종성 레퍼런스체크만 확실히 해도 반은 거를수 있음. 그냥 실적만 보고 지금은 교수를 뽑는 시스템임,, 특히 이공계.. 이사람이 실험실 생활이 어땠고, 백그라운드가 어떤지 선발하는 사람이 충분히 노력하며뉴알아낼 수 있지만, 절대 그렇지 않다는것.<br><br>물론... 저런 변태ㅅㄲ를 거르는건 좀 힘들어보이긴 함 ㅇ",1
,,하는짓이 딱 더듬어민주당인데?,1
,,재검색해봐라 자한당놈 ㅋㅋㅋ,1
,,피해자보다 가해자를 더 보호해주는 나라 VS 여성의 피해에 굉장히 민감하신 우리의 ㅍㅁ나라,1
,,@ᄉᄒ 니도 논리가 없누 ㅋㅋ,1
,,씹 ㅋㅋ 문과가 댓글도 달 수 있냐,1
,,자식들고 벗고다닐것같은데.<br>..그애비의 그새끼들일테니 ㅋㅋㅋㅋ,1
,,집에서도 저래서 자식들도 안놀랠거 같은데 미친놈이 미친짓을 밖에서 해서 쪽팔리겠지,1
,,미친놈이 미친놈했네,1
,,성추행이랑 친일이랑 보수랑 뭔상관 <br>정치 묻혀서 논지를 흐리지좀 마라 <br>친일은 친일이고 성추행은 성추행이고 보수는 보수지 일반화의 오류도 모르는 사람들이 뭔.. 어휴 <br>그렇게 따지면 오히려 더듬어만진당이 더 심하다,1
,,@우파승리 415총선 무효  ㅋㅋㅋㅋㅋ 돈도 없고 늙기만 해서 아으 추해 늙는것도 방법이 있어요 그냥 잠자고 일어나면 1일에서 2일 넘어가는게 아냐 ㅎ,1
,,@ams 대깨박쥐다 ㄷㄷ,1
,,@미나토 대깨문이다 ㄷㄷ,1
,,@이성준 와~ 쓰레기,1
,,@이성준 ㅋ 그럼 저 교수한테 왜 친일했냐고 물어봐 ㅂㅅ아 애초에 저 교수 과거행적이나 발언봤을때 누가봐도 명백한 친일파인데 아니꼽냐? 괜히 마음이 아퍼? 느그들 좋아하는 친일파 인사인데 이런 사건 일어나서?,1
,,@박현서 통계타령말고 더불어만진당 어원 알아보면 금방 공감이 갈텐데~미투에 연루됐던 놈들 찾아봐도 답나오고~내 뇌피셜이 아니라 니가 대깨문이라 사리파악이 안되는 거란다.,1
,,@poppy castle응 통계 가져와보거라 모르고 뇌피셜로 씨부리 말거라,1
,,박근혜 대통령님 욕하는걸 보니까 대깨문이네... 중국으로 가라,1
,,정신병원 + 초등학교 다시 가서 역사공부 다시하자,1
,,@우파승리 415총선 무효 전 박원순 쉴드 친적이 없는데요?  박원순이 잘못했고 처벌을 받아야 한다고 생각 합니다 이제 답변좀 해주시겠어요? 과연 ㅋㅋㅋ? 당신딸이 ㅋㅋㅋㅋ 저꼴 당하면 뭐라 할지? ㅋㅋㅋㅋ 당신 와이프가 길바닥에서 저런꼴 당하면 뭐라 할지? 궁금 하네요  답변좀 부탁 드립니다 ㅋㅋㅋㅋ 혹시 그거 아세여 예전 욕으로 개가 붙어먹는다 말 아세요? ㅋㅋㅋㅋㅋ그게 바로 저 교수 처럼 길바닥에서 개처럼 붙어 먹을려고 해서 우리 선조들이 아주 더러운 짓이라고 욕하는 거에요 ㅋㅋㅋㅋ 궁금 하네요 답변좀 주세여 ㅋㅋㅋㅋㅋㅋ 풋 ㅋ,1
,,@우파승리 415총선 무효 니는 왜 변태 쉴드 치는데  국짐엔 성추행범 없냐?ㅋㅋㅋ 내로남불 정치인이랑 똑같네 만지당 국짐당 이나 똑같어,1
,,@카밀인 성추행범 박원순 쉴드치면서 이병태 교수님 욕하는 혐일대깨문ㅂㄷㅂㄷ,1
,,@우파승리 415총선 무효 질문좀 해도 될까요? 만약 당신의 딸이 길바닥에서 저런짓 당하고도 가만이 있겠어요? 아님 당신의 와이프가 바람피다가 길바닥에서 저러고 다니면 가만이 있을건가요? 이건 좌파 우파 민족주의 어쩌구 떠들 만한 토론의 주제가 아니라 범죄라구요 성범죄자 이해 안되세요  ? 진심으로 궁금 하네요 과연 당신의 딸이 길바닥에서 저런 성폭력을 당해도 ㅋㅋㅋ풋 ㅋㅋㅋ 이렇게 똑같이 댓글 쓸수 있는지 ㅋㅋㅋㅋ 남이 하면 불륜 내가 하면 로맨스가 뻔 하겠지만 말입니다 ㅋㅋㅋㅋ,1
,,@불타올라 갑자기 일본드립치는거봐 이게 무지성 대깨문의한계라니까 논리적으로 반박할생각은 안하고 학교다니면서 배운거라고는 주입식 반일 반미만 오지게 배운애들이 이렇게되는건가,1
,,@우희힝 이새끼 웬일로 시비 안터냐ㅋㅋ,1
,,ㅋㅋㅋㅋㅋ미친 바지교수라니,1
,,저런 수많은 미친 정신나간😈가해자들 응징해서라도🗡반드시 삼청🔥정신교육대 부활해야 한다😡,1
,,성추행범 박원순 쉴드치면서 이병태 교수님 욕하는 혐일대깨문ㅂㄷㅂㄷ,1
,,또 한남이야?<br>ㅋㅋㅋㅋㅋㅋㅋㅋ<br>대단하다 여혐민국,1
,,@집사 둘다 꼴통이 있는데 보수애들이 저런미친놈들까지 다들 쉴드치려하니까 그게 문제죠.. 기세 등등해져가지고 아무렇치도 않게 당당하게 친일하니까요 ㅋㅋㅋ 이젠 아예 일본 고유의 땅 다케시마를 뺏으려하는 한국정부 타도 ㅇㅈㄹ하고다닐판 ..  요즘 뉴라이트들은 선을 넘어도 씨게넘은듯해네요. 그렇다고 좌측이 용서되는것도 아니죠 180석으로도 무능하니까.. 결론부터 말하자면 둘다 ㅂㅅ이란거죠.. 하지만 현재 제가 20대인데 미래의 기둥이 될 현 동갑네기들이 대부분 일반 보수가 아니라 뉴라이트를 선호해서 그게 좀 걱정되긴하네요.. 제 생각엔 한국은 진보와 보수의 개념부터 다시잡을 필요가 보여요.. 뉴라이트라던가 극좌파가 더 생기는걸 막기위해서는..,1
,,역시 한남,1
,,소상소감 ㅅㅂㅋㅋㅋㅋㅋㅋ 개신박하네,1
,,미친놈이네,1
,,동네 돌아다니는 길고양이도 관심안줬을텐데 카메라 수십대에 기자수십명이 마이크들이밀면서 관심주니까 지가 뭘잘못했는지도 모르고 ㅂㅅ마냥 당당한말투보소 어디 올림픽나가서 금메달따왔냐 느자구없는ㅅㄲ야,1
,,존중 좋이하시네 ㅅㅂ 별 그지 같은게 존중을 논하고있어,1
,,오토코노코에 쇼타콘? 미친ㅋㅋㅋㅋㅋㅋㅋㅋㅋㅋㅋㅋ,1
,,트위터랑 노예플이랑뭔상관인데 지랄하네,1
,,무슨존중? 넌 잣댄거야ㅋ,1
,,트위터 ㅈㄴ 음란한가보네 페북이랑 똑같은 sns아닌가...?,1
,,비영신 ㅋㅋㅋ,1
,,아니 대가리 바짝들고 개당당하네?<br> 진짜ㅋㅋㅋㅋㅋㅋㅋㅋㅋㅋ아니 ㅋㅋㅋㅋㅋ저건 뭐하는병신일까ㅋㅋㅋㅋ,1
,,깜빵들어가면 진짜 좆되겠다ㅋㅋ,1
,,ㅋㅋㅋㅋ아닠ㅋㅋ 너 범죄자세욬ㅋㅋㅅㅂ<br>존나당당하네,1
,,역시 대깨문들의 고장 전라도 대전 ㅋㅋㅋㅋ,1
,,ㅈㄴ 당당하네,1
,,재도 페미겠지 ㅋㅋ,1
,,공인중개사 동기?? ㅋㅋㅋㅋㅋ<br>병신아 사시패스했냐?? ㅋㅋㅋ,1
,,"우째보면 ㅈㄴ 대단하네ㅡㅡ 떨리지도 않나 와,,,무슨 강심장이네 ㄷㄷ",1
,,또2라이..,1
,,수상소감말하나?<br>이새끼뭐지?.....,1
,,당한 새끼들이 ㅂㅅ 아님ㅋㅋㅋ???,1
,,점마 진짜 대단하네 씹새끼 ㅋㅋ,1
,,ㅈㄴ뻔뻔하네ㅋ,1
,,ㅅㅂㅋㅋㅋ 지가 뭔 도둑잡았냐 존나 ㄹ<br>자랑스럽고 당당하게 씨부리네 ㅋㅋㅋㅋㅋ<br>저런놈들은 @ㅐ미 @ㅐ비도 못알아볼정도로<br>개패야하는데,1
,,말투 ㅅㅂ 우웩 너같은사람을 누가 존중한대냐 ...???,1
,,안경은 왜벗음?벗으니까 더 ㅈ같이생겼는데 ㅋㅋ,1
,,뭐 어쩌라고…ㅋㅋㅋㅋㅋ 구해주셔서 성실하게 뭐 가 감사해 ㅆㅂ ㅋㅋㅋㅋㅋ,1
,,인터뷰하냐 ㅅ바<br>얼굴 깠는데 감당가능하냐,1
,,피해자도 ㅂㅅ아닌가? ㅋㅋ,1
,,피해자도 ㅂㅅ맞음ㅋㅋ 여자 알몸 보고싶어서 지 나체사진 찍어서 순순히 보낸건데ㅋㅋ개더러움 똑같은 새끼들이야 다,1
,,아니 남자 몸캠을 어케 얻은거임?<br>화장실 몰카같은거임?<br><br>(수정)<br>ㅋㅋㅋㅋㅋㅋ 병신들 몸캠을 왜보내노 <br>가해자 피해자가아니라 <br>병신과 장애인이었네 ㅋㅋㅋㅋ,1
,,@알밥 아니 ㄹㅇ 여자들은 몸캠 보낼때 차라리 돈이라도 받앗지 쟤네는 ㅅㅂ ㅋㅋㅋㅋㅋ 개호구가 따로없노 ㅋㅋㅋ,1
,,응 너 인생 조졌어ㅋㅋㅋㅋ 이제 성범죄자 꼬리표 다는거야,1
,,형때문에 페미들이 미쳐 날뛰고 있어 알아?,1
,,난또 변호사가 대변해주는줄 ㅈㄴ웃기넼ㅋㅋㅋㅋ대단하다 저당당함..,1
,,이씨발럼뉸깔띄지마라,1
,,그냥 한국이존나 귀엽네 ㅋㅋㅋㅋㅋ 뭘 자랑이라고 저딴걸 찍어.. 뺨 존나 쳐도 모자를판에ㅠㅠ 한국 참.. <br>아직까지도 대한민국 모든 남자들이 소개팅 어플에 속는다는점~ 모든 여자 카톡 프사에 속는다는점~ 셀기꾼에게 당한다는점~ 당해도 한번 빠지면 못나오는 그런 도박같은 플레이 어플 살인.. 존나 한심하넼ㅋㅋㅋㅋ,1
,,진짜 지랄났다,1
,,이새퀴 머지?ㅋ 말투 왜저래ㅋ,1
,,한국 남자가 그렇지 뭐 ㅉㅉ,1
,,@모장혁 ? 여자N번방은 무슨 ㅋㅋㅋ 그거 게이가 한 거라고 밝혀진지가 언젠데 ㅋㅋㅋㅋㅋㅋㅋㅋㅋㅋㅋㅋㅋㅋㅋ그리고 애초에 6.9소추 돼지 한남 몸을 돈 주고 보는 여자가 세상에 어딨냐; 오히려 보면 돈 줘야됨 눈 썩어서 ^^,1
,,아시발 대전이었냐… 개역겹네,1
,,면접보네 쉬방새가,1
,,요즘 세상이 그러더라고 범죄저지르고 감빵가자는 생각이 ㅈㄴ많응,1
,,ㅋㅋㅋ진짜 ㅋㅋㅋㅋ씨발 무슨 와...ㅋㅋㅋㅋㅋ 기자회견하나?,1
,,&quot;구해주셔서&quot; ㅇㅈㄹ하네ㅋㅋㅋㅋㅋ 이래서 범죄 저지른 새끼들한테 악마어쩌구 희대의어쩌구 이런 특별해보이는 명칭 갖다주면 더더욱 안 되는 듯.. 사실상 얘같은 애들은  ㅈㄴ추잡한 놈에 불과한데 지가 뭔가 남들이랑 다르고 차별화되어있는 악당이라는 믿음까지 탑재된 거 같아서 욕나옴. 바퀴벌레가 지가 무슨 엄청난 맹수 같은 거라고 굳게 믿게 있는 거 같음... 걍 겁나 징그러울 뿐인데 반성안함+자의식 과잉으로 저런 말까지 한 거 같은 게 폐급스러워서 역겨움,1
,,및친놈이네,1
,,게이새끼,1
,,난 오히려 이게 나은듯 얼굴 가리고 죄송한척 묵비권 행사 그게 더 좆같듬,1
,,미친넘아니여..ㅡㅡ,1
,,나가뒤졀,1
,,뭔 개소리야 뭐가 노예와 주인 놀이 하는 걸 보고 그게 여기까지 와. 합의하에 해야 하는 게 정상인데. 서로 상호 합의 하에 얌전하게 노는 정상인들은 뭔데 그럼. 주종 플레이가 무허가 유포 등의 범죄나 합의없는 강간과 같은 성범죄로 소비되어서는 안 되는 건데. 그냥 지가 개새끼인 거면서;,1
,,존중? 지랄하네 뭔,1
,,존나 당당하네ㅋㅋㅋ,1
,,지도 피해자인듯 말하네;; 트위터를 접해도 너처럼 미성년자를 성추행하고 성착취물 강제로 안찍어ㅋㅋㅋㅋ 미친놈이,1
,,존나 역겹네,1
,,시발 말하는거 당당한거 봐 진짜 세상에 병신많구나 ...,1
,,게이임...? 주빈이랑 같이 해라...,1
,,그래 모자이크 안하니까 얼마나 좋냐 저런 범죄자 새끼 미리 피할 수 있어서,1
,,염병떨고있네  어른들이 일탈하는 어린양을 구해준게 아니라 경찰이 쓰레기같은 &#39;범법자&#39;를 잡은거야,1
,,트위터 봐봐라 저런새끼 한두명이 아니다 <br>진짜 사회에 개무서운새끼들이 너무 많은듯 ㄷㄷ,1
,,말을 왜저리 씨부리노 <br>관상을 봐라가 뭔말인지 알겟네,1
,,ㅁㅊㄴ아 수상소감 발표하냐?<br>반성은 갯뿔.,1
,,성추행 하는 저 쉑도 문제지만 몸사진 교환 하자고 진짜 보내는 발정난 애들도 잘한거 없음 ㅋㅋ,1
,,ㅅㅂ 이거 뭐 누가 성공하고나서 만드는 자서전에나 나오는 말들을 쳐하네 ㅅㅂ 진짜 어2 없어,1
,,걍 ㅂㅅ,1
,,아시발 수상소감하녜,1
,,여자라고 착각해서 노예 플레이 찍은 새끼들도 잘못이라 생각한다,1
,,ㅆ 뭔 대본 짰냨ㅋㅋㅋㅋ,1
,,둔산경찰서? 대전새끼였어? ㅋㅋ,1
,,^^ㅣ버럼아 수상소감 하는줄 알았네 걍 무기징역때려라,1
,,저새끼 그냥게이였는듯ㅋㅋㅋ 애기들몸봐서 뭐할려고 병신이ㅋㅋ,1
,,수상소감발표하나?<br>존나어이없네,1
,,범죄자새끼가 성실히 수사에 임하겠습니다 이지랄하네,1
,,소리안키고봐서그런데 마지막에 안경 마스큰 왜벗는거임? 갑자기 훅들어오네 ㅆㅂ롬이,1
,,ㅈ같이 ㅅㄱㄴ,1
,,교도소가면 성범죄는ㅈ되는거임...,1
,,ㅆ발 무슨 수상소감인줄 알았네,1
,,"아니 씹ㅋㅋㅋㅋ 쟤는 지금  &quot;나는 범죄를 저질렀지만, 열심히 반성할줄아는 멋진사람이야&quot; 이렇게 생각하는듯ㅋㅋㅋ 지가 멋진줄아나봨ㅋㅋ",1
,,근데 ㄹㅇ 트위터에 ㅈㄴ 많긴함..,1
,,존중해주는 사람이 있어 감사하단게 뭔 개소리임? 저 미친놈이 했던 짓거리들을 존중한게 아니라 내가 개새끼지만 개새끼처럼 대우를 안 해준 사람들께 감사한다 이 소리지? 근데 그런 말을 여기서 한다고? 뇌가 비었나… 진심…,1
,,뭔 수상 소감 발표하나 진짜 존나 패고싶다..,1
,,ㅁㅊ놈,1
,,왜 이렇게 떳떳해 씨벌럼 ㅋㅋ,1
,,ㄸㄹㅇㅅㄲ수상소감 하러나왔냐??,1
,,약자만 골라 괴롭히는 찐따새끼들 ㅈㄴ 많네 진짜,1
,,ㅋㅋㅋ 저새끼 뭐라하는 사람들만 있다는 거도 참 대단하다. 저 새끼한테 당한 멍청한 새끼들은 언급도 안 하네. 당한 새끼들도 똑같은 새끼들인데 성착취는 ㅋㅋㅋ 그저 여자라면 좋아가지고 헬렐레 거려서 몸캠 교환한 새끼들. 그 새끼들이 과연진짜 피해자일까 의구심이 든다.,1
,,사람만안죽엿지개싸이코네,1
,,진심으로 죄송하고 실망시켜드릴것 같으면 왜 했음?ㅂㅅㅋㅋ,1
,,ㅈㄴ당당하네 이래서 트위터하는사람 걸러야,1
,,ㅆ게이련,1
,,다른말 필요 없다.<br><br>쟨 개.새.끼 다 진짜,1
,,뭐래는거야 애초에 죄를 짓지 마세요 <br>구해주셔서 감사합니다 ㅇㅈㄹ,1
,,미친놈,1
,,야라이 새기야,1
,,ㅈㄴ 뻔뻔하다. 🐕ㅆㅅㄲ네  . 판새가 몇년 줄까? 존중?,1
,,x발 무슨 수상소감을 하냐,1
,,거만떠는 얼굴 ㅈㄴ역겹네ㅋㅋㅋㅋ<br>지가 뭐라도 된줄알고 저러는건가??<br>그래봤자 추악한 성범죄자ㅅㄲ일 뿐인데??<br>남한테 큰 트라우마를 안겨준 놈이니까<br>너도 벌 받고 죽을때까지 꼬리표달면서 힘들게 살아라 제발,1
,,ㅆㅂ 여성판 n번방도 공론화하라고,1
,,그게 이거 아님??ㅋㅋㅋㅋㅋㅋ개빡대가리쉑 어디가서 티 내지말라니까,1
,,ㅅㅂㄹㅁ 어디 상 받았냐? 제발 사형 시켜라,1
,,sibal세상무섭네 ㅋㅋㅋㅋㅋ,1
,,김태현보다는 낫다 그냥죗값만 받고 착하게살자 더한색기들도 많은데 페미국가라 좀 힘들꺼야,1
,,미 ㅊㄴ,1
,,진짜 세상이 미쳐 돌아가는 구나.. 다 죽이자 속시원하게 미친놈들,1
,,요즘은 왜 이렇게 젊은 놈들이 ㅅㅂ 저런 쓰레기 짓들을 많이 하는거냐? 정직하게 일해서 돈 벌 생각은 안하고 쉽게 돈벌라 그러네,1
,,강연하니..?? 마스크도 벗고 안경도 벗어가면서 연출 졸라 열심히 하넹 변태새끼,1
,,뭔 존중이야 개새끼얔ㅋㅋ,1
,,"<a href=""https://www.youtube.com/watch?v=fwDQz_LtC98&amp;t=1m43s"">1:43</a> ㅋㅋㅋㅋ진짜 또라인가",1
,,그낭 시발롬이라는말밖에안나옴,1
,,미친ㅅㄲ네 ㅋㅋㅋㅋㅋ,1
,,우욱씹;;;,1
,,죄송하지않지만 존나 멋없으니까 멋있는척 쳐 말하지말이줄래?? 가짢으니까<br>ㄸ1발 요즘 범죄저지르고 단상앞에서 끼부리는게 트렌드냐????,1
,,피해자들은 저 십새끼가 얼마나 밉고 무섭겠냐<br>피해자들은 ㅈㄴ 당당해서 더 진짜 화나고 억울하고 슬프고 여러감정들이 섞여있겠다,1
,,쌉소리 지리네ㅋㅋㅋ지가 뭐라도 된줄아나,1
,,바로 트위터 광고뜨네 ㅁㅊ ㅋㄱㅋㄱ,1
,,저런 ㄱㅅㄲ들 매달아놓고 조패면 안될까?,1
,,그게 자랑이냐? 또라이같네 ㅋㅋㅋ 너도 피해자라고 하는거냐? ㅋㅋㅋ 트위터를 통해서 배워서 너도 피해자라고 하는 거냐고 뭐 저런. xxx넘이 있나,1
,,남자 병신놈들아 제2n범방도 범인 남자로 나왔다고,1
,,@12cm 정원 조주빈 사건 터졌을 때 &quot;그러게 돈 준다고 했다고 지 몸사진을 팔아? 조주빈이랑 다를게 없네&quot; 이지랄 하던 정신 나간 애들이랑 원댓이 뭐가 다름? 이게 2차 가해가 아니라는게 말이 되나?,1
,,우리나라에 불편러들이 진짜 많긴 많네~ 죄지으면 무조건 눈 깔고 고개 숙이고 있어야 되는거임? 본인이 잘못했다고 인정하고 죄송하다고 하는데 니들이 어쩔건데? 직접적인 피해자도 아니면서 무슨 태도 타령이야? ㅉ  고개 빳빳히들고 있다고..범죄자 &#39;다운&#39; 태도가 아니라고 풀발들 하면서 아니꼽게 보는게 너무 아니꼽네. 나 저 범죄자 옹호할 생각으로 쓰는게 아니라 꼰대 같은 시선으로 범죄자 태도 지적하는 애들이 아니꼽고 불편해서 쓰는거다,1
,,ㄹㅇ 동감 ㅋㅋㅋㅋㅋㅋㅋ<br>억양도 원래 저런 사람이 있고 그냥 어설프게 죄송합니다만 하고 끝내는 다른 사람과 달리 꽤 반성하는 모습도 보였는데 뭐 소시오패스네 반성 기미가 안 보이네 그냥 꼰대 마인드로 욕 박아버리기.... 소시오패스인지 반성 안 하는지 지들이 어떻게 앎 ㅋㅋㅋㅋㅋㅋ,1
,,@hardtouchfreestyle 사회부적응 티내네,1
,,@Ra Nee ㅋㅋㅋㅋ 우리 엄마는 그렇게 꼰대가 아니세요.. 추측성 발언 역하다 진짜..,1
,,진짜 ㅅㅂ 내 눈 좃같아서 못 보겠다 아,1
,,제2n번방은 ㅅㅂ 왜안하냐? 페미민국 ㅅㅂ,1
,,남자라고 나왔자나 병신들아,1
,,뭘 구해줘 ㅅㅂㄹㅇ 넌 지옥가야 됨<br>성범죄자를 누가 존중해,1
,,존나 찐따같은데 무슨 영화 멋있는 악역 주인공이라 착각하나 자의식 과잉 쩌네 ㅋㅋㅋㅋㅋㅋㅋ,1
,,누가 보면 대상 소감문이야 당당하고 떳떳한게 이색기는 자기만의 자신감이고 어떠한 커리어인줄 알겠지 그냥 미천한 범죄자 일뿐이야 이 정신나간색기야,1
,,@Ra Nee 얼굴은 걍 평범한데?<br>마인드하고 하는짓은 개병신이지만,1
,,야 씨발 안경 벗어봐<br><br><br><br><br>벗었네?,1
,,엉덩이를 조심해..넌이제..ㅈ댓다...,1
,,수상소감하냐 ㅁㅊㄴ,1
,,근데 트위터에 골빈년 골빈놈들 존나 많음 ㄹㅇ 사람년놈들 맞나 싶을정도로 ㅋ;;;,1
,,ㅈㅇㄲ ㅆㅂ,1
,,카메라들이 저리 찍어주니 뭐가 된거 같나 <br>실상은 그냥 익명이라는 가명에 숨어서 불법행위를 저지른 찌질인데 어른들이 구해줬다 ㅇㅈㄹ,1
,,근데 피곤해서 눈감으면 ㅈ대는거아님?,1
,,저러다 한방이다 뒤지는거,1
,,윙슈트 쓰다가 뒤지면 하나도 안타깝거나 슬프지 않음 ㅋㅋㅋ<br>그러게 위험한짓하래? 딱봐도 위험해 보이는 스포츠 즐기다 뒤지면 그게 사고냐? 자살이지 ㅋㅋㅋ,1
,,에라이 싯팔 ㅋㅋㅋㅋㅋㅋㅋㅋ,1
,,음주비행 ㅆㄱㄴ,1
,,@후니 호군가 ㅋㅋ차타고 출근한담에 날아서집가는데 차를 또 어케타고가냐 빡대갈아 ㅋㅋㅋ,1
,,@재활용 가해자면 닥치고 계세요,1
,,@재활용 잼민아... 지랄좀 적당히해라..,1
,,@재활용잼민아....너가 재미없는거지 시비걸지말고 삭댓하렴 다른사람들에게 욕쳐먹기전에,1
,,시발 람보르기니로 과일배달하는거면 저건 부업 아니냐,1
,,진짜 돈g랄이다,1
,,시발 좀 도와주십쇼,1
,,이쑤니까 이지랄 하는걸 왜 지랄이지??,1
,,자격지심한남ㅋㅋㅋㅋㅂㄷㅂㄷ,1
,,페미 어서오고,1
,,@할라페뇨치즈폭탄  쳐맞을소리하네,1
,,@수비대 갑자기 엄마 없는 소리하네,1
,,@수비대 시비충 색히,1
,,@수비대 ㅄ,1
,,@수비대 ㅋㅋㅋ 너 부모님이 빨갱이 아니고?,1
,,돈 존나 퍼주던데 그냥ㅋㅋㅋㅋㅋ,1
,,@유튜브 혁명가 뭔 쌉소리야<br>예도 ㅈ같이 들고 일상생활 가능?,1
,,ㅋㅋ 부러워? 신경안쓰면될것을<br>혁명 ㅇㅈㄹ 만화 그만쳐봐,1
,,불법으로 번 돈도 아닌데 왜 ㅈㄹ이냐 ㄴㄱ 부모를 탓해라,1
,,@우희힝 이젠 무시 당하노 ㅋㅋ,1
,,찐따들 종특 나라놀이 ㅋㅋㅋㅋ,1
