,comment,sentiment
1,전라도사람끼리전라도했네,1
3,실명얼굴 공개 수배해야 하는 거지 가명은 뭐가 얼굴은 어디갔나 대체 한국법은 범죄양성법이 아니고 뭔가,0
4,정말 인간도 아닌 짐승보다 못한것을 만나고 있었네요 자기 아이를 가진 여자에게 사기라니 엄마는 강하니까 아이보고 힘내세요 ,0
5,저런 인간은 남자구실 못하게  거세 시켜야혀,1
6,사기꾼 남자개자식,1
9,개쓰레기천벌받아라,1
10,여자분이 순진하시네결혼전 시부모식구들 안만나봤나,0
11,결혼 아기까지 낮게하는 진화된 사기수준 참 무섭다,0
12,본인이 가진게 없는데 누가봐도 괜찮은 남자가 좋다고 하면 의심부터 해라 제발 ㅠㅠ 상식적으로 말이 안되는데 왜,0
13,아기목숨값을 뺏아간거네,0
14,파산신청하시면 받아들이지 않을까요,0
18,빛이라도없어야애기랑살텐데어쩌나요힘내시구,0
19,우리나라 법,0
20,그렇게 돈 많은 왕자님은 일반인과결혼 안 합니다 그냥 사기꾼 입니다,0
21,애기까지  ㅉㅉㅉ여자인생 망쳐놨네,0
23,이런 인간들 신상공개 좀 되게 법 좀 바꼈으면 당한 사람은 무슨 죄야,0
24,ㅋㅋㅋㅋㅋㅋㅋㅋㅋ저런놈한테 속는 능지 ㅋㅋㅋㅋ,1
25,저러고 또 몇년 살다 나온다는게 문제네요 죗값을 무겁게 받아야 하는데 ㅠㅠ,0
27,아 진짜 너무 분노가치밀어오른다 ㅠㅠ무섭다 진짜,0
28,사기꾼들 하는 행동을몽땅 믿고 좋아했넹그남자 계획은딸 낳을때 까지 목적 달성  끝 ㅎ,0
29,저 남자는 사기 잘당할것같은 여자를 결혼 상대로 선택했네요 에휴,0
31,이강백작가의 결혼 실사판인가,0
33,사기 형량이 적으니 우리나라에는 사기꾼이 이리 많은거임,0
35,답답할노릇입니다 안타깝습니다 부모도 포기한 자식같군요 파렴치한사기꾼입나다 남자잘못만나 천사같은아이까지에휴,0
38,남의집안 풍비박산 내고 천벌을 받을거다,0
39,완전 선수네 선수,0
40,저렇게 잘난 남자가 왜 널 만나냐 ㅋㅋ,1
41,난 결혼 안할건데 아무튼 불쌍하다,0
42,아무리 사랑해도 돈 해달라는 남자는 믿고 걸러야지,0
43,돈먹으려고먹튀한거네,0
44,사기당한건데멀찾는데 등신아,1
45,개새끼 나같으면 얼굴보자마자 죽인다,1
46,애가 불쌍하다 너무,0
47,혼인신고도 안했단건가요,0
49,어머님 제발 본인 탓 아니예요 자책 마세요ㅠ,0
51,제발 이런놈 처리 좀 해주세요,0
52,전형적인 사기꾼이네,0
54,너무 착하시다ㅠㅠ엄마니까 더 강해져야 해요충분히 잘 키울 수있어요관공소 도움 다 받으시구 양육비 청구소송하시구 일두 구하세요정신 딱 차리셔야합니다,0
55,처음부터 작정하고 사기친 거네여자분이 너무 착해서 당하신듯,0
56,여자 제대로 뒷통수쳤구나생명까지 있는데 어떻게 살라구,0
57,엄마가 건물주라고 하지않았나 그것도 거짓말인가,0
58,많은 여자들이 이걸 꼭 시청해야된다,0
59,얼굴공개해줘라 ,0
63,한녀가 왕자님 꿈꾸다 골로 가는 영상ㅋㅋㅋㅋㅋㅋㅋㅋㅋㅋㅋㅋㅋㅋㅋ,1
65,와 세상에 이런 개같은 경우가 ㅠㅠㅠ 피해자분 힘내세요 미친새키 정상아니네요,0
66,사기결혼미친새끼네,1
67,사기칠거면 선은 지켜라 애기는 무슨 잘못이냐 씨발놈아,1
72,돈을달라고 주면 안돼남편이라두힘내세요,0
73,한여자의 인생을 완전히 저리도 비참하게 할수가 있나  돈이 아무리 좋아도 저건 인간이길 포기한 짓이다,0
74,진짜 소름돋네오 ㅠㅠ 하 진짜,0
75,노이해,0
76,저건 인간도 아니다 사패라는 말도 아깝네  미친 욕도 아깝다 저 여인이 너무 안쓰럽다,0
77,하 가슴이 답답하네요쓰레기 같은 인간아이와 아이엄마는 힘내시구 아이만 보고 잘사시길,0
78,잡긴 잡앗나 저건 다른사람  인생까지 망쳤으니 그값 까지 죄값 받길 이런건 제발 개한민국 개법이 안되길,0
79,아니  오디 무서워서  남자랑 결횬 할수 잇겟어 신상 조사하고 결횬들ㅠ 식상한  말이지만 ㅠ 아가을 위해서 힘내세염 더 이상 상처 받는일 없이 어려운 상황 잘 이겨내시길,0
80,돈 해달라는 남자는 믿지 마세요 재수 없으면 사기 당하고  최악은 살해당해요,0
81,여자의 어리석음 분수를 알아야지 저런 능력남이왜 자길 선택하겠냐고 에휴사기친 놈도 처 죽일놈이지만 여자가 남자덕 볼려고 생긴업보,1
82,부를 과시하면서 돈얘기하믄 백프로 사기,0
83,저이집이2304호인대,0
84,연예인이  겪었던 사건이 일반인에게도 결혼사기가 에고,0
86,쓰레기구나ㅠㅜ,0
87,저런건 사형이답이지 살아봐야 절대 달라지지않는다,0
89,애는 어뜨카라고 진짜,0
90,이렇게 또 한발자국 결혼과 멀어집니다 ㅋㅋㅋㅋ,0
91,번드르르허세만 남발하는 사람은 의심을 했어야하는거 아닌가세상엔 공짜가 없죠,0
92,근데 어떻게 대기업 계열사 사장 집안 그리고 금융업계 부장이라는걸 확인한번 안해보고 결혼이 가능함 아니 이게 막 따로 알아보라는게 아니라 결혼식장에서라도 알수있는거아님 ,0
97,이런사람 얼굴공개좀 했으면 좋겠어요 얼굴이 안나와서 어디 가서 또 사기치고 있으니까요,0
98,죄지은만큼 벌받습니다힘내시고 세상둘도없는 딸을 위해서라도 열심히 사세요길에 떨어진 똥밟았다 생각하고 툴툴털고 그짐승보다못한것 빨리 잊어버리세요,0
105,안전개새끼네,1
106,신상공개 하고 처벌해야지 말도안된다 정신이 글렀네 여자랑 아이는 무슨죄인지 가슴아프다,0
107,어찌 쓰레기 사기꾼 만난지,0
108,딸을 2억하고 바꾸냐 딸 아들 하나씩 키우고 있는데 사람이면 신장을 팔아서라도 애들은 지키것다,0
109,인생이 ,0
110,어린딸 봐서 힘내세요 아픈마음 잘압니다,0
111,살다보니  알겠더라  뭐가 잘못땐건지  돈애기  하는사람  치고 제되로 된 인간 없다는걸   이렇게  당한건 어떻게 할수없지만 이런계기로 조심하고 잘사시길 바랍니다,0
112,와 이게 무슨 드라마같은일이 진짜 천벌받을놈 여자분 자꾸 우는데 마음 찢어진다,0
114,싸튀충 너무 흔함,1
115,결혼할때 동거도 마찬가지그남자집 가보고 부모만나보고형제도 만나봐야지집안보는게 얼마나 중요한데,0
118,이런일 겪게되서 잊으시는거 많이 힘들겠지만저런사람 하루 빨리 잊어버리시고 앞으로는 딸이랑 같이 행복하게 사는거만 생각하시고 좋은날꼭 언제간 올거예요 그러니 기운내시고 이제 사람한태 상처받지않게 행복하게 살았으면  좋겠네요ㅠㅠ,0
119,열달동안 배아파서 낳았는데 후,0
120,저런 늠한테눈물이 아깝네요아이를생각해서 힘내셔야겠어요,0
121,세상에는 골빈년들이 너무많아순진한건지 멍청한건지,1
122,나도 저런 선택을했을듯,0
123,그집  가족모두 사기꾼집안임 자식이 동생이 그러구 잇는거 누구보다 잘알텐데  어떻게 저런태도로 나올까 정말 악질중 악질을 만난듯 싶네여 사람 보이는게 다가 아닌데 딱해서 할말을 잃네여ㅡㅜ,0
124,백마탄 환자네,0
125,에이그 쯪쯪쯧 쯔쯔 쯔 그런놈이 널 사랑도 하겠다여자는 빤쓰내릴때 운명이 바뀌는거여,1
126,와 한바탕 하고 갔네 양심이 있으면 애는 만들면안되지,0
127,자업자득 욕심이 탓이다 자기 주제를 모르고 겉만 화르르 허세부리다 망한거네,0
129,요즘 누가 남자 말만 믿고 부자다 잘사나보다 해요 좀 많이 알아보고 하시지 ㅠ ㅠ,0
130,진짜 지독한게 그놈 떠나고 나서도 애기볼 때마다 그 생각날거 아닌가 시발,1
132,근데 참 아무것도 모르고 그저 재력에 눈멀어서 결혼한 여자도 한심,0
133,왜 시어머니한테 따져 당사자한테  따져야지,0
137,인터넷모임 조심하시길 ,0
138,공사는 결혼까지가 공사래미쳤다 진짜,0
141,이러니 살인이 않일어나겠냐,0
142,뭐 이런 ㅈ같은 경우가 있어,1
143,보는 쓰레기들 ㅋㅋㅋ 죄다 조작,1
144,사기꾼은 그냥 바로 신상공개하면 안되나ㅠㅠ,0
145,미친 놈새생명은  무슨 죄가  있다고,1
147,몰라도 어찌그리모르지눈에뭐가 씨면 아무것도안보인다더니 참 기가막히네,0
148,그부모에그자식이네,0
149,신상공개 안하면 또다른 피해자들이 나오는거 아님 우리나라는 범죄 하라고 격려해주네,0
150,우리나라 사기치는 애들 정말 많아요 ㅋㅋㅋㅋ 중고나라 번개장터만 가도 수도 없이 많음번호 알아서 전화해도 오히려 당당하지 그런애들 보면 똑같은 이미 사기 전과 있는 애들임 배째란식이지 처벌이 약하니깐 매번 사기만 치고 피해자들만 억울할뿐,0
151,휴 나같으면 애도 내팽겨쳐버리고 싶겠다 그래도 여자분이 책임감이 있네,0
152,싸튀충 진짜 빡치네 형이란 인간은 지 동생이 저런 새끼인걸 알면서 보고있었다는거네,1
153,사랑의 배신감  어찌 표현하랴,0
154,이새끼 또 어디가서 사기치고있을듯 신상공개해야된다 형이나 시어머니도 쓰레기새끼인거 숨기거 처벌하는 방법없나,1
157,아 미치겠다 그 쌍노무새끼인정을 안하면 더 가중처벌해야지요,1
158,사기친 가해자가 문제이지 피해자한테 당한게 정신이 어쨋다 저쨋다  사기치는 사람을 봤었는데 진짜 울면서 기도하고 별 연기 다 함,0
159,급에 맞는 남자 만나자신데렐라 드림은 없다,0
160,아기가 정말 진짜 이쁠땐데   엄마가 전시엄마 만나서 따질 때 눈물이 나더라고요 ㅜㅜ,0
161,진짜  자기 아기 임신하고이ㅛ는 사람한테 저렇게 한다고  진짜  사람이냐 어떡하냐 아기는어덕하고 아기 엄마는어떡하냐고 ,0
162,와진짜 너무하다 너무해,0
163,진짜 개같네,0
164,돈을 보고 사람을 선택하는 세상이 문제죠아내 될 사람에게 빌려간다는 것은 새빨간 거짓 당연한 현실 아닌가요곧 한 식구가 되는데 갚을 이유가 없죠 누굴 탓하겠어요 내 탓이죠 나의 안목이 잘못된 것이죠,0
166,저놈은 여자한테 2억 뺏으려고 한 여자의 인생을 저리 만들었네요 무기징역감,0
167,인간말종이다  소름 끼친다,1
168,여자랑 아이가 너무 가엽다인간말종 교통사고라도나서 죽어라,1
170,쓰레기 같은놈여자들이 불쌍하다 ,1
172,체크잠바입은사람 재연배우인데 왜 모자이크하지 ㅋ,0
173,사기꾼 수법이네자식도필요없고  오직돈만뜯어내면 된다는 사기꾼분명 유부남일거다,0
175,형사님 잘생겼다,0
176,미치겠다 신상공개해라제발,0
177,시어머니는 뭔죄여 병신 낳은죄지,1
179,거지으로 가지고 논것같은데,0
180,사기죄로 사기꾼 남자를  경찰에 고발하세요,0
183,도망갛나본데,0
185,나도  평생당해봐서  아는데  저런놈들  머리속  머가  들었는지   모릅니다   당한내가   다아는데   나만모르는   내가   등신입니다,0
186,애기엄마  힘내세요  울고있을 시간없네요쓰레기집구석  이네요 아기 좀더크면 어린이집에도 갈수있으니  맡기고 빚은 법무사  도움받아 처리하시고어금니 꽉 깨물고  새출발 하길 응원합니다그아이아빠 희망 버리고 잊으세요,0
187,아니ㅋ 내 스스로가 내 수준을알잖아 재벌가는무슨ㅎㅎ 한치의의심도않고 허황된꿈쫓은 니잘못도크다,0
188,사기로 집어 넣어야지요,0
189,여성분 너무 안타깝고 가엾네요 마음이 얼마나 처참하고 무너질까 에휴,0
192,모가지를 빼서ㅡㅡ죽여라사람이 아니니,1
193,맘이 너무 아프다 ㅠㅠ,0
195,리플리증후군 미친 놈 영화에 나오는 사람 거의 없습니다 여성들은 정신차리고 살아야 합니다,0
198,여자 호구같다ㅉ,1
200,나 같으면 손절할듯,0
201,돌싱여자가 아무것도 몰랐을리가 없는데,0
205,저건 진짜 사람ㅅㄲ도 아니다,1
206,정상정인 사고를 가진 남자는자기가 사랑하는 여자이름으로빚지지않는다,0
207,너무 잘하면서  돈도 많고  완벽그자 채는  완벽한  사기꾼 있니다,0
208,사기꾼들은 무조건 얼굴 공개해야된다 또 누구한테 피해를 줄지모르니,0
209,아 진짜 미친거 아님,0
210,돈빌려달라는 남자는 만나는거 아니라고  70대 엄마가 말씀하셨습니다 인생에서 딱 한명 있었는데 돈 떼였네요,0
212,열심히 일해서 갚아 나갈려고ㅜ해도한달에 이자만 400이면 진짜 어떻게 사냐아휴 진짜욕나온다 진짜,0
213,꼭 꼭 응당한 징계를 받기를,0
214,딸아이 사랑으로 잘 키우세요분명 사랑듬뿍 받고 자란후엔 효도로 갚음 할겁니다,0
216,사기죄 처벌이 너무 약해 이나라는,0
217,돈보고  사람 좋아함 안됨,0
219,인간말종 사기꾼 새끼와 정신나간 여자가 만나서 벌어진 일인데 비극인게 당연한 거 아니냐,1
221,공들여서 사기친다,0
222,전라도끼리 결혼했네,1
223,아니 애는 왜 낳게 해 애가 무슨 죄가 있냐,0
224,참  답답하네요 대출에 애 까지 가졌으면서 남편 직장이나 시댁도 안가보다니 이해가 안됨 뭘 믿고 돈에 몸까지 줌,0
226,딱 봐도 사기꾼이구만  거기다 돈 갖다 바치는 애가 정상이냐,1
227,무슨 말도 안 되는 소리예요 또 피해자 탓으로 돌리지,0
228,이분어쩌나ㅜㅜ그자식 꼭 잡았으면 좋겠네요 저런 남자 제버릇 못버림 남의 인생을 완전히 망쳐버림 ㅜㅜ꼭잡아주세요,0
229,여자가 너무순진했다39안타깝다입만 열면 거짓말인 인간이구나,0
237,돈부터 요구한게 그게 이상한거구의심이 많이 가는데에휴남편이 재력가인데 돈 있는사람이 왜 돈을 요구하겠어이게 진짜 이상한거지이때부터 의심을 했어야지한 여자의 인생을 망쳐놨네,0
238,어디서 만났길래 저리 다 거짓인가요그거부터가 좀 궁금하네요,0
242,사기결혼 당했네ㅜ,0
243,근데 정말 뜬금없지만 마스크 안쓰고 대화나누는 모습 ㅠㅠ 너무 그립네요,0
247,와우  사기결혼 ㅋ ㅋ,0
249,쯧쯧 사기꾼 정신차리고 살으시길,0
250,사기를 당했네요범인 그속인남자를 찾았나요또다른 여자한테가서 또 사기치고 있을것이니 잡아야하네요,0
251,억장이 무너진다는 말이 이럴때인가 보다 진짜 죽여버리고싶을듯,0
253,맞아요 아기아빠고 저렇게 자상한데 어찌  의심할까요,0
254,차라리 그냥 사기만치지애기는 무슨 죄라고저 집안 자체가 문제네,0
259,어떻게 한사람 인생을 저렇게 망쳐놓니 저여자 무슨 잘못이니 널 사랑한 죄다 아효,0
260,진짜 해도해도 너무한다 기가차는 세상이네 진짜 참 동물도 안하는 짓을 사람이 한다는게 이게 말이 돼,0
262,결혼하기 전에 시간과 돈을 투자해서라도 뒷조사는 꼭 필요하네요,0
263,안타깝네요 결혼하시기 전에 좀더 신중했으면 하지만 이미엎어진 물이니까 힘내시고 다시 재기 하십시요그런 사기꾼에게 더 이상 미련두지 마시고 힘내세요,0
266,세상에 백만 탄 왕자는 없습니다 여자분들 남자들 볼때 말과 재력에 혹 하지 말고 잘 살피고 결정해야 합니다,0
269,아이고 딸은 무슨잘못이라고 아내도 제일큰피해자는 아내와 딸이지 이자400이면 살맘도 안생길거같은데  국가가 도와줄수있는게 없을까,0
271,하 진짜 그냥 남친도아니고 남편이 애아빠가,0
272,내 사례는 약한거였네,0
273,살다살다 무슨 이런 개떡같은 경우가 있는건가 말도 안되는 얘기다,0
275,진짜 쓰레기종자들이 많아서 착한사람들만상처받고사는구나에라이 사내새끼가  개만도못한인생살고싶을까,1
276,무슨 사기를 애기까지 낳아가면서 치냐,0
277,쯔쯔쯔구제불능이네 이새끼,1
282,와 어쩜 저렇게 사기를 치지,0
283,제대로 사기꾼한테 당했네,0
285,마음이 너무 아픕니다ㅠㅠ,0
286,제일 나쁜색기네 와 ㅡㅡ,1
287,이런거 보면 꼭 남자쪽 부모는 항상 모른다 배째라 식이네 부모도 무슨 죄겠냐만은 제대로 보상해주마 하는 부모는 한번도 못본듯 하기사 그러니까 저 남자가 저러고 사는거겠지만,0
290,브금 왜이러냐 갑자기 신나는 브금나오고,0
294,여자가 미친년이네 그새끼가그렇게한여자가 너하나뿐이겠느냐 넌사람을너무믿었는게죄야,1
295,여성들이여남자가 혹 하게 이야기하면 그건 반드시 의심해 봐라그리고 남자가 그리 잘났으면 보통의 여자에게 대쉬하겠나 항상 남자를 조심하고 확인하라,0
296,울나라는 이래봐짜 형도만이안주구 방송만보내서모해 해결책도딱히업스묜서,0
297,전혀 모르는 남의 이야기인데도 눈물이 날 정도로 열받네요ㅠㅠ 정말 힘드시겠지만 얼른 마음 추스리시고 앞으로 좋은 일만 가득하셨으면 좋겠습니다,0
299,아니 재벌이 왜 돈을 빌려달라고해,0
300,사기는 그렇다 치고 아이는 어떻게 하냐ㅠㅠ 진짜  미친거다,0
301,실화탐사대는 재연 연기자를 안썼으면 인터뷰 어색해서 방송보다가 뭔가 집중이 깨짐 차라리 그냥 멘트 자막 처리만 하는게 나을지도,0
302,아니무슨이런일이,0
304,에휴 피해자분 너무 맘아프네요 ㅠㅠ,0
306,차라리 배우를 하지,0
307,민사소송해서 반이라도 받아내길 바랍니다,0
308,부부사이는 사기죄 성립자체가 인정안됩니다  파산하는 수 밖에 없습니다,0
309,돈없어배째감옥가면 될거아냐 하면 1원도 못받죠  신용불량자로남의 명의로 금융거래하고 살면 되고,0
311,겉모습만 보면 이런일 벌어지는거지 계열사 사장아들  이지만 이혼가정 거기다 금융회사 다니는 직장인 솔직히 이거에 끌린거 아님 ㅡㅡ,0
313,안타깝네요ㅜㅜ 등록금도 혼자 갚고 회사생활하셔서 세상물정 모르신분은 아닌데무리한 대출을 요구하는게 남편이라도 의심부터 하셨어야ㅠㅠ,0
314,잘알아보고 결혼해야지 에휴,0
315,벼리별 놈이 다 있네 세상에나,0
322,피해자 탓하네 당신도 살면서 피눈물을 흘릴때 누군가 비웃을 날이 있을것이다 사기 피해자들이 바보가 아니다 당신 부모가본인이 피해당할 수도있다,0
324,꽃뱀한테 걸린 남자들 얘기엔 꽃뱀 욕했지 여기선 왜 피해자 탓이야 ㅋㅋ,0
325,근데딱봐도사기기질 보이는데돈빌려달라는거보믄 뻔하지,0
326,사기도 존잘돈이면 쉽네,0
329,아니 사기꾼 가족들은 왜 말안해줬냐 어이가없네,0
330,이런 인간두고 논한다는것부터등신들,1
332,이 쓰레기 새끼 집 식구들도 똑같네자기 아들 자기 동생이 남의 인생 망치고 있는게 옆에서 빤히 보면서언질도 안해주고 완전 공범아니야,1
336,딸인생까지 망치고 개쓰레기  남자집구석도 개쓰레기넹,1
337,저런쌍놈은사형도 아깝다,1
339,야이 못된 인간들아 너들이 그렇게 비난 안해도 여자는 엄청난 자책감에 괴로워하고 있을거다 이미 벌어진 일이고   그래도 어떻게든 책임지고 아기 키우고 살려고 발버둥치고 있잖아 어차피 교훈은 각자의 마음속에서 다 느낄거고 저 여자도 뼈저리게 느꼈을테니 그냥 응원해주는 게 낫다 그렇게 살다보면 또 살아지는게 인생이고 그 속에서도 행복을 찾을 수 있는 날이 올 거임 힘내십쇼,0
341,완전 쌩양아치네요 인간이길 포기했나,1
343,남편에 대한 미움이 애기한테 가질않길 바래요  힘내요,0
345,속상하다남일인데도ㅠㅠ,0
346,대체 법적인 부인은 누구야 호적상 진짜부인,0
347,신종사기수법이네 신박하다,0
348,저건 시엄마가 갚아줘야하지 않나,0
350,본인한테 과분한 친절과 능력있는 사람이 온다 일단 거르고 확인해 본다,0
352,요즘은 이런일도많이 나오던데여자들이 정신을차려야 될것같네요사랑이란 말에 모든걸 걸면 안되겠네요,0
355,대부업체에서도 빌렸다고 나옴 영상에,0
356,그리고 몰래 얼굴 공개해라,0
357,결혼전 서로 맞교환할 서류범죄경력회보서 금융거래확인서 부채거래확인서 건강보험공단 의료기록 5년치 이사다닌 등본졸업장인륜지대사에 서로가이정도 확인은 하고 결혼을 해야죠,0
358,가족관계증명서가 필수 아닌가요,0
360,아니 이거는 너무 어이없게 당했네,0
361,불쌍한아내딸은무슨잘못인가요도대체남편무슨생각으로사는걸까요세상말세,0
362,힘네세요,0
3199,대한민국의 저력 ,0
3201,이종범이아들 두명만 더 낳았어도아쉽네ㅎㅎㅎ,0
3202,이런게 진짜 스타지,0
3205,아니 9회초까지 보다잔 나는 뭐가되니,0
3206,아 군대 가서 야구해야되는데,0
3208,님만모르고있었음,0
3210,아 관중이 없는게 진짜 너무너무 아쉽다ㅋㅋㅋㅋㅋㅋㅋㅋ,0
3212,나 이거 1회부터 다봤는데 첨부터 끝까지 본 내가 승리자다,0
3215,캐나다도 없고 대만도 없고 쿠바도 없고 호주도 없고 6개팀뿐이네,0
3216,일본스포츠협회가 종목 총원 144명 제한을 걸어서 출전권 2장이 사라졌슴다 ㅡㅡ,0
3218,누구는 진다고 했는데  저는 이길 거 같았거든요 ㅋㅋㅋ 후반전까지 최선을 다하면 이길 수 있으니깐요,0
3219,다좋은데 유니폼이 유니끌로보다 더하다는 데쌍뜨 헐,0
3220,여자배구 아식스배드민턴 요넥스등등등그렇게 나오면 한도 끝도 없음,0
3221,돌부처가 진짜 잘해줬지,0
3223,9말 1아웃부터 보기 시작한 내가 레전드,0
3225,백종원형이 해설하는 줄알았네요 ㅋㅋㅋ 이순철님 목소리 똑같음,0
3226,이 순간을  위하여   화이팅입니다,0
3227,14281428 정우영 캐스터 대박,0
3228,대박이러니미련 갖고 보게 됨ㅎㅎ,0
3229,6팀 출전 경기에서 프로 보유국이 동메달따서 군면제 받는건 좀 그러니까 금메달따라,0
3231,애초에 대만이나 일본 우리나라나 그런식으로 작전짜지 저짝사람들은 걍 와일드하게야구하는게보이는구만 뭐 ㅋㅋㅋ 저날도 어느정도즐겜같아보였음 동아시아쪽하고 야구결이다름,0
3235,이인재  그래요 몰랐네요 좋은정보  고맙습니다  ,0
3237,박해민 이정후 둘의 안타가 결정적이었다 진짜ㅋㅋ,0
3238,ㄹㅇ 가성비 갑임 공부하다 9회말만 봤는데,0
3240,약속의 8회란게 뒤로가면 갈수록 더육 끈질겨지고 간절함이 계속 기적을 만드니까 그런게아닐까 싶다 기적이 아닌 실력이지,0
3241,역시 의 캡틴 ,0
3243,처음부터이기자 심장이 조마조마 해지네 이겨서다행  근데 상대편 투수 잘하더라,0
3244,강백호는 진짜 다시초심으로 돌아가서 야구를 다시 연습해야할듯,0
3245,도미니카는 일본때도 그렇고 9회에서 역전당하니 빡치겠네,0
3247,8회말까지 지고있길래 졌구나하고 안봤는데 이렇게 이겼네,0
3248,야알못입니다만 대타선수의 안타와 대주자 선수의 도루도 대단하다고 생각합니다 특히 안타,0
3250,오늘도 내일도 좋은 하루 보내십쇼,0
3251,이 썩은 대한민국이 희망이 있습니까토소왕국 으로 오세요,1
3260,머리가  쏴하네ㅋㅋ  대한민국 홧팅,0
3263,침 좃같ㅇ 발라대넹,1
3265,이승엽해설은 진짜 재미없다뻔한소리만 해대고,1
3266,아 김현수 떨어지는 볼 아주 잘쳐따 쥑여주네,0
3268,현수 하고 싶은거 해,0
3273,대한민국 승리하라 영원하라,0
3274,야구 우승,0
3275,메시형 야구도 봐,0
3276,안졌어 ,0
3282,쫄깃쫄깃 하구먼대한민국 화이팅,0
3285,역시 야구는 감독의 경기다,0
3289,니네는 진짜 쉽게 야구한다  다른 종목은 피똥싸면서 겨우 메달따는거 ㅈㄴ 군면제 그냥 시켜주는 정도ㅋ 일본 미국 빼고는 우리가 지면 이상할 정도의 환경인데ㅋ,1
3292,그럼 비인기 종목에 더 관심을 가져줘야지 인기종목을 욕하시면 어떡해요,0
3296,승리 축 ,0
3298,토쟁이들 오즘 지렸긋네,1
3304,야   대단하네,0
3305,이걸 대체 몇번 보는거지 그래도 즐겁다,0
3314,장하다ㅡ국대ㅡ화이팅,0
3315,아니 한국어로 중계하는데 한국어 자막이 왜냐고,0
3316,자막끄면되잖아,0
3318,오재일 좀 빼라,1
3326,역시 끼리끼리 팀웍이 좋네,0
3334,이종범이정후그아빠에그아들ㅎㅎ,0
3337,근데 맨날 희생하는 사람들만 하누ㅜㅜ 뭔가 보상도 진짜 필요하다,0
3338,외국에서는 잘 모르는 한국 야구한국 야구는 항상 9회부터 시작한다,0
3339,존ㄴ챙피한줄 알아라도미니카가 9회초 번트공격 안해서니들이 간신히 이긴거야원래 얘네들 쪼잔하게 번ㅌ안하거든쪽팔린줄 알아라 크보거품들아,1
3347,결국 드라마를 썼구나,0
3350,9회말 앞둔 상황에서 광고할때에라이 또 이모양이네하고욕하면서 채널돌렸는데 아오 ㅋㅋㅋ,0
3353,근데 이상하게 예전과 같은 감동이 없다 ㅠㅠ,0
3358,이것이야구다,0
3365,정말우리 선수들 수고 많이하셨어요 남은경기 최선을다해 금메달 땃음좋겟네요 화이팅,0
3366,역시 끝날 때까지 끝난게 아니다 ㅋ,0
3369,진짜 9회말 2아웃이라더니만,0
3371,진짜 야구는 9회말2아웃부터다 라는 정석을 보여주는 역전게임,0
3372,한편의 영화다,0
3375,이게 바로 야구지요 야구는 9회말,0
3382,한국의 매운맛을 받아라,0
3385,박승빈 아 베이징 다시보고 와야겠닼ㅋㅋㅋㅋㅋ,0
3388,토소왕국 엿이나 드셔 ㅋㅋ,1
3390,아빠랑 야구 보다가 답답해서 가버린 내가 패자 나도 ㅅㅂ 이럴 줄 몰랐지,1
3391,어제 에라이 하다가 우오오오와와와 ,0
3393,못배운티내네ㅋ,1
3396,아까까지만 해도 아웃되고 나가리 되다가 막판에 중요할 때 쳐주니까 너무 좋네,0
3397,선수들 열심히 한건 알겠는데그닥 기쁘지도 않고오히려 기분이 더 나쁨프로고 나라를 대표해서 나간거면 좀 처음부터 적당한 긴장감을 가지고 하면 안되나머리속에 면제면제면제 만 채워놓으니경기에 집중을 하나경기라는게 이길 수도 질 수도 있는건데진짜 다른나라에 비해서우리나라 선수들이 경기에 임하는 자세는 정말 최악인거 같음,0
3404,아오 이걸 실황으로 못 보다니,0
3413,상대 투수도 되개 유명하고 잘던지는 투수에요,0
3414,지나가는시민 아 다시보니 볼이 낮네요 알려주셔서 감사합니다 ,0
3415,상대 투구가 일부러 볼 낮게 깔았는데 김현수가 살짝 무릎꿇으면서까지 친거예요 그게 안타가 된거구여 ㅎㅎ 미친거죠 그냥 ㅋㅋㅋㅋ김햔수가,0
3416,아 치기 어려운 볼을 친 건가요 야구 잘 몰라서,0
3418,와 이거본사람이 승리자다,0
3419,이 영상의 개인적인 제목  끝날때까지 끝난게 아니다,0
3424,강백호는 생각이 없나ㅠㅠ,1
3430,솔직히 너무못한다 대표팀,0
3443,오늘도 가즈아,0
3446,잘 싸우셨어요 응원할게요 감동이었어요 감사합니다,0
3448,왜자꾸 손을 입으로 가져가,0
6219,오늘 게임 멋있었습니다 다음 경기도 우리 대표팀 선수들 기대할게용 화이팅,0
6220,9회말만 본사람이 승자그건 나야 빠둠빠,0
6223,깝죽은 되는 것이 아니라 대는 것입니다 두 분 아무튼 오늘 역전 너무 통쾌했네요 ㅋㅋㅋㅋㅋ,0
6224,ㅋㅋㅋ아진짜요ㅋㅋ 깝쭉됐었나보네요ㅋㅋ기분 더좋음ㅋㅋ,0
6225,뭐여  ㅋ  우리나라는 9말2아웃에 항상 이기네 ㅋ,0
8571,이게 머선 일이고ㅋㅋ,0
8573,사무실서 보는데 오전내내 명승부엿음 화이팅 한국여자배구 배구협회 김치찌개 또 먹이면 죽는다,0
8574,내가보면 질거같아서 못보고 하이라이트로 봄  4강 보고싶은데 보면 질까봐 ㅠㅠ화이팅,0
8575,우리 대표님 멋집니다 우승까지 갑시다 우리 배구 대표님 화이팅입니다 ,0
8576,올타임넘버원 갓연경,0
8577,풀영상은 안올려주시나요ㅠ0ㅠ,0
8578,언니 나 조심스럽지만나 많이 준비했어 라고사니해설가님 말 할 때 울컥했어여 이건 기쁨의 눈물 정말 다들 대단하고 멋집니다멘탈갑 연경선수 존경스럽네요이쯤이면  이젠 결승가주시죠 팀원들끼리 믿음이 중요하다셨죠  펜으로써 그저 믿어봅니다,0
8579,김희진선수 무릎부상이라는데 너무 열심히 해줘서 멋지다,0
8580,623032303 식빵,0
8582,팀의 중심이 단단하게 버티고 있으니 맨탈도 정말 강하네요,0
8583,6653653 아 진짜 너무 웃기고 귀엽고 멋있고,0
8584,다시보는 나도 심장이 터질거같은데 선수들의 압박감은 대체 어느정도일까 그 중압감을 매순간 이겨내고 해내고야마는 모든 선수들 정말 멋있다한일전에 이어 또 눈물이ㅜㅜ우리나라는 정말  초인적인 힘이 발휘되는 감동적인 경기가 꼭 몇년에 한번씩 와서 국민들의 심금을 울려주는거같다 그 기세가 지금 여자배구팀에게 온게아닐까당신들이 진정한 히어로입니다,0
8585,연숩생 올탈의 하는거 볼사람 들어와개싸는중ㄷㄷ,1
8587,와아아 ㅠㅠㅠㅠ이거를못보다니이이이이이으아아아아,0
8589,봐도봐도 질리지가않네 ㄷㄷ,0
8590,양국 모두 수고했습니다,0
8594,국내는 몰라도 국제용으론 이재영보다 박정아다이다영보다 염혜선이 한수 위이고 이들 이재영 이다영이 나오지 않아 더욱 수준 높은 팀웤 이뤄진거 같다너무나도 멋진 우리나라 여배,0
8595,님 객하게 인정합니다,0
8596,아매 경기 이렇게 드라마를 찍어야하나요ㅜㅜ 넘 감동 희열 모두 완벽합니다 심장이 떨려 아프지만   아직 2경기 더 볼 수 있어 더 기쁘네요  막방은 금메달 해피엔딩이 되길 내 심장 건강을 위해 여유있게 승리하면 좋겠지만 김연경 선수는 극적 드라마를 또 만들겠죠 ㅎㅎ 우리나라 선수들 넘 멋지고 사랑합니다 ,0
8597,미쳐불겠네 코로나국내정치보면서 많이 답답했었는데 ,0
8600,쌍디가없는데도4강까지가네갓연경정말 위대하다,0
8602,615121512 여기 두명이 양옆에서 키 상대적으로 작은 분 머리 콩 하는거 너무 귀여움ㅋㅋㅋㅋㅋㅋ,0
8603,김지혜 저도요 ㅋㅋㅋ,0
8604,엥 진짜요 저 사이에 있어서 150160대로 봤는데ㄸ,0
8609,와존경합니다 대한민국 여자배구팀 하나가되어 매경기를하는 선수들 마지막까지 힘내주세요 끝까지 응원하겠습니다 화이팅,0
8610,미꾸라지 두마리 없으니까 더 잘되는 듯,0
8613,더이상 부담갖지마시고 즐기세요 충분히 다 보여주셨습니다,0
8615,6653653 와 이게 된다구 반응속도 무엇,0
8617,와 진짜 말이 안된다세계최강이 지금중국미국터키 3강인데그걸 잡앗다고  물론 23세트 카라쿠트빼서15군이랑 한것도사실이지만진짜 미쳤다,0
8619,쓰레기 두명이 전혀 필요없다는걸 증명하듯이 내침김에 금메달가자 화이팅,0
8622,국뽕이 차오른다,0
8623,장하다  대한의딸들,0
8624,이런 여자가 남녀불문  멋진 여자입니다  ,0
8625,너무 멋있고 아름답고 자랑스럽습니다,0
8626,넘어갔다으아 으흐흫흫,0
8628,어찌 이여인네들을  사랑하지 않을수 있겠는가,0
8629,지금 케이블스포츠채널 3군데서 다 배구 보여주고 있음 이제 알았냐 이것들아한일전 지상파에서 한군데도 안해주더니한일전 중계해준 만 볼것임흥,0
8630,이경기를 보고 댓글 단다는게 넘 자랑스러움,0
8631,잘했다 장하다 ,0
8632,와 칼둥이들 있었으면 김연경한테 토스안해줬을거 아니냐 그럼 무조건졌다 칼둥이가없는 청정플레이가 가능하니 이런 결과가 나온듯,0
8633,612331233 또 나왔네요 오심 한국떨어뜨릴려는 안봐도 비디오인 일본이 심판매수한상황 한국은 어떻게든 잡아내리고싶은거지,0
8635,아침 8시부터 일어나서 응원대기두손모아 기도하며 응원했습니다팀코리아 여자배구팀 화이팅,0
8639,끝까지 응원합니다,0
8643,619031903 카메라  카무룩,0
8650,진짜 존멋 자신감 넘치는 목소리,0
8653,잘 하고 열심히 하고멋있다,0
8654,박정아 개잘하던데,0
8659,622422242 표정에서 모든게 느껴진다 뭐라 설명이 안되는 벅차오름이네 진짜 눈물난다ㅠ,0
8660,ㅠㅠㅠ눈물나 진짜 너무 좋아서 눈물나,0
8671,개시크하고 개쎄게 때려버려서 너무 멋져,0
8674,외국 감독들이 김연경은 축구 메시보다 더 대단한 월드 클래스라 말하는게 이해가 된다,0
8676,끝날때까지  끝난게 아니다    배구에도존재하는구만,0
8678,아  ㅠㅜ 일본전에 이어 또 드라마가 나왔네요 저도 같이 환호하고 울고 있습니다김연경 선수는 정말 말로 표현할수가 없네요온몸을 다 던져서 하는 우리나라 선수들 정말 감동입니다 최고의 순간들의 연속이네요동메달 목에 꼭 걸수 있기를 간절히 바래봅니다 끝까지 응원하겠습니다,0
8686,머시써미쳐써,0
8692,하이큐슬램덩크 합한 것 보다 더 재미났음터키도 절실한게 느껴져서 더 드라마틱한 경기였음,0
8694,이재영 이다영 자매가 이영상을 싫어합니다,0
8695,소름돋아 ㅠㅠㅠㅠ,0
8696,6608608 이거왜 우리 득점난거예요,0
8699,연경아 난 니가 참좋다,0
8702,진짜 배구 개존잼이다,0
8710,다들 라운드 숄더가 심하시네 ㅠㅠ,0
8711,심판이 어째 매번 병신 뒷돈받은 새끼들이냐,1
8712,618581858 아 깜짝아,0
8713,6613613 제가 룰을 잘 몰라서 그런데 ㅜㅜ 이땐 무슨 범실이에요,0
8716,저도 궁금해요 ㅠㅠ 아시는 분 알려주세용 ㅠ,0
8722,생방 볼때도 가슴 조렸는데 다시봐도ㅠㅜㅜ진짜 너무 멋졌다ㅠㅠㅜ,0
8723,상대편 선수들   김연경은 거 너무 한거 아니오 올림픽 출전 못하게 하던지 어떻게 좀 해줘ㅠㅠ상대편 선수들 코트 건너편에 김연경 있는거만 봐도 쫀다더라 뇌피셜이 아니라 상대편 감독의 실제 인터뷰 내용임,0
8726,긴장감에 감동까지 이게 스포츠지,0
8730,퇴근하고오니 이게머선일이고,0
8731,운이 좋았다,0
8732,왜그런진모르겠는데 한일전 우승할때가 왜 더 좋았던건지ㅋㅋㅋ누구 아시는분 ㅋ,0
8737,622032203 집중력이 레전드 장면인듯,0
8738,답변감사해요,0
8753,여성 해설분 이름이 궁금했어요 내용도 풍부하고 목소리톤도 3사 중 젤 나은듯,0
8756,진짜 미쳤다 한국 여배팬들 이 좋은 걸 자기들끼리만즐겼단말야,0
8757,해설 누나 샤우팅 ㅋㅋ,0
8759,나만 이번 경기 보고 울었나 진짜 잘했다 와너무 최고다 터키 선수들도 너무 고생많았고 우리나라 선수들도 너무 고생많았습니다 4강전도 화이팅,0
8762,축구보다 배구가 더재밋네 ㄷㄷ,0
8766,터키선수들 존예,0
8770,너도 울고 나도 울고  스브스 흑흑,0
8772,알아도 못막으니 갓이죠 ㅎ,0
8775,가슴이 웅장해진다,0
8776,우리 오늘 서브 네트에 걸리거나 아웃되는게 확실히 적었음 한일전때보다,0
8778,터키 선수들 우는게 아쉬워서도 있겠지만 힘든 터키 국민들에게 큰 힘을 주지 못해 미안해서 우는 모습이 너무 안타깝네요 터키 사람들 한국 사람 좋아하는걸로 유명한데 얼른 산불 해결 됐으면 좋겠습니다,0
8779,니 관심가지라고 하는소리가 아니에요 머리속 꽉 막힌 틀딱아,1
8780,터키팀도 정말 잘했던것도 사실이죠 비록 우리에게 지긴했지만 잘했다고 칭찬해주고 싶네요,0
8781,당신같은 인간 때문에 마지막 남은 인류애가 사라진다,1
8782,전혀 관심없어요,0
8783,터키국민들도 응원합니다,0
8785,블로킹이 이렇게 멋있는거구나,0
8786,역시 스포츠는 감독의 영향도 크네 ,0
8788,쌍둥이 얘기들 많이 하시는데 제가 잘몰라서 설명 좀 부탁드립니다 ㅠㅠ,0
8793,감독 참 잘 모셔왔어 선수교체 작전시간 타이밍이 잘 절묘하고 선수 활용 폭도 넓음,0
8814,2002월드컵 4강만큼 감동이었습니다 진심으로 감사드립니다,0
8828,ㅠㅠㅠㅠㅠ 감사합니다 이런시국에 정말 힘이되네요ㅠㅠㅠㅠㅠ,0
8829,보고또봐도 울 대한민국 선수님들 사랑해요 ,0
8831,공격시엔 김희진 쓰면 안될듯 수비는 좋은데,0
9430,73618618 이거 좀 꽃히네,0
9431,혹시 극대노한 채식우먼의 눈빛이 보이지 않나요,0
9434,형돌아와 높은곳 올라가면 숨차,0
9440,오늘따라 형님 얼굴이 밝아보이십니다 아주 보기좋아요,0
9645,아내분도 극대노 하셨습니다,0
9646,맛이 없을 수가 없잖아,0
9647,아니 소미가 왜 여기서 나와,0
9650,미소를 숨기질 못 하시네ㅋㅋㅋㅋㅋ기,0
9657,영원한막내 우리 솜솜이,0
9662,진짜 조오오온나 이쁘네,0
9663,넘말랐다 연예인 쉬운게 아니구나,0
9665,소미님 요리 레시피 조금만 더 정확히 알려주실수있나요ㅠㅠㅠ 너무맛있어보여요오븐 온도는 몇도로 해놓나요 마늘도 들어가는것같은데현기증 납니다,0
9667,어릴땐 되게 혼혈 느낌 낭낭했는데 지금은 매튜딸이네 그냥,0
9673,스케일이 ㄷㄷㄷ,0
9676,고기밖에안보인다ㅜㅜ,0
9678,육식의 길을 걷는 육식맨의 길을 저도 걷겠습니다고맙습니다 이런 길을 만들어주셔서,0
9679,근데 형 은근 진행 잘한다,0
9681,불곰국 수령님 맛있어보이네요 ㅎㅎ,0
9683,73853853 표정에 행복이 가득하네요ㅋㅋㅋㅋㅋ,0
9693,육식이형님의 채널이 이만큼 성장했다는게 너무 좋습니다ㅠㅠㅠ 옛날부터 봐오던 시청자로서 느므 뿌듯합니당,0
9698,7310001000 맥주는 못참지 ㅋㅋㅋㅋㅋㅋㅋㅋㅋㅋㅋㅋㅋㅋㅋㅋㅋ,0
9699,호우호우 전소미 소리질러,0
9700,73952952  73959959 살찌는것 때문에 말하면서 관리자들 눈치 보는거 ㅋㅋㅋㅋㅋㅋㅋㅋㅋㅋㅋㅋㅋㅋ,0
9702,73808808 매력있으시넼ㅋㅋㅋㅋㅋㅋㅋㅋㅋㅋㅋㅋㅋㅋㅋㅋㅋㅋㅋㅋ,0
9704,머리 묶었을때 졸라 예뻐서 놀랐네,0
9706,전소미 얼굴에서 서양미 뿜뿜ㅎ,0
9707,인형이 밥을 먹는다,0
9713,어케한거야,0
9714,소미님 리액션 너무 귀여우시넼ㅋㅋㅋㅋㅋㅋㅋ 이게 아이돌 리액션이구나,0
9719,실화냐 ㅋㅋㅋㅋㅋㅋㅋㅋㅋㅋㅋ,0
9720,육식맨님  광고사진은 노리신 거죠 ㅋㅋㅋㅋㅋ아니면 브레이브걸스를 다음에 초대해 주시길,0
9725,와 업계포상이네,0
9727,꿀잼 핵잼 도리도리잼잼 그중에 최고는 헤어잼,0
9728,이걸  근데 카이님도 나와서 납득 쌉가능 ㅋㅋ,0
9730,육식맨 섭외 능력은 대체,0
9731,저도 여기 출연하려면 데뷔해야하나요,0
9733,형미안해 오늘은 음식보다 손님에 더 눈이가버리네,0
9735,홍차랑 같이 먹어야겠는데,0
9736,섭외 무엇ㄷㄷ,0
9751,선좋아요선댓글 후시청,0
9752,양녀라 그런지 갈수록 몬생겨지노,1
9755,스테이크 진짜 잘구웠다,0
9759,영 캐미가  안좋네여 ,0
9760,더이뻐졌네역시 여자는 2025살이 리즈시절이야,0
9765,선생님 너무 월클이 되는 거 같슴미다 내 육식맨,0
9767,흠 이시국에 찢어버린다라,0
9769,이제 아이유 갑시다 더 볼 것도 없습니다 가즈아,0
9771,아니 둘 다 진행 잘하시네ㅋㅋㅋㅋ,0
9772,형이 더 예뻐,0
9773,게스트 자주 불러주세요ㅋㅋㅋ 카이님도 그렇고 너무 재밌네여,0
9774,육식이네가 어느새 아이돌 맛집됐네 ,0
9778,러시아 여자같은데 미녀들의수다 나온,0
9786,73033033 이 요리가 먹으면 정력이 140 증가한다는 그 요리,0
9788,73853853 나와버린 육식부심ㅋㅋㅋㅋ,0
9792,예쁘면 다 누나지,0
9794,동생아니냐,0
9798,감자 미쳤다,0
9799,그동안 아무리 맛있는거 먹어도 안열받았는데 오늘은 너무킹받는다,0
9802,아직도 100만이 아니였어 말도안돼,0
9803,구독자들 충성심이 좋은거같아요 조회수도 항상 잘마오고 ㅋㅋㅋ알짜 채널,0
9804,대신 이 형은 구독자 수 대비 조회수가 잘 나오는 편,0
9805,ㄹㅇ 이형은 더떠야하는데 ㅠㅠ,0
9808,형님 이런 섭외력 아주 좋습니다,0
9809,소미야 사랑한다,0
9810,아  오늘도  나를   고통스럽게  하십니다요  ㅠㅠ,0
9812,브금 좀 깔지말았으면너무 소란스러워여,0
9813,큰일인데 소미님만 보느라 요리과정이 기억이 안나는데 ,0
9814,73606606 스톡을 넣고 팔팔 끓이면서 섞으면쏟습니다,0
9816,기술 발전이 정말 눈부시네요 이정도 퀄리티라니,0
9818,궁금한건데 연예인분들 섭외할때 먼저 컨텍오나요 아니면 직접 연락 돌리시나요,0
9819,상상치 못한 조합인데 두분다 밝고 리엑션 좋으셔서 넘 재밌게봤다 ㅋㅋㅋ,0
9821,형 형수님한테서 잘 살아남아ㅎㅇㅌ,0
9824,요리 이름듣고 흠칫했습니다,0
9825,나만의 작은 육식맨이 어느새,0
9830,얘전에 캐나다에서 먹었던 엄청 맛있는 감튀가 저거였구나,0
9831,캐나다 코스트코에세 푸틴 먹어보세요끝장납니다 ㅋㅋㅋ 유학생 추천,0
9832,한국에서도 치즈커드를 만드는 업체가 있었군요 유튜브 보고 너무 먹고싶어서 맨날 찾았는데,0
9833,73042042 육식맨 반응 정확히 저와 일치 하지만 소미님이 말씀하신건데 뭔들 못넘어가리오,0
9835,세상 맛있겠다 ㅠ,0
9836,형수님이 매의 눈으로 지켜보고 있습니다,0
9837,기원 1일차,0
9838,댓글창 외국인이 다 점령해버릴듯,0
9839,형 표정관리 어느정도 해야지 눈치 챙겨,0
9844,73701701 ㅋㅋㅋ 현실 주부 반응,0
9848,대박대박 요리도 다 맛있어 보여요,0
9850,왜 이렇게 이뻐졌어 ,0
9852,이건 뭔 조합이누 미쳤다,0
9854,7307020702 지당하신 말씀입니다,0
9856,썸네일 안들어올수가 없는 썸네일,0
9859,노래는 걱정말고 지금처럼만 귀여웠으면 좋겠다,0
9863,연예인 할 수 밖에 없는 비줠이시네 미쳣다,0
9866,73609609 미쳤다 ㅋㅋㅋㅋㅋ,0
9868,소미님 신곡 발매하고 활동 하신다고 식단관리 같은거 빡세게 하셨을 텐데 저건 맛 없을수가 없지 ㅋㅋㅋㅋㅋ,0
9872,그니깐 식단관리 빡세게 해서 그런지 엄청 말라진거 같은데 저게 맛없을리가 ㅋㅋㅋㅋㅋ,0
9876,아니 형 진짜 적당히 커 이제,0
9880,얘는 외국인같아서 이질감들고 이쁘지가않음,1
9882,와이프가 옆에서 지켜봤다면 다음 영상에서 고기를 흔들어주세요,0
9890,오른쪽분 너무 예쁘시네요,0
9894,귀하신 분이 누추한 곳에,0
9895,육식맨 이 남자 성공했다고 할 수 있겠네요,0
9896,73854854  군침이 싹도누,0
9900,뭐지 개꿀잼몰카인가,0
9908,와냄비조질뻔했네ㅋㅋㅋㅋ,0
9912,아니 형이 어떻게 섭외한거야,0
9914,소미 넘 사랑스러워ㅠㅠㅠ,0
9916,진짜 이쁘네요,0
9921,왜 둘 다 빡치는뎈ㅋㅋㅋㅋㅋㅋㅋㅋㅋㅌㅋㅋㅋ,0
9923,우리 소미 다이어트 하느라 힘들었을텐데ㅠㅠㅠㅠ 여기서 맛있는 거 먹여주셔서 감사합니다 나도 소미가 구워준 스테이크 먹고싶다,0
9924,형님 페타치즈파스타 고기라곤 눈씻고 봐도 없는데 리액션 너무 혜자십니다,0
9933,둘다 행복한 방송,0
9934,내 차례는 언제 ㅋㅋㅋ너무 가고싶네 진짜,0
9935,좋다 좋다,0
9936,소미 미쳤다ㅜㅜㅠㅜㅜ신곡   많이 들어주세요,0
9941,배고파졸려 아 맞네요 감사합니다,0
9943,소미님 너무 예뻐서 진짜 황홀하네요,0
10292,하하하  대박 크다,0
10949,ㅅ발 소중대는 존나노잼인데 안하면 안디ㅐ나,0
10956,소중한 대한민국,0
12574,메뉴 누가골랐어 너무 최고예요 너무 궁금했던 맛,0
12575,언니 사랑해요 항상 행복하시구 건강하세요,0
12576,오늘도 귀여오,0
12577,우왕 나랑 똑같은 티당,0
12578,솔직한 맛평가 너무 좋아요 김밥 러버는 담편 김밥다요트 넘 기대됩니다,0
12579,언니 저 언니 동생 되고싶어요 ㅎ,0
12580,어깨도 너무 작아지고 여리여리초반에 똑같은 여름 나시만 입던 모습  생각나네요다이어트 전에 푸짐하게 드세용,0
12581,진실의 미간이 없고망 그으냥 그런가보당,0
12582,웃음소리 너무 중독적이에욬ㅋㅋㅋㅋㅋㅋㅋㅋㅋㅋㅋㅋㅋㅋㅋㅋㅋㅋ,0
12583,ㅋㅋㅋㅋㅋㅋㅋㅋ매워서 젓가락 떨린거 저만봤나옄ㅋㅋㅋㅋㅋㅋㅋ신라면 볶음면전 도전을 하지않겠습니다 맵찔이는 그런거 먹는거 아니예요ㅠㅠ,0
12584,와 언니 방금 배민켰는데교촌들어가니까 발사믹치킨이 있길래뭐지해서 대충 넘겼는데 언니께 알고리즘에 떴엌ㅋㅋㅋㅋㅋㅋㅋㅋㅋㅋㅋㅋ,0
12585,앟 모야 언니1시간 전이라 참을 수 없어서 들어오긴 했는데ㅠ 지금 다이어트때매 너무 배고파서 담에 볼게요 미안용,0
12587,아아 언니 기다렸어요 오늘도 오프닝 멘트 최공 김밥 다이어트 아아 ,0
12588,상의 깔별로 산거 졸귀,0
12589,언니 면치기 개잘해,0
12592,너무 귀여웡 한참 동생인데 진짜 일주어터님 너무 귀엽네요,0
12593,옷ㅇㅓ디꺼예요 진짜 잘 어울려,0
12594,간만에 주연씨 밝은모습 가득한 화면보니 너무 좋네요 그냥 먹방 유튜버로 고고ㅋ,0
12598,오늘 먹방이라 그런지 언니 기분 좋아보여요ㅋㅋㅋㅋ사랑하면 언니 발냄새 맡을 수 있죠,0
12599,하루에 김밥 한줄은 아니되오,0
12600,김밥에 단무지 안 빼실꺼죠 단무지 좋아하는 1인  생야채로 김밥 싸도 맛있더라구요 맛있는 다이어트 되시길,0
12601,유튜브알고리즘으로 영상을 하루에 몇개보게되는지 일주어터님에게 푹빠져버렸네,0
12605,삼행시 너무 좋았어요,0
12607,누난 쓰레기야,1
12608,주연언니가 먹고 싶은걸로 하고 싶은걸로 유튜브 오래오래 해주세요,0
12609,신라면 볶음면 물부어놓은게 신경쓰여서 치킨을 뭐라 묘사하는데 집중이 안돼 누나 ㅋㅋㅋㅋ,0
12611,진짜 너무 귀여워서 현기증 나려 해 ,0
12612,앜ㅋㅋㅋㅋㅋㅋ 마지막 발보고 깜짝 놀랐네요 그래도 사랑스럽다,0
12613,진짜 너무 좋아요 일주어터,0
12614,역시 난돼지에요 다이어트보다 먹방이 재미나요,0
12615,오늘 악기 넘 좋아요,0
12622,언니 당연히 끼니에 한줄이죠 저는 끼니에 두줄씩 먹어요 하루에 한줄이라니 부처님도 짜다구 하실 거에요 주연쓰 건강 중요하다,0
12623,나 여자인데 이분 윙크날리는거 좋지 ㅋㅋ중독돼,0
12624,발사믹은 믿고 거를게요 찡긋  ,0
12626,믹치도록 귀여워요,0
12627,이 언니 나빼고 혼자 살 쭉쭉 빠져언니 룩북도 찍어주세용 호호,0
12628,항상 기다리는 화요일,0
12629,저번주도 그렇고 화사한옷이 잘어울리는 우리 주연쓰 ,0
12630,어제 백숙먹었는데언니때문에 오늘치킨먹어야겠다 ㅋㅋㅋㅋㅋㅋ,0
12632,뒤에서 손 엄청 움직이고 계실거같은데어깨가 들썩들썩ㅋㅋㅋㅋㅋㅋㅋ,0
12634,언니 푸라닭 블랙마요도 먹어주세요 맛있어보이던데 언니의 맛 표현 궁금해요 ,0
12635,커여워,0
12640,써니님이랑 두분 너무 귀여워요 ㅠ ㅋㅋㅋㅋㅋㅋㅋ,0
12642,보기만해도 이제 자동 광대 승천,0
12644,눈감고 콜라 마시기,0
12645,4097015015 중국 유튜버  채널인줄ㅎㅎ,1
12646,4097132132 언니 볶음면이 칼로리 더높아요,0
12650,4097009009 ㅋㅋㅋ저런건 대체 어디서 구해요,0
12652,언니 왜케 쪼꼬만해졌어요ㅠㅇㅠ 소중한 울언니 1키로 사라지는것도 아쉽,0
12654,오늘도 기분좋게 보고갑니다일주어터 화이팅,0
12655,선댓 후감상,0
12656,언니 싸랑해ㅜㅜ,0
12659,나는 언니가 마라탕에 꿔바로우를 먹어줬으면 좋겠써,0
12660,예김밥 한끼 한줄에 한표 던집니다 여름인데 잘 드셔야죠 건강한 여름 보내세욥,0
12662,아니 오늘 너무 마르셨는데요 무슨일이야,0
12665,뭐지 이 여자 매일매일 귀엽잖아,0
12677,4097107107 언니이제 리치걸 더더 흥하세요,0
12678,우리 주연언니 벽이랑 책상 사이에 껴서 힘들게 먹방하는 모습 눈물나 흑흑 아니 농담이고 맛있겠다 두개다 먹어보고싶다 교촌이랑 농심은 울언니한테 광고 조라 오늘도 영상 잘봤어욧,0
12679,ㅋㅋㅋㅋㅋ 아 너무웃곀ㅋㅋ ㄴ누가 밥먹기전에 저렇게 경건해욬ㅋㅋㅋ 아 너무좋아,0
12680,헐 김밥 다이어트 예전에 댓글로 적었었는데 보신 건지는 모르겠지만 드디어 해주신다니 너무너무 행복해요 ,0
12683,다이어트 성공하면 망하는 유튜버 그래서 따라하면 안됨,0
12684,일주어터님 그릭요거트 다이어트 해주세요 제가 해보고싶은데 살이 얼마나 빠질지 궁금해요,0
12686,아 손 뒤로하고 있는거 짱귀여워ㅠㅠ,0
12688,저는 파인애플별로 안좋아해서 새콤별루일듯,0
12689,면치기 재능 발견넘 다재다능 하신거 아니냐구욧 ㅎㅎㅎ,0
12690,아 어제 신라면 볶음면 샀는데 오 꿀조합이네요 김밥다이어트는 하루 세줄은 해야하지 않을까요 적어도 두줄 ㅠㅠ 무리 없이해요 플리즈,0
12691,흑흑 샐러드 다이어트 한다구 햌ㅅ다가 삼일만에 그만뒀어욬ㅋㅋㅋㅋㅋㅋㅋㅋㅋㅋㅋㅋ 진짜 일주어터님 대단하신거 같아요 흑흑 다시 같이 시작해욧 ㅠ,0
12692,4097658658 일주어터님 송곳니가 거의 저희집 고양이만큼 날카로우시다 한번 물리면 아프겠죠,0
12694,언니 왜 제 소중한 퍽퍽살에 뭐라하세요,0
12695,저 오늘 똭 생리가 터졌는뒈 언니가 오늘 똭 치팅데0 영상 올려주셔서 진짜 지금 좀 울다못ㅎ 나이아가라 폭포 생성중이거든요 근데 또 맛난거 먹어서 볼 빵빵한 언니보고 입꼬리는 발까지 걸려서 아조 고냥 기분이 울적한데 째져요 근데 배고파서 기분이 안좋아요 언니 너무 잘먹어  배고 우ㄹ 말랑콩떡우주최강큐티뽀짝우당탕탕웅냠냥냐냠한 언ㄴ 나 대신 맛난거 마니 묵어야해 알겠ㅉ ㅏ랑ㅎ요,0
12696,보면서든 생각1배고파뭐먹지2맛있겠다,0
12697,ㅋㅋㅋㅋ 성장판 아직 안닫힌 일주어터 ㅎㅎ,0
12698,김밥 다이어트는 한줄을 어떻게 어느 두께로 마느냐가 중요함,0
12699,너무날씬해진거아녀요몸에딱붙는티셔츠도입을수있고날씬이입에묻히면서먹는모습넘귀여워요김밥다욧도성공하길넘무리는하지마세요건강한것이최우선,0
12700,늘 웃는 모습대박예감,0
12701,지금 퇴근하구 교촌허니레드반반 콤보 시켰는데 진짜 이정도면 운명 아니에여 히힣,0
12702,주여나 사랑해 항상 응원해 건강하자 ,0
12704,오늘도 긍정힘 받구가용 김밥다이어트도 기대합니다,0
12706,배고파서 그런가 맛평가가 그렇게 좋은거도 아닌데 먹어보고 싶은 조합이에요ㅋㅋㅋ 맛있게 잘 드셔서 그런가봐요,0
12708,언니 진짜 사라지겠어 날도 더운데 매일 맛있는 거 먹어주면 안 될까 사랑해요,0
12709,김밥 다이어트 기대되는 사람 소리질러어 ,0
12714,맛있는 먹방도 자주해줘영 귀욤이,0
12715,요즘 올림픽이랑 일주어터님 영상 정주행하면서 여름나고 있어요 주연쓰도 더위 조심하세요,0
12716,나랑 몸무게 비슷한데 나는 되게 꼴보기 싫은 스타일이고 주연님은 뭔가 귀엽고 매력있게 생기심그래서 지금 다이어트 4일차ㅋㅋㅋㅋ,0
12721,왠지 오늘 유난히 어머님 더 닮으신듯,0
12722,매워서 얼굴 찡그리는거 왜케 귀여움ㅋㅋㅋㅋㅋㅋㅋㅋㅋㅋ 진짜 매력 터짐ㅋㅋㅋ,0
12723,맛 솔직하게 표현해줘서 상상이 가네요땡큐 땡큐,0
12724,뭔가 보는 내가 조큼 짠고 같아서 물마심ㅋㅋㅋㅋ,0
12725,언니 치팅데이 너무 좋아여ㅎㅎ 음식 나와랏ㅋㅋㅋㅋㅋㅋㅋㅋㅋㅋㅋ,0
12726,김밥 하루 한줄은 너무가혹해요ㅠㅠ,0
12727,으아 언니 살 마이빠졌다요ㅠㅠㅠ 1년전꺼 요즘 왜인지 정주행ㅋㅋㅋ하고 있는데 넘 날씬해져썽 소멸될까 걱정되잉,0
12728,아 귀여워진짜 너무 구여워코로나때문에 재택하면 좋은점 1일주어터 영상 업로드 되자마자 볼 수 있다 아무데도 못가고 집구석에만 있어서 지루해죽을 판이였는데 언니때문에 웃었다 언니 최고,0
12733,매콤  달콤 조합 좋네요 ㅎㅎ,0
12736,누나 그새 천명 늘어버렷어요,0
12738,먹방도 싄나게맛있게 먹으면  키로간다같이 세뇌중ㅎㅎ,0
12741,이걸보면서 시켜야되나 말아야되나 고민됩니다 ㅠㅠ,0
12742,일주어터님 오프닝에서 입으셨던 상의 제품명 알 수 있을까여,0
12748,이거 울 주연언니 아니냐며   오늘도 에너지 얻고가여 언니는 나의 에너지  ,0
12753,언니랑 똑같은 옷 오늘 입고 나갔다 왔는데ㅋㅋㅋㅋㅋㅋㅋ 반갑,0
12755,악기 쓰시고 당근하시는지 궁금해요,0
12757,언니 근데 진짜 야금야금 살이 빠진티가 나요,0
12759,언니는 맛 표현 솔직하게 해줘서 넘 좋고 소올직히 그냥 있는 그대로 매력있다 인정 ㅎㅎ,0
12760,러닝 여기서 참 지랄을 한다,1
12761,누나최고,0
12765,4097535535 너무 매워서 손 떠시는 것 같은데 ㅜ 매운거 무리하게 먹지마세여 ,0
12766,자매가 친한것이 너무보기좋아여,0
12769,아너무귀여웡요,0
12770,4097857857이어폰꼽고 보고있다가 소리질러서가족들이 놀람 ㅡㅡ,0
12771,죄송해요 가족분들,0
12772,와 오늘도 행복해지는 영상쓰우리낼 배구도 함께 응원해요 7번째,0
12775,날씬한사람들만 입는 쫄니트,0
12776,눈치보는거 넘기여워여ㅋㅋㅋㅋㅋ 역시 먹방은 텐션이 다른것ㅋㅋㅋ,0
12777,음 둘다 안먹는걸로 ㅋㅋㅋㅋㅋㅋㅋㅋㅋㅋㅋㅋㅋㅋㅋㅋ,0
12782,다이어트 중인데 언니 먹방보니까 진짜 갑좌기 눈물난다ㅠㅠㅠㅠ보고싶았어요요오ㅜㅜ,0
12784,나 진짜 언니랑 밥 한 끼 먹는 거 소원,0
12790,조아해 당신,0
12796,4097923923 아 나 울어 진짜 ㅋㅋㅋㅋㅋㅋㅋㅋㅋㅋㅋㅋㅋㅋㅋㅋㅋㅋㅋㅋㅌㅌㅌㅋㅋㅋㅋㅋ개웃김,0
12798,너무귀여워 너무귀여워,0
12802,예 너무 기여워 사랑스러워 찡끗,0
12803,1년 넘게 보고있어서 당연히 구독 누른 줄 알았는데 이제서야 누른 내 자신 반성해요ㅠㅠ,0
13591,갈거야 갈거야 발길이 안 떨어지시는   9900900,0
13602,펑펑울었네요ㅠㅠ챙겨주셔서  감사합니다 ㅠㅠ,0
13603,불쌍한 아가들 너무 이쁜데,0
13605,대답도 잘하고 집사님 앞에서 하품하기도 하는거보니 집사님 엄청 믿고 엄청 좋아하나봐요잘챙겨주셔서 너무 고맙습니다,0
13609,누군가 버린냥이 같네요 사람을 잘따르네요,0
13610,키울수는 없는건가요 뭔가 찡하네요 ㅜ,0
13624,에구 전 강아지파라 고양이에 대한 큰 관심 없었는데 이런거 보니 앞으로 길고양이들 눈길가게 생겼어요 은혜 줬다고 신뢰한다고 엄청 따르네요 ㅠ,0
13625,데려다키우시면 좋겠네요  저도 그런인연으로 길냥이 입양해서 키우고있어요   따뜻한마음 감사하네요,0
13626,마음이 너무 아프네요  힘내세요 냥이들 사랑하시는 집사님들,0
13627,사람을 넘 잘 따라서 맘이 아프네요 ㅠㅠ 외로워 보여요 ㅠㅠ 밥 챙겨 주셔서 감사합니다 ,0
13629,마지막 장면이 짠하네요저도 동네에 저런 냥이가 있는데 비쩍 말라서 사료를 줘도 잘 안먹고 냐옹냐옹 거리며 따라오고길냥이들을 보면 항상 마음이 아프네요 거기다 밥주지말라고 고함치는 사람들에 상처받고님처럼 마음 따뜻한 사람들만 있는 세상이면 얼마나 좋을까요,0
13633,이제 대화가 되는 수준,0
13637,저 정도면 사람에 대한 경계는 이미 없다고 봐야해요,0
13638,그렇군요 이 영상만 봐서 길고양이들 먹을 때 주변 경계하는 건 뭐 어쩔 수 없는 거 같습니다,0
13639,댓글들에 영역 다툼 때문에 경계하느라 계속 두리번거리는 것 같다 서열 밀려서 다른 분들이 챙겨주는 밥을 못 먹고 마른 것 같다는 댓글이 많은 거 보면 길 생활이 편해 보이진 않네요 ㅠ,0
13640,원래 경계 심했는데 탈진해있을 때 물 챙겨준 이후로 저런대요,0
13641,사람 좋아하면 길생활이 더 편합니다 챙겨주는 사람이 많아서 저렇게 길에서 편한 고양이는 막상 집에 입양하면 스트레스로 더 안 좋아지는 경우도 많아요,0
13642,ㅠㅠㅠㅠㅠ 정이 고픈가보다,0
13643,간택당하셨군요 비도 오는데 빨리 주인님 집으로 모시는게 좋겠어용,0
13650,냥이  밥 뺏어가지 말라옹,0
13652,비는 오고 사람들은 왔다갔다 얼마나 무서울까 ㅠㅠ,0
13653,광고나올때 댓글ㅋ선댓글후영상봅니다다른댓보니 대충은알꺼같아요길냥이들 다들쨘합니다ㅜㅜ,0
13662,줄거면 빨리 주라냥,0
13664,두리번 거리는건  영역다툼하는   다른 녀석  때문인거 같네요  한곳에  있기힘든  이유도  그것때문인듯,0
13669,ㅇ ㅅ ㅂ 강아지 귀여운거 보다 유재석 이영자 한테 뭐라고 했다는 유튜브 영상 엿 먹는 소리 하고 있어 ㅡㅡ 젝키가 무슨 개그맨 후배야 짜증나서 ㅋㅋㅋ,1
13672,고마운 아빠네요    우는소리가 가슴을 찡,0
13677,아재 말투 ㅋㅋㅋㅋ,0
13689,울음소리가 애처롭네요,0
13690,아이고 보자마자 안타까움이 ㅠ,0
13691,아고짠하네요ㅠㅠ 좋은일 하십니다,0
13693,제발 데리고 가주세요,0
13694,알고리즘의 선택을 받았다,0
13695,진심으로 너무너무 감사합니다 좋은일만 가득했으면 좋겠어요,0
13696,거의 대화를 하시네요 냥이랑 ㅋㅋㅋ 근데 많이 굶주렸나봐요 ㅜㅜ,0
13703,마음이 아프네요  감사합니다 복많이 받으세요,0
13707,배가  않이 고팠나  봅니다감사합니다   복받으세묘,0
13710,작성자님 마음도 아름다우십니다 ㅎㅎ,0
13711,보고싶은데 너무 맘아파 끝까지 못보겠다ㅜㅜㅜ노랑아 우리 매일보자 오랫동안,0
13718,에고 애처로워서겨울되면 더 걱정이네요완전 애기처럼 따르는게 이쁘기도하고 안쓰럽기도 하고,0
13719,에구 집사간택이다 정말 ㅎㅎㅎ 고양이들 사람 정말 잘 알아봅니당 ㅠㅠㅠ 복받으세요 ㅠㅠ,0
13721,구독좋아요근데꼬리를 몽둥이 마냥 세우고 따라다니는데좋아서 그러는 건가요너무 귀엽습니다,0
13722,입양가능할거같은데요 저정도 개냥이면누구없으세요,0
13723,잘보고갑니다 노랑이 귀엽네요,0
13724,평소에 굶나보다ㅠㅠ,0
13726,맘이참고우시네요,0
13727,길고양이가 어지간하면 맘을 잘 안주는데님을 많이 믿나봐요,0
13729,으아 너무 사랑스럽네여ㅠㅠㅠㅠ안쓰럽고 만감이 교차하네요,0
13730,유기묘인가보네요입양되면 좋겠네요,0
13732,저도키우고있는데길냥이ㅜ복받으실꺼예요,0
13735,대답을 다하네ㅋㅋㅋㅋ거참 신통한지고,0
13736,더운 여름 아이들을 위해 수고가 많습니다 항상 건강하고 행복하길 바래요 감사합니다,0
13737,그런데 이름도 없고 해서   나비야 크게몇번 부르니 막여기저기서 뛰어 오더라구요  ㅎ  신기해요  목소리를 귀신같이 알아요,0
13738,복받으실거에요맘씨따듯하시네요,0
13741,눈물나ㅠㅠ,0
13742,같이살고싶나봐요ㅠㅠ,0
14579,둘이 같은 그림체 그저 빛,0
14585,두분 다 너무 예뻐요 쿠롸잉쿠롸잉,0
14586,울 언니들 꽃길만 걷자,0
14589,나는 꽃다발 넘 예쁜데,0
14590,둘이 너무 예뻐서 대체 난 어딜 봐야할까 ,0
14592,03213211321 사기를 잘당하는편ㅋㅋㅋㅋㅋㅋㅋ아 미쳤냐구욬ㅋㅋㅋㅋㅋㅋㅋㅋㅋ개웃겨,0
14597,러블리상인데 두분이 닮았어요 ㅎㅎ,0
14617,모델진짜 잘어울린당,0
14618,진짜 언니는 좋은 영향을 미치는것같아요좋은 영상감사해요,0
14626,현주 존예,0
14628,로아르가 누구노 씹덕아ㅉ,1
14630,골프옷 넘나 기대돼요 언니 말대로 하이틴스러운 영국 왕실 가문 아이들 교복 넉낌 ㅋㅋㅋㅋㅋㅋㅋ 골프 배워야하나 후ㅋㅋㅋ,0
14631,자매같아요,0
14633,선크림 유목민이었는데 로아르 거 너무 좋아 보여서 믿고 바로 구매했어요 완전 기대돼요 ,0
14635,칭찬감옥ㅋㅋㅋㅋㅋㅋㅋㅋㅋㅋㅋㅋㅋㅋㅋㅋㅋㅋ,0
14639,묘하게 닮았어요 너무 예쁘게 잘 어울리세요,0
14646,내 인생 모토 울 언니 항상 행복해야해 정말 ,0
14651,얼굴 조합 미쳐따공주님들,0
14659,032510510 노장의 파워 ㅋㅋㅋㅋㅋㅋㅋㅋㅋㅋㅋㅋㅋㅋㅋㅋㅋㅋㅋㅋㅋ,0
14685,와우 모델선정 지렸다,0
14693,ㅋㅋㅋㅋㅋㅋ아니 여기서 육성으로 웃었어요ㅠㅠㅠ나는 어노잉 오뤤쥐,0
14705,브랜드에 언니가 찰떡인디ㅠㅠ,0
16394,오빠오프닝하실때눈꼽꼇어욥,0
16395,기생충엄청많을것같다 ㅋㅋㅋㅋㅋ,0
16398,저 배 멀미 있거든요  내일바로 거문도간다 레츠고,0
16400,이제 곧 씨가 마르겠네 ㅎㅎ,0
16412,좌표찍어줘 찾으러간다,0
16423,이건 절대로 주작이 불가능하다ㅁㅊ다고 미터급을 풀어주고 다시 잡을 수 없음,0
16426,제우진 그만하자 화풀고 인생 좀 즐겨,0
16443,튀겨먹네ㅋㅋㅋ낚시 아재들 뒷목잡을듯ㅋㅋ,0
16455,인기급상승 5위 ㄷㄷ,0
16456,아니 이 형은 돼체 도대체 아는 사람이 몇명이나  있는거야,0
16458,와 돈을 막 주워 담네 ㅋㅋㅋㅋㅋㅋㅋㅋㅋㅋㅋㅋ,0
16460,거기 어디지 알려주세요,0
16461,이번건 ㄹㅇ 레게노,0
16467,오늘영상재밌네,0
16468,살다살다 이런 사이즈 광어는ㄹㅈㄷ,0
16486,이건 최소 백만조회수다,0
16502,20542054ㅈ같다고,1
16503,우와보는 중에 우와 소리 밖에 안나오네옄ㅋㅋㅋㅋㅋㅋㅋㅋㅋ,0
16504,콜리님이 잘생겨보이기 시작했다,0
16511,저거 얼마정도해요,0
16513,진짜 레알 대박이네,0
16516,ㅋㅋ 이조합은못참지,0
16781,22592259 왜 콜라를 먹고 취한거 같지,0
16782,셋다 취한 텐션 ㅋㅋㅋ,0
16784,레츠고하는거 남친이 하루종일 따라해요,0
16789,저기 씨가 마르는거 아닐까요ㅠㅠ,0
16809,편집 ㅋㅋ 오디오가 비질않네,0
16813,진짜 행복해 보인다,0
16815,이건 안들어올수 없는 인트로 였다,0
16834,11041104 콜리님 동생밖에 안보여요ㅣ형제가 쌍으로 잘생겼네,0
16837,콜리님 유튜브 볼려고 콜리 치니깐 강아지보더콜리만 나오네,0
16843,수학빼고 다쉬웠다 이과,0
16844,세 분 케미 최고네욬ㅋㅋㅋ,0
16855,광어 아 합필 잡혀도 군소레끼한테 잡혔네 리발,1
16858,터봇이 요새 진짜 잘 잡히는군요 튀겨서 드시길 잘하셨네요,0
16865,여기 알려지면 사람들 다 몰릴것 같은데,0
16868,그사람이와거기서나와ㅎㅎㅎㅎㅎㅎ,0
16929,이번 영상 ㄹㅈㄷ다,0
16933,거문도에 사람들많있을뜻ㅇㅈ,0
16934,이게 ㄱㄴ함,0
16938,이 생선을 수빙수님이 손질하고 싶어합니다,0
16939,저렇게 큰 광어 첨보네 ㅋㅋㅋㅋ,0
16940,아니주작일 수가 없는게 저걸 구해놔서 넣는다는게 진짜 말도 안돼고 개 크다,0
16941,ㅁㅊ크기다 진짜ㅋㅋㅋ,0
16942,해루질 어디서 하셨죠,0
16943,와 말이안나오네 군침이싹도노ㅎㅎ,0
16945,와 진짜 이건 대박영상이에요,0
16948,와 이번편 리얼 젤 재밋가,0
16957,이렇게 힛뜨 티비는 떡상하게되었느니라,0
16965,아 회로먹어야지라고 생각한사람 좋아요 ㄱㄱ,0
16966,저 광어를 회로 안먹고 튀겨먹는게 너무 아깝다,0
16968,와 진짜 엄청나나,0
16970,시간 가는줄 모르고 봄,0
16971,와 처음에 주작인줄,0
16973,947947 무인도에 표류된 청년셋 영화를 보았다절실한거 보소,0
16975,ㅋㅋㅋ 평소처럼 가게에서 사온건줄 알았네,0
18473,나이들면 몸도 여기저기 고장나고 난 목욕탕 병원 약국 가까운 곳이 좋다,0
18483,누구나 공통된 애로사항 이네요,0
18499,송전탑이 있으면  건강에 문제가생길수도 있는데  송전탑이 문제는되죠 건강하게 살려고 시골가는데 송전탑이 있다는게 옥에 티 같네요,0
18534,도시에살다 시골 올때엔 10평미만에서 터밭하세요그이상은 중노동입니다집만 좋은집 사세요,0
18538,귀농 보다는 세컨드하우스나 작은거 하나 마련해서 소규모로 작물 재배하고 아무래도  자기에게 익숙한 환경에서 하고싶은거 하며 사는게 정신건강에 좋지요 67세신데 더 늦기전에 잘 결정하셨네요,0
18540,고생 많이하셨습니다 저도 38년동안 살다 시골와서 사는데 시골에 살아본 적이 없는 사람은 힘들지요 아침 일찍 나가서 일해야하고 친구도 없고 남편따라 와서 풀이 나를 이깁니다 뽑고 돌아서면 또 나와있고 힘들지요 그런데 그들 한테 감사가 나오면 시골 살수있어요 어디가면 못살겠어요 적응하면 되겠지요힘들긴 힘들어요 운전은 필수지요잘 생각하고 귀농하셔야 할것 같아요,0
18549,도시생활에서 밀려난 후 에이 농사나 짓자라는 생각이 가장 어리석은 판단,0
18553,대본을적어놓고하셨으면더 좋았겠네요ㅠ,0
18556,평당얼마씩인가요답좀주세요,0
18567,옳은 말씀인데요판단은 각자가 하면 되구요서설이 너무 깁니다,0
18572,귀농하시는분들다시도시로가더군요아직시골에는병원도없고겨울에는무서워서못산다고하시네요,0
18573,서민갑부 보세요 농업으로 부자된 사람들 많던데 이것 팔고 가면 정말 후회하실 것 같아요 도시 친구들을 시골로 부르면 될 텐데암튼 아쉽네요,0
18575,귀농이 건 귀촌이 건 그냥 낭만적으로 택한 사람들은 대게가 실망과 후회가 따르게 된다는 걸 알고 먼저 경험자 충고를 진지하게 받아들임이 좋을 거다,0
18576,지역만 맞다면 제가 사고 싶은 집이네요,0
18577,집이 정갈하고 예쁘네요 집 주변도 최고예요그런데 시골에 살려면 가족도 많고 서로 화목해야 해요,0
18578,공감하지만현실적으론거의불가죠,0
18580,안타낍네요젊은분도아닌데,0
18582,노지 밭농사 답이 없지요750평에서 얼마나 나올 까요적어도 2000평 농사는 지어야 먹고 살지요근데 둘이서 이천평 농사 부지런 해야합니다한쪽이라도 게으름 피우면 망합니다,0
18583,주택 세월가면 돈 먹는 하마입니다  옥상 누수 잡아야죠싱크대 갈아야죠마루바닥 들고 일어나기 시작하죠욕조 타일 사이 실리콘 색깤 변하죠보일러 물 새죠,0
18585,시골 전원생활을 할려면 주방 요리사 한명 채용하고 정원사 농사지을 일꾼 몇명  채용해서 시골 가야지 혼자 다 한다는건 욕심이지,0
18590,귀농은힘들고  그냥 힐링하면서 사는것은찬성,0
20503,일본에서 가능하면 백신 맞고 와,0
20509,한국에서 활동했으니 그리워서 그랬겠죠,0
20513,지금까지 잘하고 있었어요 잘하실겁니다,0
21009,어서 돌아오세요,0
21015,빨래는 제가 해드릴게요 얼른 오세요 ㅋ,0
21043,응 다른 식구들도 다 같이 와요,0
21045,환영해요어서와용 잘때없으면 우리집 화장실에서 재워줄꼐요,0
21048,만나고싶어 보고싶어 이뻐죽겠엉 ,0
21169,그동안 남의나라에서 고생많았소,0
21182,비자해결되서 언제든 가족분들 볼수있음,0
21936,항상 응원드려요 리스펙 ,0
21938,귀국ㅇㅈㄹ 국적이 일본인데 뭔 귀국이노ㅉㅉ,1
21939,ㅋㅋㅋㅋㅋㅋ 여기서보다니,0
21946,돌아온 일본인 많아요다들 활동하느라 바쁘더군요,0
22300,이분은 한국으로 출국아닌가 ㅋㅋㅋ,0
24797,상우 댓글마다 커버치느라 바쁘네ㅋㅋㅋㅋㅋㅋㅋㅋ,0
24798,조회수부터가그냥ㅋㅋㅋㅋ,0
24802,빨래는 왜 남이 대신 해주는거야  병신들이야,1
24808,으아 보는 내내 암이걸린다,1
24810,생각만해도 좆같네,1
24813,631631 이거 보고 안빡칠수가 있음 ㅋㅋㅋㅋ,0
24814,401401 딴 건 모르겠고 분대장까지 일어나있는데 어디 이등병이 미쳐가지고 진짜 씹폐급이네ㅋㅋㅋ,0
24824,540540 엥 이때 안 맞았는데 맞았다고 진술한 거예요 그래놓고 자기는 책 보면서 과자 먹고 사이다 제발 기대할게요 제발,0
24825,소름돋네 08년도 군대생활할때 중대장 닮았다 ㅡㅡ,0
24828,팍플레이 시청자가 이 채널을 시청합니다,0
24836,아흐 줘팰수도없고 진짜 ㅋㅋㅋㅋㅋ,0
24840,뭐야 찐인데 댓글이 업네,0
24841,와 개똑똑하네,0
24842,근데 여기서 중요한건 간부들은 이미 부조리 다 알고 있다는 거,0
24845,예상했던 시나리오다,0
25647,진짜 다른 의미로 사악하네 저런게 들어와서 군대 흐리는거임,0
25648,ㅋ영창가면 가는거지 왜케쫄아 ㅋㅋ 시발 나같음 영창가고 타부대 전출가고 말지 저런새끼들이랑 같이 못삼,1
25649,조패고 갔다오는게 나을수도있겠다,0
25653,이개새기 다 적어노ㅑㅆ네,1
25654,00050005 아 나 3생활관인데 개놀랬네,0
25655,나만  윤모  불쌍하나 물맞을때  목소리도,0
25656,마지막 ㅈㄴ 열받네 ㅋㅋㅋㅋㅋ 확죽일까,1
25657,저런 애들이 어느 조직에 있는 빌런들임 발암캐,1
25659,진짜 빡칠만하다 저건 발,0
25661,제 모하냐,0
25664,부들대긴 ㅋㅋㅋ 정곡을 찔렀나보네 재수에 대해 자세히도 아는구만  ㅎㅎ휴대폰도 자주 못 볼텐데 힘내 친구야,0
25665,또 자기 3수하는거 알려주고 싶어서 자기 혼자 재수 얘기 꺼내네 ㅋㅋ 재수학원에서 공부는 안 하고 선생 몰래 유튜브 키고 댓글 쓰는 꼴 보면 안 쪽팔리디,0
25666,콜라 학력 콤플렉스 있나보네 재수 잘 치뤄라 친구야 무지성 악플 그만 달고 다니고,0
25667,ㅋㅋ 지가 먼저 학력 꺼내놓고선 자기 학력은 내 놓지도 못 하노 ㅋㅋ,0
25668,빨리 다음화 빨리 다음화 빨리 다음화 너무 너무 재밌고요,0
26671,누가 우리부대 얘길 제보했냐,0
26677,음악 잘쓴다 ㅋㅋ,0
26679,방관죄 진짜 개 좆같은말이다,1
26680,욕하고 물뿌린건 선넘었네,0
26690,힘내십시오 선생님 어머님 꼭 나으시기를 바랍니다,0
26692,아빠찬스 쓸때다,0
26696,아ㅈㄴ 암걸리네 상훈아 줘패라걍,1
26699,답도안나온다,0
26722,진짜 리얼리티 쩌네 ㅋㅋㅋㅋ 부대 마다 저런애들이 있었던건가 완전 똑같네요,0
26724,김상우 닥쳐 상우야,1
29009,케바케입니다,0
29010,와 엄마가 드라마볼때 이기분이였나ㅈㄴ 몰입되네,0
29016,망할,0
29668,제발 빨리 심층분석,0
29670,머리가 씨게 아파오네,0
31943,고문관 관심병사 개자식들은 진짜 죽이고싶다,1
31963,어질어질하네 ㅋㅋㅋㅋㅋㅋㅋㅋㅋㅋㅋㅋㅋㅋㅋㅋ,0
31966,마지막에 얼굴 너무 웃곀ㅋㅋㅋㅋㅋㅋㅋㅋㅋ,0
33089,겁나 기다렸다,0
33091,633633  아니 갑자기 좋아요 수가 ㅋㅋㅋㅋ,0
33094,디테일 지리네 선임들 다 털리는 거 알면서도 과자까먹으면서 다리 꼬고 책보고 있으면 ㄹㅇ싸이코,0
33116,하 진짜 존나 옛날생각나서 개빡친다ㅋㅋㅋㅋㅋㅋㅋㅋㅋㅋㅋㅋㅋㅋㅋ,0
33117,마지막 눈빛이 아주 살벌하다,0
33118,분단위로 써놓은거 보니 정말 관심병사가 맞다,0
33119,아니 왜 여기서 끝나냐고,0
33120,드디어 나왔네,0
33123,빨리올려줘요 현기증 난단 말이야요,0
33124,왜 만화인데 숨이 막히면서 몰입이 되지,0
33134,업데이트가 너무 느리네 앞 이야기 까먹을지경,0
38622,신병이 제일 재밌어,0
38633,마무리  까지 완 ㅡㅡㅡㅡㅡ 벽,0
38635,이게 드라마로 나올거 생각하니깐 내가 다 감동적이네,0
38637,드라마로 나온데요,0
38644,문제는 소잃고 외양간 고치는거,0
38645,ㅋㅋ근데 재미를 보자면 충분히 가능성이 있기는 함ㅋㅋㅋㅋ하지먼 리얼리티를 생각하면 안될 가능성이 높고ㅋㅋㅋ,0
38647,00430043 팔 구르는 디테일까지 그냥 거를 타선이 없다,0
38650,디테일 너무좋고,0
38651,ㄹㅇ 이거는 성장했다는 걸 잘 보여주는듯,0
38654,선 댓 후 감상 후회되는 선택,0
38655,와이씨발 성윤모개새낔ㅋㅋㅋㅋㅋㅋㅋㅋㅋㅋㅋㅋㅋㅋㅋㅋ,1
38656,씨발 내가 다 숨이 턱 막히네,1
38657,하 썸네일부터 엿같네,1
38658,난 발페티쉬가있다 근데 썸낼만큼 안꼴리는 발이 없다 진짜,1
38659,오늘 느낀점 기억력이 다들 대단하다,0
38661,와 5분도 안 돼서 1만회가 넘었네여,0
38664,썸네일 보자마자 개킹받네 ㅋㅋ,0
38667,윤모 싸대기 마렵네,1
39900,볶음면 위에 체다치즈 올려서 먹으면 환장함,0
39901,아무리 그래도 불닭보다 맵지 않을거 같은데,0
39903,나만 신볶 맛있나,0
39907,물넣고끓이면그냥신라면인가,0
39909,굴리는 거 아닙니다 볶이는 겁니다,0
39911,신라면 애용자인데 신라면은 그냥 오리지널 드세요 볶음면 기대하시고 드시면 실망 진짜 많이 합니다,0
39912,적당히 먹을만한듯 계란후라이 얹어먹고픔,0
39913,저도 진순 스낵 등을 좋아하긴하는데 요즘 신라면이랑 진매를 먹어보면 예전보다 기분나쁘게 혀를 쏘면서 아리는 매운맛이라 점점더 매운맛 라면을 안먹게됨,0
39915,저거 컵으로 나온날 바로 먹어봤는데생각보다 ㅈㄴ 맵더라 ㅋㅋㅋㅋㅋㅋㅋㅋㅋ,0
39917,저는 어렸을때 신라면은 표고버섯 씹는 맛으로 먹었는데,0
39918,표고버섯 개 ㅈ만큼 들어가는데 그게 충격적일것까지야 ㅋㅋㅋㅋㅋㅋㅋㅋ 지랄들 과하네,1
39919,매울신과 신춘호 회장의 신 자를 같이 쓰느거 맞는데요 광고 케치프레이즈도 사나이 울리는 매운맛인데 무슨 소리세요,0
39920,이거 아닌데 그래요 신라면 하나 싼건 당연하고 팩트죠 ㅋㅋㅋㅋㅋㅋ 근데 갑자기 껌 얘기가 왜 나옵니까ㅋㅋㅋ,0
39922,근데 님 신라면 하나는 당연히 안비싸죠 ㅋㅋㅋㅋ 님은 껌하나가 5000원이면 에이 별로 안비싸네 하면서 씹을건가요생각을 하세요,0
39925,김밥은 라면이랑 같이 먹어야쥬,0
39926,난 이거 개별로였는뎅,0
39930,신라면도 매운데 볶으면은 진짜 매워 죽을뻔했어요  나는 맵찔이 한국에서 살기 너무 힘든 나,0
39954,아아버님과 맞먹는 맵찔이인데 조졌네요 오늘 마트에서 4개묶음 샀는데아,0
39955,신라면맛에후추넣은맛임 그냥,0
39957,암요,0
39958,난 이분마음 이해함 매운거 잘먹는거가지고 허세부리는거 개꼴보기싫음,0
39959,매운거 적당히 잘먹는 내 기준으로는 꽤 매웠음 불닭은 먹지를 않아서 모르겠는데 까르보불닭 보다 살짝 덜 매운 정도라 보면 될 듯 일반 신라면을 생각하고 먹으면 안됨,0
39961,김성민좀 아시는 군욧 귀공자 들의 입맛 은 고급 입니다,0
39962,그래서 무슨 맛이죠 그냥 매운 맛이 끝인가요 ㅋㅋㅋㅋㅋ,0
39966,불닭맛 기대했는데 전혀 맵지가 않았다,0
39967,맵찔이 입장에선 신라면은 매운라면이 맞다 진순 차냥해 ㅋㅋㅋㅋㅋㅋㅋㅋㅋㅋㅋㅋㅋ,0
39968,진순은 옳다 다만 맛이 없을 뿐이다,0
39969,칼로리를 논하면서 수박 반통을 그 자리에서 먹는 모순,0
39971,이거 리얼 존맛탱인데 ㅜㅜ 적당히 맵고 신라면의 맛이 녹아있음요 간짬뽕 먹다 질리신 분들 강추,0
39972,볶음면에 숙주는 환상이지,0
39978,0984052052 라면 전체보다 더 많은 고농축 나트륨,0
39979,진순파는 고개를 들어주세요,0
39980,아부지 수박 반통 먹을 만큼 매운거 확실합니까 그냥 수박 반통이 먹고 싶으셨던거 아닙니까 ㅋㅋㅋㅋㅋㅋㅋ,0
39981,불닭보다 안매워요,0
39983,난 다먹고 우유 한컵이면 해결되던데맵찔이임,0
39984,갠적으로 진맵 보다 아주 약간 매운정도에요 열라면 틈새라면 드실 수 있다면 드실 수 있어요,0
39986,신라면 후레이크에 콩고기 기름쩐내 같은 맛 나서 너무 싫음 그것만 빼면 넘 꿀만,0
39988,편집자가 바뀌셧나 나트륨 단위가ㅋㅎ,0
39989,나이가 들고서 라면 안먹는 이유를 알것 같긴 함 이 맛에 이거 먹고 배부르다는 게 너무 억울해,0
39991,ㅇㅈ 라면 안먹은지 3년지남 그거 먹을빠엔 소고기랑 초밥먹음,0
39992,ㅇㄱㄹㅇ 나도 항상 느끼는데 고3임 ㅋㅋㅋㅋㅋㅋㅋㅋㅋ 라면 너무많이먹었나,0
39994,맵찔이로서 이거 너무매워 엌엌,0
39995,ㅇㅈ저도 땀나면서 먹음,0
39996,0984556556 먹방시작,0
39997,와 진짜 매운거 못드시는구나,0
39998,신라면 안 드셔서 그런지 유통기한 지났네 ㅋㅋ,0
40003,신라면마저도 볶아버리는 볶진화 센세,0
40004,마지막 수박 반통 먹는 그림 왜이리 귀여우십니까 ㅋㅋㅋ,0
40005,눈에 눈물 그렁그렁ㅋㅋㅋㅋㅋㅋㅋ,0
40009,소금을 뭉탱이로 넣은 라면,0
40010,개인적으로 볶음면 별루더라 차라리 불닭먹음,0
40012,표고에 이상할 정도로 집착하는 36세,0
40014,이분은 아무일도 없어도 수박 한통 항냥냥하십니다만,0
40015,수박으로 한시간 썰푸는 사람도 있음,0
40016,면 잘게 부숴서 만들고 밥 비벼으면 맛있음계란후라이 참기름 넣고,0
40017,메롱꿍 일단 김 얘기한 적 없고 ㅋㅋㅋㅋ그냥 참기름만 있어도 충분함,0
40018,메롱꿍 역시나 잼민이네,0
40019,메롱꿍 존나 불편해하네ㅅㅂㅋㅋ,1
40022,맵찔이는 먹지마라군요,0
40023,신라면 옛날 버전 만들어주라고 신라면 돌려줘요,0
40024,매운것보다 오지게 짜던데,0
40029,물에 넣으면 반응해서 터지겠네ㅋㅋㅋ,0
40030,사람 죽음ㅋㅋㅋㅋㅋㅋ체중 60 성인 기준 반수치사량이 200쯤 됨,0
40034,볶음면 컵라면 먹어봤는데 엄청 짜던데 나는,0
40035,다 좋은데 쥰내 짬 ,0
40036,아 축구는 못참지 나중에 본다,0
40038,솔직히 진짜 별로였슴 그냥 신라면 국물없이 볶아먹는거랑 차이를 모르겠는데 가격은 더 올려받았으니 더 괘씸,0
40041,신라면 볶음면에는 나트륨이 139이 들어있다ㅋㅋㅋㅋㅋㅋㅋㅋㅋㅋㅋ,0
40043,밀리그람 이여야 하는게 맞죠 ㅋㅋㅋ,0
40044,유성문 아 속았어,0
40048,진순은 언제나 옳습니다 반박시 님말도 옳음,0
40049,이분 진순먹고 순해져서 그렇다고합니다,0
40050,라면 평화주의자 ㄷㄷ,0
40051,진순에 런천미트 펩시콜라 국룰이지 반박시 그 말도 옳음ㅋㅋ,0
40052,난 진맵진순 둘다 좋은데신라면은 맛바껴서 별로,0
40053,고고마워요,0
40056,ㅋㅋㅋ 귀여운댓글이넹,0
40060,푸라면 볶음면이라니 이건 못 참지,0
40063,진순파의 신라면볶음면 리뷰,0
40072,앞으로 나랑도 쭉 같이 잘 자내쟈,0
40073,그래도 안 맞은상태에서 서로를 이해하고 알아가는게 진정한 사랑으로 나아가게 해주지 않을까요 처음부터 잘 맞는 사람 보다는,0
40076,동영상 앞부분에 말빨리하는건 진짜 중독성 엄청강해요 ㅎㅎㅎ,0
40078,휴우인생은 아주 길답니다,0
40079,100만 축하해요,0
40080,결혼할 남자가 없어요 ㅠ,0
40085,멀리서보면 희극,0
40086,아기 생기면 전쟁의시작 ,0
40092,훈남훈녀 귀여운부부군요,0
40095,저기 둘이라 행복한거아닐까요 근데 이영상을 보면 누구든 행복해지는거 같네요 큭 부럽다ㅋㅋㅋ,0
40098,5615615 우와 나 알바 사장님 엔프피인데 스트레스 받으면 청소하심 이것도 엠비티아이랑 관련있는건가 ㅋㅋㅋㅋㅋㅋㅋ,0
40100,저는 뼛속까지 인 사람인데 모든 여러가지 결과  계속 잘맞는 로 가 나오는거에요 그래서 특징을 찾아보고 그랬는데 정말 하나도 안맞을거라 생각했는데 소근커플을보고 어쩌면 잘 맞을 수도 있다고 생각이드네요,0
40103,앜ㅋㅋㅋㅋ 맞다 아직 신혼여행안갔짘ㅋㅋ,0
40128,이런 기획 넘 조아요,0
40130,엔프피랑 잇티제가 생각보다 잘맞는거같아요 주위 이 조합 커플이 되게 많음,0
40132,저희 부모님도  이셔서 그런가 더 웃기네욬ㅋㅋㅋㅋㅋㅋㅋㅋㅋㅋㅋㅋㅋㅋㅋㅋㅋ,0
40134,결혼한 사람은 이해할 수 있는 말들  저도 신혼인데 넘 공감돼용 ㅋㅋ 좋아요,0
40136,나 같은 딸이란 말을 뱉고말다니 ㅋㅋㅋㅋㅋ,0
40137,서로가 결혼을 추천하는 모습 너무 보기좋네요 ㅋㅋㅋㅋㅋㅋㅋㅋㅋ,0
40138,결혼은 별로 좋다,0
40139,오프닝부분 옛날에 하던 방식이 튀나와서 너무 좋네용,0
40142,마지막에 그렇게 말씀하니 왠지 안하고싶어짐ㅋㅋ,0
40145,왜 눈에서 광기가 보이죠 ㅋㅋㅋ,0
40146,글씨체가 바뀌었다 ,0
40147,우와 두분 엠비티아이 최고 좋은 조합이네요 대박 원래 안 겹치고 다 달라야 최상위 조합이에요ㅎㅎ,0
40152,아침에 일어나서 바로 세수하고 눈도 제대로 못뜨고 커피우유 먹는 모습이 진짜 사랑스럽고 귀여우셨나보닼ㅋㅋㅋㅋ계속 그 모습을 강조하고 있어 ㅋㅋㅋㅋㅋㅋㅋㅋㅋ,0
40153,아니 엠비티아이 완젼 반대 아니야,0
40155,아 진짜 친구랑 수다 떠는 느낌ㅋㅋㅋㅋㅋㅋㅋㅋ 덕분에 보는내내 웃었어요 ,0
40159,로또 같은 존재야 정말 하나도 안 맞앜ㅋㅋㅋㅋㅋㅋㅋㅋㅋㅋㅋㅋ 어낰ㅋㅋㅋㅋㅋㅋㅋㅋㅋㅋ 아니 로또는 좋은 건뎈ㅋㅋㅋㅋㅋ로또로 누가 이런 생각을ㅋㅋㅋㅋㅋㅋㅋㅋㅋㅋㅋㅋㅋㅋㅋㅋㅋ 미치겠다 이언니 늘 너무 사랑스러워,0
40165,아니 처음에 장점 말하는 거 맞죠 그 뒤에 단점 말하시는데 앞에서 이미 장단점을 롤러코스터 타듯이 왔다갔다하면서 다 말하는 우리 회장님ㅋㅋㅋㅋㅋㅋㅋㅋㅋㅋㅋㅋㅋㅋㅋㅋㅋㅋㅋㅋㅋㅋㅋㅋㅋㅋㅋㅋㅋㅋㅋㅋㅋㅋ,0
40168,역시 믿고 보는 영상 클라쓰넘무 재밌어용,0
40170,오늘 편집 좋아염 결혼 꼭 할게요ㅋㅋㅋㅋ,0
40171,겨론은 혼자하나여 ㅠㅠ,0
40175,둘다 발음이 똑같으네여  5051051 겨로랗닣까,0
40177,근명님 냉장고 구경 시켜주세요소영님과 어떤 음식을 만들어먹는지 궁금해요,0
40180,3시간 전은 못 참는다고했지,0
40181,진짜 두분다 너무 사랑스러워요ㅜㅜ,0
40183,전 인데 완전 언니랑 오빠 중간이네요ㅋㅋㅋㅋㅋㅋ 두분 마음이 다 공감돼요ㅜㅠㅋㅌㅋㅌㅋㅌㅋ,0
40185,꼭 하고 싶은데 할 사람이 없네ㅋㅋㅋ,0
40187,이상적인 연애의 표본이었던 소근커플인데이런 서로의 디테일한 결혼 일상 이 오히려 더 현실적이게 와닿아서 결혼 고민하는 커플들에게 도움이 되는날이 오다니아직두 다이아페스티벌에서 본 모습이 눈에 선한데 결혼까지 골인해서 아직도 뭉클해요,0
40192,그래서 결혼한거 좋아,0
40195,둘은 저렇게 다른데 도대체 어떻게 결혼한지 아직도 의문이에여,0
40200,아니 좋아 너네들도 꼭 해 왜 이말이 반대로 들리지 나만 그래,0
40203,분명 영상을 집중해서 끝까지 다 봤는데 그래서 하고 싶으신 말이 뭘까요ㅋㅋㅋㅋㅋㅋ 계속 맴도는 말 하나는 결혼은 신중하게하는거야,0
40204,그 초등학교 6학년이 다음 후배를 위해 안좋은 수련회 평가에 만점을 주는 느낌이 있어요 소영누나 마지막에 그런 느낌이 드는 것은 기분탓이겠죠,0
40210,아니 진짜 처음 기숙사 같은 생활 해봤는데 룸메 애들 알람 맞춰놓고 안 일어남 얘네 너무 피곤해서 그런가 했는데 원래 그런 애들이었음 나는 알람 울리면 바로 끄는 스타일이라 컬쳐쇼크 알람이 5분정도 울렸는데도 끝까지 자고 있어서 내가 끔 이건 남에게도 민폐인데 전혀 모르나봄 근데 이런 사람들이 많다는 거에 더 충격ㅋㅋㅋㅋㅋㅋ,0
40211,근명형님의 속사포 인트로ㅋㅋㅋㅋㅋㅋㅋㅋ 너무너무 오랜만이고 너무너무 재미있어요 소근커플은 소영 근명 서로에게 너무너무 가까운 관계였고 팀장님 및 영상 시청자들에게도 친숙하고 즐거움을 주는 관계여서 내심 다들 같은 기분을 느낄거라고 생각했어요 근데 팀장님들마다 조금씩 다른 조금씩 같은 감정을 공유하고 공감하니 저도 나중에 꼭 두 분 같은 연애를 하고 결혼하고 싶다는 생각이 들어요 ㅠㅠㅠㅠㅠ 앞으로도 두 분의 모습을 담은 영상을 많이 올려주시면 좋겠어요 오늘 엉상도 잘 봤습니다,0
40212,헐 초반 랩 되게 오랜만인 것 같다ㅠㅜㅠㅜㅠ,0
40226,ㅋㅋㅋㅋㅋㅋㅋ큐ㅠㅠ같이 대화하는느낌,0
40232,결혼 꼭 해부릅  너희들도 해서 겪어봐 이것두라,0
40233,헐 대박 나랑  똑같아용,0
40235,복잡하네요,0
40238,ㄱ그래서 결론이 ㅁ머에ㅇ요,0
40239,ㅋㅋㅋ분명 진심인데 영혼빠진 말투 ㅋㅋㅋㅋㅋ 분명 진심이야 근데 영혼이 없는ㅋㅋㅋㅋㅋㅋ혼란스럽다 근데 행복해보여일상을 함께 한다는 것 싫은데 좋고 좋은데 가끔은 싫은나두 서로 다름을 인정하는 결혼 하고파유 취뽀먼저 하고 ㅎㅎㅎ,0
40242,친구처럼 인터뷰하니까 너무 좋아요,0
40244,오늘 특별출연  커피우유,0
40249,두 분 너무 행복해보이세요,0
40250,오랜만에 그 나래이션 ㅎㅎ,0
40251,완전 반댄 거 봐ㅋㅋㅋㅋㅋㅋㅋㅋㅋㅋㅋㅋㅋㅋㅋㅋㅋㅋㅋㅋㅋ,0
40252,뒤에 사진에 계속 눈길이 가 ㅋㅋㅋㅋㅋㅋㅋㅋ,0
40253,결혼이란 잠깐의 커다란 행복을 얻고 일생의 자유를 잃는 것이다,0
40254,ㅋㅋㅋㅋㅋ 저도 11년 연애하고 결혼을 앞둔 신부인데 처음부터 끝까지 다 공감되네요 ㅋㅋㅋㅋㅋㅋㅋㅋㅋㅋㅋㅋㅋㅋㅋㅋ,0
40256,몇달 후 결혼식을 올리지만 대출때문에 혼인신고먼저 한 커플인데소영씨가 말하는 그 줄이 엉킨게 뭔지 알거같음 ㅋㅋㅋㅋ그저 어제는 남친 오늘은 배우자가 된건데 느낌이 다름너무 다름ㅋㅋㅋㅋㅋ볼때마다 책임감이 생기고 쉽게 풀리지않을 실이라는게 느껴짐가족관계증명서 떼보면 그 느낌이 더 확 와닿음어제는 남친이였는데 오늘은 모든서류에 서로가 배우자로 명시되어있음 정말 신기한 느낌임,0
40260,결국 하라는건지 말라는건지 알 수 없었다고 한다,0
40261,우와 엠비티아이가 정반대인 부부 생활가능하신가요 정말 궁금해요 ㅋㅋㅋ,0
40262,저도 남자친구랑 소근 커플과 똑같이 엠비티아이가 정반대인데  정말 안맞아요  하나부터 일까지 ,0
40264,하 진차 왜이렇게 웃기는거짘ㅋㅋㅋㅋㅋㅋㅋㅋㅋㅋㅋㅋㅋㅋㅋㅋㅋㅌㅌㅌㅌㅌㅌㅌㅌㅌㅌ,0
40265,ㅋㅋㅋㅋㅋㅋㅋㅋㅋㅋㅋㅋㅋㅋㅋㅋㅋㅋㅋㅋㅋㅋㅋㅋㅋㅋ오늘 처음부터 끝까지 계속 웃으면서 봤네 ㅋㅋㅋㅋㅋㅋㅋㅋㅋㅋㅋㅋ,0
40269,아ㅋㅋㅋㅋㅋㅋㅋㅋ 웃겨서 댓글 달아야겠다 했는데 있었네여ㅋㅋㅋㅋ,0
40270,난 운이 좋다는 줄 알았는데 반전이였더라고요ㅋㅋㅋ,0
40273,회장님 마지막에 결혼 꼭하라고 강조하는거좋아서 추천하시는거 맞죠ㅋㅋㅋㅋㅋㅋㅋㅋㅋㅋㅋㅋㅋㅋㅋㅋㅋㅋㅋㅋㅋㅋㅋㅋㅋㅋ,0
40274,나만 당할수없다ㅋㅋㅋㅋ,0
40276,그래서 결론이 좋은 거예요 뭐예요 ㅋㅋㅋ 결혼 추천하는 거야 아닌 거야 어질어질하네용,0
40277,가장 기억에 남는건 커피우유와 로또야 ㅋㅋㅋㅋㅋㅋㅋㅋㅋㅋㅋㅋㅋㅋㅋ,0
40280,두분이 정반대성향을 가지고 있어서 더 재밌어요 ㅋㅋㅋㅋㅋ,0
40281,결혼장려 영상 달달해ㅠ,0
40286,결혼한걸 보니까 넘모 부러워여ㅠㅠ,0
40289,결혼하고 나서 두분 분위기가 살짝 달라지신거같아요 워낙 연애를 오래했어서 결혼해도 똑같을거깉았는데 뭔가 좀 수줍어하눈거같은,0
40290,아내 남편이라 하니까 아직 어색해,0
40291,5446446 로보트가 말을 하나봐,0
40292,그런대 궁금한게 있습니다지금은 부부가 되셨지만 연예하기전에 첫만남때 근명님은 소영님이 이상형이셨나요그리고 소영님은 근명님이 이상형이셨나요그런거있잖아요 솔로일때보면 여자나 남자나본인만의 이상형이라는게 있잖아요,0
40293,빠져들어서 봤어욬ㅋㅋㅋㅋㅋㅋㅋㅋㅋ 개꿀잼,0
40294,헐 언니 저도 엔프피에요 대박ㄱ사랑햐용,0
40299,5132132 너희들 근명이 쌩얼 알지 나 그거 24시간 본다ㅋㅋㅋㅋㅋㅋㅋㅋㅋㅋㅋㅋㅋㅋㅋㅋㅋㅋㅋㅋㅋㅋㅋㅋㅋㅋㅋㅋㅋㅋㅋㅋㅋㅋㅋㅋㅋㅋㅋㅋㅋㅋㅋㅋ,0
40300,ㅋㅋㅋㅋㅋㅋㅋㅋㅋㅋ아 웃으면 안돼는데 너무웃곀ㅋㅋㅋㅋㅋㅋㅋㅋㅋㅋㅋㅋㅋㅁㅋㅋㅋㅋㅋㅋㅋㅋㅋㅋ,0
40301,커피 우유 얘기 멈춰,0
40302,다 보고나니 아침으로 커피우유가 먹고싶어요,0
40303,진짜 너무 결혼하고 싶어 지는 영상이다,0
40304,소근커플 행복을 지지합니다항상 즐겁고 행복한 하루가 늘 되길 바랍니다 사랑해요,0
40305,반말로 하니까 찐친같은느낌 ㅋㅋㅋㅋㅋ 넘 재밌어,0
40308,결론  결혼 후 달라진 점은 아침에 일어나자마자 커피우유를 먹는다 끝,0
40310,소근커플이 소근부부돼서 내가 제일 좋아 너무 행복해 ,0
40312,결혼하니까 더 좋다는 말씀이신거죠결혼하니까 좋아 응좋아결론은 이제 부부가 되신 소근커플 사랑합니다,0
40314,결혼할 상대가 있는지부터 무물어봐주라 ,0
40315,소근커플 영상보면 진짜 수험생활끝나고 연애랑 결혼 빨리 하고 싶어요 진짜,0
40317,5041041 여러분들이 찾고 계시는거,0
40318,ㅁㅊ 조금만 움직이면 딱 손 잡는데 ㄹㅇ 연애고수야 머야하씌 진짜 난 언제 생겨,0
40319,두분 다 정말 오래 변함 없는 모습 너무 신기하고 보기좋아용ㅎㅎ,0
40320,시간순삭ㅋㅋㅋㅋㅋㅋㅋㅋㅋㅋㅋㅋㅋㅋ,0
40322,언니 결혼하고 뭔가 분위기가 달라진거같은 느낌 ,0
40323,맞아요 더 여성스러운 느낌,0
40324,하지마,0
40325,결혼하면 어떤지 궁금하다,0
40327,잼나네 ㅋㅋ 나도 결혼할래,0
40328,와ㅋㅋㅋㅋㅋㅋ로또 얘기에서 감동받을 준비했는데ㅋㅋㅋㅋㅋㅋㅋㅋㅋㅋㅋㅋ신박했다,0
40329,아내분 말빨에 빨려들네 ㅋㅌㅋㅌㅌ,0
40332,ㅋㅋㅋㅋ자꾸만 옆으로새 ㅋㅋ,0
40336,반말로 질문에 응답해주시니까 되게 친근감있고 좋아요 다음에 큐엔에이 하실때 반말로 또 해주셨으면 좋겠어요,0
40337,안전띠 착용완료 영상 올려주셔서 감사합니닷 ,0
40338,ㅋㅋㅋㅋㅋㅋㅋㅋㅋㅋㅋㅋㅋㅋㅋㅋㅋㅋㅋㅋㅋㅋㅋㅋㅋㅋㅋㅋㅋㅋㅋㅋㅋㅋㅋㅋㅋㅋㅋㅋㅋㅋㅋㅋㅋ 결혼 리뷰 같아요 ㅋㅋㅋㅋㅋㅋㅋㅋㅋ 새로운 모습을 보니까 좋으신가보다ㅎㅎㅎㅎㅎㅎㅎ 근맹이님이 로또같은 존재에서 뿜었네요 ㅋㅋㅋㅋ 하나도 안맞다니 ㅋㅋㅋㅋㅋㅋㅋㅋ,0
40339,헐 벌써 두달이라니 잘 새겨들으면서 보겠슴니당ㅎㅎㅎㅎ,0
40341,한주 못봤는데 얼마나 보고싶었는지 몰라요 소근부부없인 못살아,0
40342,알람뜨자마자 바로 왔습니당 결론근맹님 소영언니한테 잘해주세요ㅎㅎㅎㅎㅎ 이거보니까 결혼하고싶ㅎㅎㅎ,0
40345,소근부부로 이름은 언제 바꾸나요 ,0
40350,오프닝 오늘 영상도 잘 보겠습니다 회장님 인턴님 충성 충성,0
40353,아니 진짜로결혼하신고 진짜 안믿겨용 일요일마다 영상 기다리는데 오늘 영상도 너무 좋아용,0
40357,이 속사포 오프닝 조금 그리웠어요 일단 댓글 달고 봐야지,0
40359,오 나 처음으오 일찍왔다,0
40360,군대에서 10초전은 못참지,0
40374,미리 사랑합니다 ,0
40375,1등 개꿀,0
40376,알람뜨지마자 왔어요오 ,0
40379,결론 결혼은 신중하게 하는 거야,0
40380,그동안 즐거웠따 ㅋㅋ,0
