이 영상은 처음부분에선 솔로가 싫어했지만 갈수록 솔로의 얼굴이 맑아졌습니다,0,ㅈㄹ둘 하고~~~자빠~졌네,1
저렇게 살면 안헤어질 사람이 있을까,0,아무리 좋아 죽어도 1년만 붙어서 살아바라 ㅋㅋ  처음본여자가 이상형이다,1
결론 : 사랑은 돈이다 실제로 돈이없으면 이혼한다 반박시 니말이맞음,0,남자 진짜다행이다...안이쁜여자랑 결혼할뻔,1
주작?<br>수갑차고 어떻게 옷을 입고 벗어?,0,넌 저리해도 100만원도 못번다<br>34억을 벌었는데 뻘짓같은 소리하네 ㅋㅋ,1
커플이라면서 4개월동안 [검열]도 안하냐,0,뉴스 앞에선 헤어진척 하고 뒤로 다시 만날질 어떻게 알아?  이딴거에 관심 가지니 돈도 벌고 좋네,1
기부는 훌륭하네요~~ ^^,0,돈벌려고 참 별짓 다한다 관종들 그래도 돈은 벌었으니 성공했네,1
근데 어텋게 옷을갈아입었지?,0,상의 어찌갈아입었냐<br>해명해 ㅅㅂ,1
헉 할만 한데 <br>?ㅋ,0,진짜 기부하면 내손에 장을지진다 우크라이나에서 34억이면 몇대가 살수있는 돈인데,1
옷은어케 입고벗은거지,0,사랑은 무슨 유분수지 ㅂㅅ짓하네,1
옷이랑 점퍼 팔밑에 전부 지퍼달려있고 옷벗는 것도 영상에 나오는데 다들 안보시고 댓글다시나ㅋㅋㅋ,0,별 ㅂㅅ같은 실험을 했네;;<br>혈연관계여도 저딴 실험하면 원수지간 되겠다 빡대가리아,1
똥냄새때문에 헤어졌네,0,여자가 아무리 이뻐도 며칠만 지나면 질리는게 남자지&#39;&#39;ㅋㅋㅋㅋㅋ,1
혼인한 사이라도 적당한 거리감은 필요한법이죠. ㅋㅋ,0,우크라이나에서 저정도돈이면 엄청난액수인데 떼돈벌었네  사기꾼년놈들이,1
와 4개월도 ㅈㄴ대단하다,0,일안해?,1
같은 동성끼리 저렇게 붙어놓으면 이성인 부부나 연인보다 더 오래갈듯 ..,0,그래도 4개월동안 ㄹㅇ 붙어있는다고 개고생한거에 비해선 존나 벌었네ㅋㅋ,1
난하루도못갈거같은데,0,4개월이나 스캇충 ㅋㅋㅋㅋㅋㅋㅋ 어케버텼노,1
좋았다 34억,0,돈벌려는 어그로지,1
ㅋㅋ참뻘짓하니ㅋㅋ,0,세상은넓고 또라이들도 많다,1
수갑을 저렇게 찼는데 윗 옷은 어떻게 갈아입지 손에 사슬에서 거릴텐데 우째...풀리나?,0,일단 손에 수갑찬거 부터가 ㅂㅅ짓이였음...,1
커플 각자 6억씩 챙긴건가??,0,응엠빅페미ㅅㅋ ㅉ,1
불륜저지른 사람들을 저렇게 하는 형벌을 내렸으면 좋겠네요.<br>얼마나 좋으면 배신까지 하면서 그럴까하고 둘이<br>한시도 떨어지지 않게하기위함이다 라고<br>판결문 읽으면 앞뒤가 맞는거 같음.. ㅎ,0,겁나 멍청하네 이럴줄 몰랐던거야? 설마,1
쇠독오르겠다,0,"뭔 저런 개황당한 짓을.....돌대가리인줄 알았더니, 한 몫 챙기고 튀었네. ㅋ",1
옷 어케입음?,0,오늘의 결론:돈때문의 저 ㅈㄹ 하고 모인다음 해어짐,1
쇠사슬있는데 티셔츠 입는게 가능한가?,0,여자도 군대 보내라,1
묶여있는데 옷을 어떻게 갈아입음??,0,꼰대라니 누가 누굴가르쳐 ㅋ 개띠꺼워 퉤,1
4개월 수갑차고 30억벌기 개꿀이네 난 1년할테니 10억만줘유,0,저 아자씨는 인생파탄난거같은디?,1
옷 어떻게 갈아입음??,0,가만히있는 ㅂㅅ들은뭐냐,1
뭘 자꾸 손을 묶었다는 얘기만 하냐 밑도 끝도 없이 돈을 벌었대 ㅡㅡ <br>그래서 뭐 정황상 보아하니 헤어질 새끼들이 그냥은 헤어지기 아쉬우니까 굿이나 하고 떡이나 먹자고 권태기 극복 프로그램에 참여했고 극복해서 돈 벌었다? 아니 헤어졌다며. 그럼 실패지 뭘 돈을 주냐. <br>참네,0,물어뜯어서 죽여버리고 싶어지네...,1
"<a href=""https://www.youtube.com/watch?v=biQPzRv1W7g&amp;t=1m57s"">1:57</a>  이게 ㄹㅇ이지",0,저런 양아치는 어떻게 키우는거임?<br>가족 전체가 저러려나,1
옷입거나 할때는 뺏겠죠,0,나이 많다고 꼰대 취급하는거 보면 대깨문일 가능성이 상당히 높다!!,1
"&quot;사랑이란 속박이 아닌 존중과 배려다.&quot;<br>(Amor non catēnatio, sed dīgnatio et procuratio est.)<br>                  -Cerebrum meum Sanctum",0,공중도덕 예절도 모르나 완전 저 정도면 정신병이야 ㅉㅉ 길거리에서 담배 연기 내 뱉는것도 볼때마다 짜증나는데 저건 진짜 사람맞냐,1
좋은 글귀네요,0,저런거 한대 후려치면 안댐?,1
아니 그냥 궁금해서 그러는건데..<br>쇠사슬 안풀고 상의 입고벗는게 가능함????,0,진상 ㅈㄴ 게 폭행할수 있는 법좀 만들어줘 제발,1
동물들도 짝찍기를  하면 헤어지는데  인간들은 왜 결혼같은 제도로 사람들의 자유를 억압하는건가요?  인간도 동물일  뿐인데요.,0,이 사람은 사회적 으로 매장<br>당해야 한다.,1
3일만 저짓해도 오만정이 떨어지겄다.,0,법도 개같은데 얼공이라도 하던가 얼공 안 할 거면 법이라도 존나 높이던가 존나 답답하네 정부새ㅣㅣ끼들,1
쇠사슬차고 어떻게 옷을 갈아입냐? 화장실이랑 샤워는 그렇다쳐도,0,넌 나한태 걸렸음 아기리 찟겼다,1
그리움이 들어설 거리가 사라지면 지긋지긋함만 남아... 연인은 잃었으나 돈은 남아.,0,아예 담배를 없애버려야지 저딴새끼들이 없지ㅋㅋ술도 없애라 술먹고 병신짓하는것도 꼴뵈기싫다,1
궁금한거 윗통 어떻게 벗고 입어...?,0,그냥 나이드신 분이 어떤말을 하던 꼰대라 씨부리는 요즘 씹새키들,1
"똥 앞에는 장사가 없다. 상대가 천하의 절세미인, 미남이라 하더라도 상대에게 모든 것을 다 보여주면 신비감이 사라져서 금방 실증이 난다.",0,이런거 다 판사놈들이 문제임.<br>자기 가족들이 당해봐야 쎄게 때리고 그 외에는 탁상에 앉아서 현실을 모르는 판새놈들 뿐임.,1
나같음 1일차 부터 싸웠을듯,0,"저런 인간들 때문에  대한민국  <br>이미지 안좋아지고 국가적망신 세계적 망신,<br>진짜로 좃나게 (XXX )해야 정신차리지",1
이러한 주작도 나올때 됐는데 ... 라고 생각했는데,0,저런 유미 죽은 애들 좀 안락사 시키면 안되나??,1
누가 나랑 4개월만  버티자.<br>34억 이란다.  ㅋㅋ,0,전부 개저씨네 ㅋㅋ,1
매일 화장하는거 기다려주는게.힘들긴 하겠다..,0,대가리는 꽁초 싸물려고 달려있고 주둥이는 걸레 싸물려고 달려있으며 손발은 깽판칠려고 달려있는 줄 아나 ㅋㅋㅋㅋ<br>겉은 머리부터 발끝까지 성한데 속은 머리부터 발끝까지 어느 하나가 성한 데가 없는 것도 참 감탄스럽다 ㄷㄷㄷㄷ<br>나이 처먹고 잘들 꼬질꼬질하게 후지게들 논다 등신들 ㅉㅉㅉㅉ,1
옷은 어떻게 입지,0,저거는 걍 좆찐따지ㅋㅋㅋㅋ아니 딱 봐도 찐따스멜 존나 풀풀 나는데ㅋㅋㅋ,1
우결같은 마케팅인가,0,모자이크너머로 찐따의 향이 풍긴다,1
저건 사는데도 지장이 있을정도아니냐 ㅋㅋㅋㅋㅋ,0,부모님이 그리가르쳤냐 학교다니던 선생님들이 그리가르쳤냐 못배웠으면 못배운티는 안내야지 도시에서 살기힘드냐? 그럼 감방에서 살아라,1
비제이들 저거 보고 따라하는거 아닌가..,0,몸에 아무 해를 끼치지 않고 기절 시키는 방법을 알고 다녀야 겠어요😊,1
팔이 저렇게 묶여있는데 도대체 옷은 어캐입은거지 신기하네,0,시발 저것들 진짜 찢어죽일놈들이네,1
예전에는 부부가 각방을 쓴다고하면 되게 이상했는데 지금은 꽤 괜찮을거라고 생각됨...,0,중국인들도 저러진 않는데.,1
비치 나는 솔로,0,내 친구 소개시켜줘야됀다 ㄹㅇㅋㅋ 헬리콥터 제조 어떻게 되는건지 직접 체험시켜줘야함,1
123일에 34억????????? 누가안하노 ;;;;;;,0,진짜 가서 하대 때려주고 싶다 .. ㄹㅇㅋㅋ 고아새끼들ㅋ,1
히죽,0,저런경우 맞서서 한대 때리면 저도 잡혀가죠?ㅜㅜㅜ 맘 같으면 우산으로 ㅈㄴ찔렀다,1
나도 쇠사슬 차고 생활하고 싶은데....,0,저 인간들 조선족이나 중국인아님?,1
저랑 수갑차실분ㅎㅎ반땅합시다,0,떠블 뻐큐 ㅗㅗ,1
완젼거짓이죠<br>옷벗고입을때 쇠사슬무조건풀어야함,0,담배피는 아저씨 용기있는거임? 아님 똥멍청인거임? 아님 도덕 못배워서 그런가?,1
영상보면 점퍼랑 상의 팔부분에 전부 지퍼달아놨어욬ㄲㅋㅋ,0,쳐 맞아야되는데 ㅎ,1
쇠사슬에 묶여있으면 옷은 어떻게 입고벗지? ;;;,0,해당남성:존나 꼰대같아 나이처먹고<br>유튜브 보는 착한급식들:존나 꼰대네 나이처먹고 예의를 밥말어처드셨나,1
저렇게 하면 대부분 헤어지겠지만 저 돈 받으면 대부분 해보겠지..?,0,여전히 쓰레기들이 많군.....ㅈㄴ 쳐 맞아야 하는데.....,1
철이 없어서 그런가??답답하다,0,찢어 죽이고 싶다 사지 절단내서ㅋㅋ 빌런들 많네,1
똑같은말 또써놓고 질질끌다 마지막에 이유 허무하게 알려줌,0,담배피는ㅅㄲ 죽여도합법,1
34억 벌 수 있으면 저거 하려는 사람 몰려듬 ㄹㅇ,0,미친 색기들 정말 패쥑이고 싶네 ㅋㅋㅋ,1
기부한것도아니고 기부할 계획이네???,0,정신 질환자?,1
옷은어케 입음?,0,부보가 저런 정신병자를 키워나<br>개보다 못한 머시기네<br>신상공개해서 어디에도 살수 없게해야지,1
그래서 옷은 어케 갈아입은겨,0,태형으로 10대만 맞으면 다신 저런짓 안할텐데,1
사기꾼들이  넘쳐나는 구나.,0,툭하면  꼰대  ㅇㅈㄹ,1
제일 큰 걱정이... 운동 어떻게 하냐<br>근손실 너무 걱정돼 하..,0,저런 애들은 패도 무죄 줘라 솔직히,1
34억벌었다는게 킬링포인트...<br> 세상에 아름다운 이별은 없다지만 이것이 아름다운 이별에 제일 가깝지않을까,0,담배 20개피 한번에 아가리로 들이마시게 해서 일산화중독으로 뒤지게 하면안됨? 나도 흡연자이지만 저런건 죽어도 된다봄,1
부부가 같은 업에 종사 하면서 하루종일 같이 있는것도 보기가 쫌.....,0,죽여야함 음주운전 걸릴시 사형 때려봐라 다시는 안나오지,1
그게 금슬 좋은 부부는 잘 지내더라구여. 내면 깊은 곳까진 알 수 없지만.,0,담배 피는 사람 앞에서 존나 상큼하게 니코니코틴! 이러면 어떨까,1
저런걸 왜하나,0,님은 평생 그런마인드로 오래사세요ㅋㅋ,1
성능확실하네,0,벌금 35만원? 미국이었으면 경찰총에 뒈졌다.,1
옷은 계속 갈아입은거같은데 손목이 묶인채 어찌 옷을 탈의했는지?..이해가 안간다..ㅋㅋㅋㅋㅋㅋ,0,너희들은 한국에서 태어난거를 감사하게 생각해라,1
영상보면 점퍼랑 상의 팔 밑에 전부 지퍼달려있어요,0,연기  조회수  올릴라고  하는것  아녀,1
차 탈 때도 한 쪽으로만 타는 건가 ㅋ <br>팔 한쪽 부자연스러워 잘못하면 사고나겠다 사고 나겠어 ㅋㅋ,0,저런 병신들이 오늘도 한국의 앞날을 밝게만듭니다<br>(밝아서 안보이네 ㅅㅂ),1
난 김태희랑 쇠사슬 묶여있으면 결별 안 할 자신있음 단지 김태희가 하루를 버틸지 의문일 뿐이지..,0,저런색히는 디져야지,1
진 짜 대단하다,0,전철내부에서 불피우는데 벌금35만원???<br>나라 꼬라지 잘 쳐돌아가는구만,1
옷은 어떻게갈아입지??,0,비상용 망치의 존재 이유,1
달에 1억이상 개이득 ㅎ,0,저거 약한놈 아녀? 아예 패서 옥수수를 뽑아야 하는데..,1
넉달에 34억이면 불편해도 할만하겠네,0,진짜 나라가 망해가는건가 별 병신들이 판을치네,1
똥까지 같이는 좀 그렇네..,0,완전 또라이네 정신병자,1
옷은 어떻게 입었데?,0,왜 얼굴을 가리지? 저런 놈들은 평생 얼굴 보여져서 얼굴 못들고 다니게 해야지,1
욕하려다가도 34억에서 입꾹닥할수밖에없엇따,0,우리나라는 50 60대에 장애인 찐따 새끼들은 다 몰려있는 듯ㅋㅋㅋㅋㅋㅋㅋ,1
옷 입을 때 묶인 팔 어케집어넣지?,0,그 가해자분들 이거 꼭 보셨으면 합니다.<br>나한테 걸리면 한대맞아주고 눈깔 파버린다 ㅎㅎ,1
우크라이나 안에서 34억이면 어마어마한 돈이지..,0,담배 저새끼들은 분명 신천지 아니면 빨갱이다<br>그냥 잡아서 고문 존나게 해야 이실직고 할듯,1
내 이상형하고 24시간묶어놔도 며칠이랑 헤어지고싶겠구만ㅋㅋㄲ,0,진짜 저런 사람들 있으면 한대 때리고 싶다.....,1
빈수레가 요란한법. 진정 서로 사랑한다면 저런 짓 안함,0,담배핀새끼 중국인일듯,1
근데 애초에 쇠사슬 차고 옷입는게 가능은해?ㅋㅋㅋ,0,얼굴 공개해라  저런새키들은  길 가다 만나도 싸대기 하나씩  갈기고 지나게,1
이런거보면 참 지능이란게 ..,0,저런 ㅂㅅ들은 왜 사냐 대체,1
옷을 어케 입누?,0,신상털어,1
ㅋㅋㅋㅋ 사슬을 좀 길게하던가 ㅋㅋㅋㅋㅋㅋㅋㅋㅋㅋ,0,담배 피는 놈. 우파놈,1
가끔은 정당히 떨어뜨려야 보고싶은 법,0,결국 지밖ㅇㅔ모르는 사람은 무인도감옥소로보내가지고 지혼자먹고살게끔보내야됨,1
주작같냐 왜 .. 옷에 팔 집어넣으려면 다른한명이 팔구멍으로 들어가야 옷을 입을수있는거 아님?,0,딱 본게 가진 거 ㅈㄴ없고 먹고살기 힘드니까 빵갈려고 ㅈㄹ들을 하는 새끼들이고만 존나 문제네 옛날시대로 진심 육체적 고통을 제대로 주면 저런 짓 안한다,1
옷은 어케 갈아입음?,0,솔찍히 얼굴까고 사회적 매장 해야함....,1
마니도 벌엇다,0,나한테 제발 걸려라<br>입을 귀에 걸어주레~,1
옷은 어케 입고 어케 벗음?,0,어른이든 뭐든 저런 사람보면 개패고 싶다 씨발,1
34억이면 나도 하겠다..,0,개인적으로 잼민vs꼰대 매치 보고싶다,1
천서진 주단태급?,0,어우 쓰레기들..,1
역시 돈,0,인실좃 제대로 당해봐야 아~ 이유없이ㅠ객기부리다 이렇게 쳐맞고 가는구나~ 하지,1
300번째댓글,0,미국경찰 처럼 바로 발차기로 진압하면서 곤봉으로 머리 두세대 맞아야됨. 그럼 없던 정신도 돌아온다. ㅋㅋㅋ 법??? ㅈ이나까라그래 매가약이다,1
윗도리 어케 입누..,0,병신 ㅋㅋㅋㅋㅋㅋㅋㅋㅋㅋㅋ,1
솔직히 4개월이란 시간을 버틴것도 대단하지만 그 시간동안 스트레스 안받을 사람이 누구있을까??<br>결별과 실패임에도 불구하고 수입 34억중에 22억을 기부라니..,0,조선족 500%,1
기부할 계약이면...,0,나한테 걸리면 담배불 붙일때 소화기 쏠 줄 알아라!!!,1
끼리끼리 어리석으니... 고생이지 충전의 사간이 잠깐이라도 없으면 당연히 방전난다,0,"쭈글쭈글 섞은 사과처럼 ..<br>대한 민국이 썪어 가는게 느껴지는 뉴스<br>이렇게 처벌이 개판인데 누가 불의를 보고 잘못을<br>된거란 말하는 사회가 되겠냐  저런 놈에게 맞으면<br>자기만 손해보는데<br>문재인 국회의원 판사 사건이 국민 이슈가되면 <br>처벌하는척하는 것 식상하지 않냐?<br>이슈가 않되면 솜방망이 처벌 벌금및 집행유예.<br>국민들보기 부끄럽지 않냐. <br>법을 제대로 처벌해라 강하할것은 강하하고,<br>유지할것은 유지하고, 쓰잘때기없는 법은 없애라.<br>이런 국민학교 초등학교들이 학급회의하던것 보다 못하는 것들이 무슨 나라를 대표한다고 쇼하고 싸움질하냐 .<br>할자신 없으면 그냥 때려쳐라.연금이 그렇게 타고 싶고 국민세금 빨아먹는 흡혈귀 같은 박쥐들",1
옷벗으면 쇠사슬에 걸려있지 않나요,0,아 존나갈기고싶네 저새끼들 진짜 갈기면 또 경찰서가고 존나 잘못됨,1
다같이 피해를 당하면서도 모른척 하는 비겁한 인간들...<br>저럴때 저인간에게 단체로 나서서 한마디씩 나무라고<br>  항의하면서 다같이 달려들면 저쓰레기 같은 인간 꼼짝 못할텐데<br>승객들이 다들 나몰라라 방관들 하고있으니... 민족성이 더러운지  이기주의팽배..<br>한국의 저열하고 비겁한 국민성..,0,나이 상관없이 저런 ㄴ들 존나 맞아야됨<br>전철에서 담배는 뭐냐,1
벌금으로 끝나?<br>1~2년?,0,ㅈㄹ지가 잘못한거면서  그리고 지가 꼰대임,1
아무리 내가 잘지켜도 그렇지 못한사람은 아무런 제지도 못한다 법은 가해자를 잘 보호한다,0,생양아치 <br>꼰대도 너보다 낫지 ㅋ,1
앞에선 찍소리도 못하는 키보드 워리어들..<br>적어도 누가 나서면 도와주는 척이라도 해라,0,어린 넘이 제 정신이 아니네~~<br>가정교육 덜 받았네 ㅉㅉ<br>인생 불쌍하네!!,1
법이 바뀌지 않는한 저런 인간들 많이 생겨남. 얼굴 공개하고 징역 5년 선고해봐라  다시는 저런짓 안하지. 왜 법을 바꾸지 않지???이해못함.,0,"개념들이 없는거 같네.<br>이기적인 새끼들, 지밖에 모르는 새끼들",1
지하철 노마스크 난동에 말리던 사람이랑 싸우고~ 징역 1년 8개월  너어무~ 아름답고~,0,"1년8개월이면 존나 쎄게 박아너었네... ㅋㅋㅋㅋ 저 늙다리 존나 후회하는중이겠네,,,",1
/*톰하디 미만 담배 금지*/,0,틀딱들이 문제야,1
말이 없어진다 이런영상보면,0,와 신기하다 중국임?,1
3번째는..와..나갔으면 뺨 때린다..,0,노인혐오가 생기는게 당연하네,1
국회에서 저렇게 증거영상도 있고 범행사실이 확실한 중범죄자들은 신상공개 바로 때리도록 법 개정 좀 해주세요. 그래야 국민들이 미친놈인줄 알아보고 피해 다닐 거 아닙니까.. 처벌수위가 높은 것도 아니고 저렇게나 낮은데 국민이 최소한 사전에 방어할 수 있도록 법을 만들어 주셔야 맞는 거죠.,0,아무개씨 아직도 그러고 살아? ㅋㅋ  매일술먹고 지각하더니ㅋㅋ짤려서 저러고 있네ㅋ,1
이제 점점 천천히 중국화가 되겠지 그나마 시민의식이 안죽고 살아있는데 이젠 언젠가 그거마저 죽겠지 시민의식이,0,병신같은 법 ㅋㅋㅋㅋㅋㅋㅋㅋㅋㅋㅋㅋㅋㅋㅋ,1
저남자는 꼰대라는 단어가 무슨뜻인지는 알고저렇게 얘기하는건지 의문스럽다,0,관종인가 중국인줄  니가꼰대. 담배뭐냐..,1
저런작자들만 제거하는 촉법소년 집행단만들어야할듯,0,이 사람들 모두 일베 또는 극우라 확신한다!!,1
저것들이 어른이라는게 맞나 어후 저렇게 커서는 안될듯,0,일본 우익놈이네,1
이 먼 지하철한칸마다 역무원이나 역무원호출 버튼이 있어야할듯; 미친거아냐?,0,"ㅆ발 ㅋㅋㅋ 진짜 범죄자한테 존나게 친절하신 병신같은 나라, 남의 인권을 무시 했는데 인권 지켜줄 필요가 있냐??? 지 가족에 해 끼쳐도 얼굴 가려주겠네",1
모범택시가 흥행하는이유,0,저런거 볼때마다 마동석같은분이 갑툭튀해서 참교육하는거 존나게 마려움,1
와심지어 희기한 4호선 서울교통공사열차에다그럼 S차직류형에다한거 ㄹㅇ실화,0,병신.. 왜 살까 저런건..,1
세상말세다아유귀신은뭐하냐,0,나이 안 처먹은 젊은 놈 참 대단하죠? <br>뇌 대신 우동사리 머리에 넣고 사는 머리 단단한 애들.,1
저런 쓰레기 중벌~~과연 그럴까<br>우리나라 법이  약해서리~<br>벌금수중~~안중에도 없다<br>벌금만 받아 먹는 우리나라 현실정~,0,저런 파탄난 개망다니는 어디 산불 난 곳에 헬기태워 물뿌리듯이 뿌려야됨 ㄹㅇ,1
근데 원래 재판은 자신의 감정이들어가지 않고 법으로만 판결하는게 재판이라서 어쩔수없어요,0,남들 근손실 나는건 생각안하고 지하철에서 담배 뻑뻑 피고있네 공공장소에서 담배피는것들은 꼭 일찍 죽어라,1
난동이잔아 담배는 너무너무하다ㄷㄷㄷ,0,지 잘못도 모르고 뭐만 하면 꼰대 꼰대 이지랄 하는 인간 개극혐,1
저 사람 필로폰 하는 것 같다던데<br>필로폰 하면 부작용으로 몸에 벌레기듯 간지럽다는데 그거 계속 긁으면 메스버그 생긴다고.......<br>말도 이상하게 하는 거 보면 거의 맞는듯..??,0,???: 야 씨발 내려,1
대구 지하철 참사를 겪고도 고작 벌금형,0,대가리가 박살났으면 조용히 무덤으로 기어들어가자;<br>저런건 대가리 박살내도 봉사활동으로 인정해줘야해,1
참교육 못하나... 저런 사람들 보면...,0,못 배워쳐먹으니까 이런상황이 온겁니다,1
이걸 왜 모자이크처리를 하냐고!!!!!!!,0,저런 놈들 다 사형시켰으면,1
분명한꼰대의정의는지마음에안드는데지보다나이가많으면꼰대이다,0,울나라 판사는 영안되,1
꼰대가  다  나쁜건  아님  나쁜  거 지적하는  꼰대도  있어야  함,0,나한테걸리면   끌고나가서  쥐어패고   도망간다  저런시키들,1
제발 아프면병원좀가라,0,저 사람은 중국인입니까? 대한민국 문화에 적응하지 못하였습니까? 그럼 추방합니다. 그렇게 배웠습니다.,1
공부 동기부여 영상 잘 봤습니다 ^^,0,난 못참을것같다 손,1
저렇게 대놓고 다녀도 벌금 조금 내면 되니까 저런놈들이 세상천지에 다 있지,0,내가 저 자리에 있었음 조았는데 일단맞는다 글구 열라패버린다 개잡듯이,1
지하철엔 왤케 정신병자들이 많냐.. 주변 사람들 다 불편하고 뭐라하고 싶어도 괜히 안좋은 일 엮이기싫어서 무시하고있는데 저렇게 나서서 뭐라하실 수 있다니 멋있으시네,0,완전 개잡범들.,1
사람 없는곳에서 저런것들 보면 순간적으로 화 못참으면 그냥 죽여버릴수도 있을듯...,0,저마친 또라이,1
진짜 코로나 전시국 사람들한테도<br>욕먹을 짓만 골라서 하네,0,사회부적응자,1
오늘 초등학교앞 편의점에서 술처마시고 드러누워서 경찰이 끌고가던데,0,아 내앞에서 저일들이 있었다면 니들 뒤졌다 멍멍이들아. 살아숨쉬는거에 감사하며 좆잡고반성하며 살아라 벌레처럼,1
모자이크를 왜 해주는거야 저렇게 인권 드립 치면서 가해자들 챙겨주니 우리나라는 죄짖고 살기 좋은 나라라는 소리 듣지,0,전부다 한대씩 피고 35만원 내자~<br>아이고~개한민국,1
죄지어도 돈많고 빽있으면 살기 좋다고 하는 사람들이 많죠.. 실제로도 그렇기도 하구,0,지하철 상태가 중국같네,1
ㅋㅋㅋㅋㅋ 우리가 약해서 못때리는줄 알나 ㅋㅋㅋㅋ 어머련들 가만히있으니까 지가쎈줄알고 대들노 ㅋㅋ,0,아씨ㅋㅋ 중국인인가??,1
사람들 딱딱하게 왜이러노 지하철에서 담배 좀 필수있지 뭘 그거가지고....<br>그나저나 쓰레빠로 뺨따구리 갈기는거 왤케 찰지노 ㅋㅋㅋ,0,가정 교육 못받은 놈,1
지하철은 공공장소다 공공장소 에티켓 모르나? 공공장소에서 담배 피는게 정상인가 혹시 담배핀 본인이신가?,0,라이터로 눈깔 지져주면 만족할까,1
35만원 주고 남들은 못해볼 추억하나 생겼네?,0,에라이 국짐당 같은놈아,1
역시 좋은 사람이 많을 수록 개념없는 사람들도 많은가 보다,0,딱봐도 개찐따같은데;,1
공공장소 금연구역이죠? 상식이죠? 이걸 모르고 꼰대라고 한게 이상한거지 ㄹㅇㅋㅋ,0,이때 만큼은 중국마렵다,1
지하철에서 담배핀 쓰레기인간 어떻게 처발받나 궁금했었는데 결말은  솜방망이 처벌이네요..,0,찐의 진화<br>찐따-&gt;공익-&gt;꼰대,1
요즘 이런사건이 많은게 일부러 도발하고 한대 얻어 맞아서 합의금 타고 한탕하려고 그러는 겁니다. 돈도 없고 얼굴도 모자이크 되니까 손해보는것도 아니구요 낚이지 마세요.,0,정부탓,1
영상을 보니..모른척 하지들 말고 같이 제압을 해요. 중국흉볼것 없어요. 뒷사람들도  해당할까봐 보고도 못본척 하네요.,0,걍 병신들같음,1
"저기서 옆에 있으면서도 아무런 조취를 취하지 못한 사람들도 저런 사람에게 어떤 피해를 입을지 몰라 두려워서 그런 것이라 충분히 이해할 수 있는데, 나서서 담배불을 끄게 한 남성분은 정말 용감한 분이시네요. 저 상황에서 옳고 그른 것이 무엇인지는 모두가 알지만 위헙을 무릅쓰고 행동으로 옮길 수 있는 사람이 영웅이 되는 법이죠. 본받고 싶습니다..",0,K남성,1
휴... 순간 흰 양복 내 남편 김씨인줄 알았네. <br>볼따구에 달걀 2개가 있는거 보니 내 남편 김씨는 다행히 아닌거 같다. 놀랬다. 아프지말고 건강하게 잘살고 있어야 할텐데... 걱정되네 잘 살고 있는건가... 내 남편 김씨도 나처럼 힘든 일을 많이 겪었을텐데 휴... 뺏어간 내 남편 김씨 나한테 돌려줘라! 걱정돼. 뺏어간 내 남편 김씨 내놔!,0,아 ㄹㅇ 저런애들 힐훅 으로 휠체어 태우고싶네,1
가게 마감전에 잠깐 한숨 자고 저녁먹고 가게청소 하고나서 이제 퇴근전 가족들 가게 정리 마무리 하기 전에 잠시 쉬려는데 왜 또 내 폰에 가게 와이파이가 멋대로 켜져있지? 분명 아까 껐는데 끄고 항상 몇번씩 확인하는데 거참...,0,진짜 턱 한대만 쎄리고싶다,1
오늘 우리가게 1~2시간 사이에 한국말이 유창한걸 보면 한국인으로 추정되는 마스크 위로 생김새가 알리바바 창시자 마윈?이었나? 아무튼 그 사람하고 닮은 사람이 꽈배기를 사갔다. 동양인들은 얼굴이 서로 비슷한 사람들이 많나보다.,0,일베 현주소,1
어느 나라에 아마도 영화 배경이 미국이었을거임. 영화시작전 실화를 바탕으로 만든 영화라고 자막이 떴었던거 같은 기억인데 워낙 어릴때 본거라 그것도 잘 모르겠음. 영화 배경이 된 지역에 화산이 폭발해서 나라 전체가 난리가 남. 그런데 피해가 커지는걸 막기위해 소방관을 비롯해 각종 전문가들과 나라에서 방책을 내놓고 어느 영화가 그렇듯 절대 절명의 위기에 가까스로 성공해서 화산경로를 바꾸고 큰 인명피해릉 막은 영화였음. 그 영화에서 화산 경로를 바꾸면서 댐공사? 건설공사?때 사용하는 두껍고 거대한 콘크리트 돌덩이 벽을 사용한 영화이기도 했었음. 그 당시 어린나이에 그 영화 보면서 용암열에 의해 저 돌도 녹지 않을까? 왜 저걸 방향 바꾸는 보호막으로 사용하지? 하고 생각했었는데,0,개념상실한 새끼네,1
오늘 밤엔 왜 이렇게 잠이 안오지 몇시간째 자려고 침대에 누워서는 눈만 말똥말똥 거리고 있음. 눈을 감아도 잠이 안오고...<br><br>잠이 안오는 김에 갑자기 생각난 어릴때 본 인생영화 이야기나 하나 해주겠음.(누구나 감명깊게 본 인생영화들이 있을테니)<br>어릴때 tv에서 방영해주던 외국영화 였는데 영화제목은 기억이 안남.,0,단소 살인마의 후예들..,1
처벌이 더강화되길..,0,평신가튼 법ㅋㅋ 책만보는 쇄끼들이 법을 만드니 이지룰이지,1
신고 바로하세요 싸우지말고,0,일단 인권쟁이들을 잡아족쳐야 저런 놈들을 세게 처벌하지,1
그놈의 피해자 인권 때문에 처벌이 다른나라에 비해 현저히 떨어지는 우리나라 법률 개정해야되는데 진짜,0,저런놈들이나 판사들이나 머가달라?,1
우리나라는 특이한사람이 많네ㅋㅋ,0,피우융쉬인..,1
근데  전부다 말리는 사람들이 다 4~50대 사이인거 같네 20대들아  힘 좀 써라,0,카메라 끄라하고 죽통 후리고싶다..,1
모두는 아니지만 일부 20대들 방관자에 무관심임,0,담배 입에문거 쌔게 처가지고 담배 실수로 삼키게 하고싶다,1
담배도 첨 피는놈 같은데....,0,역시 한국은 미친놈들 많구나,1
세상에 전철에서 담배라니... 21년도에 올라온 영상이 맞는지 재차 확인했다..,0,죽여야지 저런 건,1
나 이거 유튭 쇼트에서 본거같은데,0,보니깐 애.미도 쓰레기 일듯,1
법이 너무 약한거같은데<br>그러니까 법 우습게알고 저짓거리하지<br>저런사람들 대응법은<br>주변에 모든 사람들이 다 같이<br>핸드폰을 꺼내들고 동영상을 찍어야함<br>지가 한 행동이 쪽팔린지 스스로알아야,0,"존나 진상 같아, 나이 처 먹고…",1
하는거는 뭐라고 않하는대 공중 도덕좀 지킵시다,0,또라이 아님 양아치!,1
아니 애초에 코로나 시국에 마스크 벗고 공공장소인 지하철에서 담배 태우는게 정상적인 행동인가?? 어쩜 사람이 저렇게 뻔뻔할 수가 있지;; 몰상식하고 이기적인 사람의 표본이다 정말 ㅋㅋ,0,나이가 아니라 나잇살만 처먹었구나,1
똥은 더러워서 피하는 거지... 저런 진상이 있을 경우 다른 사람들이 다 다른 칸으로 옮겨거나 그 다음 역에서 내릴 경우 진상의 반응이 어떨지 엄청 궁금하긴 하다.,0,인생 헛 살았다.,1
세상은 넓고 또라이천지다.,0,무개념,1
제발 이제 법강화좀 하자...,0,이게 다 페미때문임,1
애꿎은 전동차 만드는거 굉장히 힘듭니다 <br>자중해주세요,0,다구리를 당해봐야 정신을 차리지,1
저런것들 얼굴 공개해라,0,일베충과 틀딱은 어딜가도 티남,1
한국인 참 망신시키는데 1위인듯..어디가서 한국사란이라 하지마라..,0,이인간개보다못하네,1
내가 이러니깐.. 호신술.. 호신용품을 들고 다니지..,0,Little China,1
모든 처벌에 최소 0하나씩은 더 붙여야 함,0,다행히도 중국인이네요<br>한국인이 아니라서 다행입니다,1
인권때문에 그럴겁니다 그놈의 인권 진짜 지겹네요,0,아씨발내가저기있어으마저쇄키사시미담갖을킨데아카비,1
"<a href=""https://www.youtube.com/watch?v=OaIU-qzuX4Q&amp;t=3m14s"">3:14</a> 잠옷입고 왔나 ㅋㅋㅋㅋ",0,왜사니 인간아,1
그렇게 당당하면 얼굴공개해~,0,저 개토래이내 살가치가업는넘이내,1
마스크만 내려도 욕먹는 시대인데 마스크 내리고 담배를 피다니,0,저런것들은 오지게 쳐 맞아야 정신줄좀 잡지!!,1
솔직히 저런사람들 개패듯이 패도 처벌안하고 오히려 용감한시민상 줬으면 좋겠다.<br>그럼 저런사람들 안나오겠지??,0,그니까그냥가능한죽여버리지뭐하러그러고있노바보처럼,1
지하철에서 과자처먹는 아저씨봄 코로나인데 그러는거 보면 나이많든 적든 개념없눈사람 많음,0,저런ㄱㅅㄲ는몽둥이가약ᆢ,1
옆에 분들 뭐하시나요?<br>담엔 함께 싸워주세요<br>대체 법은 누구를 위한법이냐?<br>이러니 저런것들이 생기지,0,아 저런 쪼다새기,1
또라이들은 자기가 또라인줄 모른다,0,사형이답이다,1
무헤븐의 이제훈을 만나게 해줘야겠네,0,저새키 조선족인가?,1
중국을 욕할일이 아니다..우리먼저 바뀌자,0,젊은 새기가 싸가지 디게없네,1
"<a href=""https://www.youtube.com/watch?v=OaIU-qzuX4Q&amp;t=1m15s"">1:15</a> 이런 쒯! 닌 학교에서 교육도 안배웠니? 간접흡연이 더 안좋아 ! 이 개..!",0,뭐 저런 개자슥이 있지???,1
얼굴 공개왜안해주나여??공개해야 피해 안보구사는데..ㅡㅡㅡ,0,잡아<br>듁여야...<br>🤮🤮🤮,1
저러다가 때리거나 상해를 입히면 쌍방이랍시고 오히려 말리는 사람이 더 억울하네... 강아지중에 백구 흑구 라고 있는데 거기에 호랑이를 닮았다 해서 호구라고 불립니다 우리나라는 공식적인 동물이 호랑이는 아니지만 사람들은 호랑이라 생각하죠...  우리나라는 참 법이 호구야...,0,세상은 넓고 Be Young Shin은 많다,1
이거 며칠전에 다른유튜버한테 봤던영상이네 ㅋㅋㅋ,0,진짜 왜 사는지 모르겠네,1
와...,0,대한민국 법 나가 디지십쇼,1
35만원...... 야 진짜 나라 다 망쳐놨네.... 아니지 무개념 사람도아닌 놈들 때문에 아저씨들 나이를 먹었으면 나이값을해야지 창피하게 뭐하는짓이래 나같음 너희한테 바로 욕 날렸어! 이것들아 야 너희 학교 다시다녀야겠다? 초등학교 1학년인 우리 막내보다 더 못하네! 진짜 어른들이 애보다 못하면 어떻게? 애들한테 어른대접받고 살면 어른답게 행덩해야할거 아냐! <br>첫번째 놈 야 담배는 자기자신한테도 피해가가지만 주변에 있는사람들도 너 때문에 폐가 썩어 담배연기때문에 가장피해가 많이가는건 너겠지 이거 유딩들도 다 아는건데 나이를 많이처먹은 너가 그러면 안되지<br>두번째놈 지하철에서 술을마시는건 또 뭔 시추레이션? 야 니네 집가서 마셔 왜 다른사람한테 피햐주고 날리냐? 나이먹었음 정신차려야지 따박따박 욕만짓거리고 누가 무서운줄 알아?! 쎈척하지마 역겨워<br>세번째놈 요즘시국에 마스크 안쓰면 벌금이고 어린애들도 실수로 마스고 안쓰고 나가면 난리치는데 너는 왜그러냐? 마스크 써달라도 부탁을한거잖아 부.탁 그걸갔다가 사람을 패는 너도참..ㅉㅉ 어린애가 너보다 잘해 진짜 창피한줄알아 너 술마신것도 아니고 말짱한정신으로 그러면 어카냐? 코로나가 우스워? 걸려야정신차리지? 너같은것들은 감옥에서 썩어야해 요즘 시국이 어떤 시국인데 정신 차려<br><br>제발 앞으로 자라나서 사회에 나올 어린이들에게 사과해라 애들이 뭘배우겠니? 나더 중딩이지만 너네땸에 참 살기힘들거 같다. 법이 왜 이따구냐? 일을 왜 이따구로하냐 정치인들아! 미국처럼 100년 이런식으로 해서 법 어기지 못하게 하란말이야! 쫌! 아 진짜,0,XX인가?,1
영상으로만봐도 너무무섭고 떨리는데 현장에 계셨던 분들은 오죽하시겠어요ㅜㅜ<br>좀더 강력한 법이 있으면 좋겠어요,0,전부다 차에 치여 죽거나 불에 타죽거나 물에 수장되서 죽었으면,1
헐 ㅠㅠ,0,저런것들 묶어놓고 평생 하루종일 담배피우게<br> 해주고싶네 폭행한놈도 LA밤 골목길에 데려다 고싶네 그렇게 싸움하고싶어하니 에휴...,1
대중교통 영구 이용 못하게 하고 사회격리 시켜야지. 저런 놈들이 싸이코패스로 살인 저지르고 다님,0,저런 기본도 모르는 무뇌들 때문에 전세계적으로 대한민국이 망신살 뻗는줄도 모르나? <br>하긴 생각없는 무뇌니 모를만도 하지 ㅉㅉ<br>저런것들 싸그리 잡아 정신교육을 다시 시키게 삼청교육대라도 재건해보는게 어떨런지...<br>그 안에 들어가서 뒤지게 쳐맞고 또 쳐맞아서 반병신 되서 나와도 정신 못차릴것들 으휴 ㅡㅡ,1
제 정신이면 안그럴거같은데<br>혹시 음주나 또 다른 약 같은거 쓴게 아닌지?  합리적의심이 듭니다,0,저런 원시인 새끼들은 왜 인간사회에 사는거야?,1
필수도있지ㅋ,0,개꼰대 새기가 꼰대라고 하네..,1
"연기 마신다고 피해 많이 보냐고? 당연하죠, 간접흡연이 얼마나 몸에 안 좋은 건데... 심지어 담배피는 사람은 그나마 담배 안에 필터라도 있지, 주변 사람들은 담배연기 안의 유해물질 그대로 들이마시는 거라 담배 핀 당사자보다 피해 많이 보는건데...ㄹㅇ 무식하네, 마스크 안 쓰고 술 담배 하고 아주 잘하는 짓이다 그냥...",0,버러지 같이 산다 진짜 ㅋㅋㅋㅋㅋ,1
담배피는 것도 문제인데.. 이런 시국에 사람 모인 곳에서 마스크 벗는것도 문제임.. 담배 피려면 마스크를 벗어야하니까,0,저런 새끼 처벌은 죽빵이면 된다.<br>아니면 빠따로 좀 맞던지.,1
1년 8개월 너무속시원하다<br>격리시켜야돼 저런넘은,0,저런새끼보이면 달려가서 드롭킥 날리고 바로짼다,1
저런건 처벌이 아니고 얼굴까서 개망신을 줘야한다,0,여자들 멀뚱멀뚱.. 말린 남자분 명예시민줘라,1
어우 열받아,0,중국이야기인줄 순간착각했는데 한국이군,1
얼굴 블러처리 된분이 피해자구나?,0,대갈빡을 확~,1
K-SUBWAY,0,제발 피해주지말고 죽으세요,1
1번째 영상 쟤 LSD계열 마약사범일 가능성도 있다던데 ㅋㅋㅋ<br>목에 상처있고 몸에 힘없고 말도 이상하게 하는게 LSD계열 마약사범 공통점이라드라,0,저런사람은 죽여버려야한다!,1
아니!!!!<br>이런건 모자이크고 벌금이고 필요없이 실형 때려야지 이게 뭐하는겁니까....<br><br>가만히 있다가 피해 입은 사람들은 도대체 무슨죄여;;;,0,ㅂㅅ.,1
목에 주사 놓고 마약 한 것 같은데  지하철에서 담배 피는 사람 ㅋㅋ,0,ㅋㅋㅋ 중국인가,1
모자이크를왜하는지..진상법 만들어야함 ..,0,저 상황에 저ㅁㅊㄴ들 뒷통수 못 때리는 현실이 안타깝다,1
이게 다 법이 약해서 그렇다 가해자가 보호 받고 피해자가 더 피해받는 법 때문이지,0,마지막에 나온 사람 목사라고 들은 거 같은데,1
요새 한국에서 약팔아요?,0,다 그냥 죽여버려라. 가족들 눈앞에 데려다놓고 이런 죄목으로 죽는거라고 신상 다 까발리고 단두대에 목걸고 전국에 생방송 해야함 ㄹㅇ,1
코로나가 낳은 스트레스성  분노조절 장애,0,나이를 아주 X구멍으로 먹었나...진짜...,1
오늘도 익스트림 서울,0,ㅋㅋㅋㅋㅋㅋㅋ세상 병신들많네,1
피해자보다 가해자의 인권을 더 챙겨주는나라,0,왜사노,1
거지같은나라,0,근데중국은저게정상이라는거,1
ㅈㅂ 모자이크 부터 하지맙시다......... 법 좀 바꾸자 시대는 21세기에 살고 있는데 20세기보다 범죄자 처벌이 약하니 어휴,0,ㅈ같은나라,1
벌금 장난하냐...,0,미친 들개 아이마냥 날뛰네 아주 잘한다 ㅋ,1
"일반적인 금연구역서 저러면 경범죄일지 모르나, 지하철은 아니죠.. 흉기나 다름없어요.<br>지하철생긴지가 언젠데 저런 인간이 한국인이라니!  국적조회가 시급하고  외국인이면 추방하고 우리나라사람이면 살인미수로 쳐넣어야될듯!",0,서울에 이상한 사람 많네 역시,1
법이 작동되면 아무문제 없는데 다양한 사람이 있는거지 법이물렁해서,0,하나같이 어떻게 다 남자일 수가 있냐 ㅋㅋㅋㅋㅋㅋㅋㅋ 진짜 뭐가 있긴 있음,1
내 댓글이 사라졌네 욕하면 댓글이 사라지나봐 엄청 열받아서 욕을 잔똑 써놨더니 없네 유튜브 똑똑한데,0,그냥 소화기로 대갈통 빠게야지,1
지하철 출퇴근 인생 7년동안 저런사람 안만나서 다행이다,0,존나 찐따같네 ㅋㅋㅋㅋㅋ,1
&quot;솔직히 연기많이 마신다고 피해많이봐요?&quot;<br>여기서 한대 맞은느낌이었음ㅋㅋㅋ,0,이게 문지rl앙의 위엄이지 ~ 나라 곳곳이 🐕판 오분,1
앜ㅋㅋㅋㅋㅋ,0,애미 애비가 무책임하게 싸질러놓고 제대로 안키우니까 시민들이 피해보네,1
왜요?,0,저런 쥐똥만한 새끼가 진짜 도랐네 저거 20대여 30대여~ 어유~임자한번 못만나봤네 못만나봤어~  만나면 넌디졌다 진짜 으휴~,1
지도 나이 30살 쳐먹었으면 30살 쳐먹고 저러고 싶냐,0,대한민국 개쓰레기내,1
걍 폰으로 찍고 신고하면 끝.,0,왜 국힘당 지지하는 놈들은 하나같이 저모양이지?,1
쟤 목 상처 뭘까,0,진짜 잼민이와 꼰대의 현주소다 잘봐두세요 책임이 따르지않는 자유는 존재하지 않습니다 신경끄라고요? 그럼 책임을 지셔야죠,1
보통 저럴땐 지나가고 나가면서 한대 씨게 후려치고 튀는게 답임.,0,개념 어따팔아먹었냐,1
말세다,0,조선족 100%,1
이놈은<br>분명<br>한국인 아니다,0,좌익의 교육이 낳은 산실...,1
불특정 다수 를 향한 테러임..,0,중국인줄알았는데 한국이네 ㅋㅋㅋㅋ 제정신인가,1
저런진상들 특징:동석이형처럼 생긴 어깨가 오면 고분고분해짐,0,난 또 중국인줄 알았내 한국사람이야,1
머 꼰대? 그런곳에서 담배피는 니가 꼰대다!!!!!,0,하아...진심 죽탱뱅이 갈기고싶네,1
저거 그냥 소화기로 끄면 뭔 처벌을 받을까요?,0,대한중국인가요,1
주의 진짜일수도 있고 아니수도 있음,0,린치당해야 한다고본다,1
그냥 피게 냅두고 벌금내게하면됨,0,나이를 똥구멍으로 쳐먹었구나,1
이러한 일이 실제로 벌어졌다는 것이 안타깝습니다. 많은 시민들이 함께 사용하는 대중교통이므로 서로 배려해서 이용해야 할 것입니다. 제대로된 처벌이 있었으면 좋겠습니다.,0,꽁짜밥쳐먹을라고 지랄한거네,1
마지막아저씨는 마스크 쓰라고할땐 안쓰고 경찰서 끌려갈때는 착실히 쓰네^^,0,ㅂㅅ이란 말밖엔~~,1
ㅋㅋ 저런거는그냥 바로신고하세요 괜히건딜면 깽값만물려줘야함,0,미친 짐승들 많네..,1
"참 신기한 사람 많다,,,",0,멀 쳐먹고 살면 저렇게 되지?,1
골치아픈애들 많네,0,이 인간 조선족이라던데,1
와.겁.나.무.섭.네.요.하.하.하,0,꼰대??? 어디서 일간말종이 되먹지 못한 놈,1
이럴때만 몸좋으신분들이 없더라,0,지 부모가 젊은새끼한테 저리 당하는장면을보면 어떤 생각이들까?,1
어질어질하다 진짜,0,저세끼들 다 감옥행 보내야함!,1
실화냐?,0,저런 새키들 합법적으로 줘패고싶다 ㅈ도 아닌것들이 겁대가리만 상실해서 저 ㅈㄹ인데,1
참 세상 스페터클하네,0,빻은소리 작작좀..... 보고 우리나라인게 너무 놀랐다...,1
지하철에서 담배를피네 ㅋㅋㅋㅋㅋㅋㄱㄱㄲ,0,세상은 넒고 이상하고 미친사람들은 ㅈㄴ많다 ㅋㅅㅂ,1
담비피면 소화기 꺼내서 뿌려버려야지,0,저런애들은 좀 합법적으로 패게해주면 안됨?,1
진짜 말세다 말세야.. 저런놈들은 지대로 마동석형님같은 인간한테 걸려서 혼나봐야 정신 차릴텐데,0,펨코 벌레의 참모습ㅋㅋㅋ,1
진짜 서울 지하철은 살아남기 힘들다,0,미쳐돌아가고 있다 대한민국은 ㅡ.ㅡ<br>지난 4년전부터 대단히 미쳐돌아가고있다.<br>멍청한 지도자 하나때문에 ㅡ.ㅡ,1
정신이아픈사람들이왜저리많노,0,저런새끼들 모자 푹눌러쓰고 내릴때 죽탱이 한대 갈기고가면 잡히려나,1
외국인이 한국살기좋다고 하는이유가 이거군  범죄해도 처벌약하고 깜빵생활잘하면 감면해주고...캬~,0,진짜 죽여버리고싶은 쉑이들,1
향후10년동안 대중교통 사용 금지좀...위험함 대구지하철 사건,0,면전에 대고 손가락질하면서 다같이 존나 쳐웃고 싶다 니들 지금 개한심하고 역겹다고 ㅋㅋㅋㅋㅋㅋㅋㅋㅋㅋㅋㅋㅋㅋㅋㅋ,1
달랑 징역 1년 8개월?? 3~5년정도 줘라...,0,"아직도 저런 미개한 인간들이 있네,,중국인줄 알고 봤더니,,,한국이었네,,아 쪽팔린다 이놈의 나라,,",1
사람이라고 다 사람이냐 사람이 사람다워야 사람이지 <br><br>ㅅㅅㅅㅅㅅ,0,정신병자들 많이 나오는구나~,1
ㅋㅋㅋㅎㅎㅎ,0,저런 새끼들은 그냥   벌금이 아니고  실형  그것도 졸 라  때려야  그런짓을  못하지  개보다 못한놈들,1
솔직히 아저씨들중에  마스크 내린사람들 겁나많음,0,야구방망이로 대가리 쳐죽여야한다,1
법이 너무 약해요  약자를 보호해주세요,0,ㅋ 유사인간이 여기도 있내 ㅋ 저런건 말로 않되지 정신 처들 때까지 아구지를 돌려야지,1
왜저런 넘은 서울에만있고<br>그 주위사람은 왜들가만있는지. <br>답답네...,0,예로부터 몽둥이가 약 이여. 비 오는 날 먼지 나게 맞아봐야 정신 차릴듯 .... 쓰레기들 천지네.,1
그래.. 첫번째 사람 왠일로 안때리고 그냥 담배만 태우지 이렇게 생각했는데 딱 내릴때 승객 폭행했다 뜨네..,0,안처맞은게 신기,1
법이 약해서 부추기는 꼴이지,0,저런 쓰레기들은 소각해야 하는데~~,1
연기 마시면 피해보녜 ㅋㅋㅋㅋㅋㅋㅋㅋㅋㅋㅋㅋㅋㅋ<br>🤦‍♂️ 머리아프다 에휴,0,내가 피해보니까 얼굴에 소화기 갈겨도 되나? <br><br>존나 빡치네,1
벌금이약하다 저런진상은 좀거 큰 처벌을 내렸다면 세상 무서운줄 안다,0,하 진짜 왜사냐<br>벌레만도 못한 X들이 세상에 너무많다<br>신상공개하고 벌금 천만원 때리자<br>국개의원님들아,1
오는건 안막지만 가는건 어림없다 라는 좋은교훈을 남기고갑니다 진상들은 좀더 예의를 배워야할것 같내요,0,저는 항상 지하철 탈때마다 저런분이 있을까봐 기대가 됩니다... 왜냐하면 저는 저런분 있으면 줘패버리려고 가방안에 너클을 지니고 다니기 때문이죠 ㅎㅎ 그런데 왜 대체 제가 탈때는 저런분이 안나타나실까요? ㅠㅜ,1
ㅠㅠ👍👍,0,존나패고싶다..,1
저런 놈들 벌금 35만원도 못낼 것 같긴 한데 그래도 너무 약한 처벌이다 ㅋㅋ,0,진짜 미친놈인가,1
살인죄 적용될까봐 그냥 승객들이 참는거지..,0,초크로 기절시키고 깨면 초크로기절시키고해서 뇌를 망가트려야함.,1
ㅇㅈ,0,사형시켜라 미친,1
저넘들 한국사람맞나?외국인들이한국와서지하철 화장실깨끗하다고칭찬하던데 ......한국인을욕먹이는사람들 죄 엄청무겁게해야해요 말릴다 저사람들때리는사람들은봐주고요 법이개떡같아서맞다가 맞다가 쌍방됄까봐 참다보면맞아죽어요,0,왜 저런 씹세는 내게 안걸릴까낭,1
옛날법이 그립다 진짜로 조선시대 법이 그나마 나았지,0,ㄹㅇ 소중국임,1
어떤사람이 말했는데 집에 범죄자가 들어와서 그 범죄자를 기절시키면 기절시킨사람이 처벌 받는다고 ㅋㄱ,0,돌아이들 많네,1
타인의 피해를 대수롭잖게 여기는 범죄성향 초기증세들,0,멀뚱멀뚱 처보는애들 왜케 ㅈ같지;,1
헐 헐 헐 헐<br><br><br>............<br>..,0,중국은 진보하고 한국은 퇴보한다. 미개하기짝이없네,1
저래서 지하철 타기싫어,0,서울은 다이나믹하구나,1
대구지하철 참사를 겪고도 처벌이 저정도냐 우리나라 한참 멀었다 멀었어,0,일베충이네,1
엄중처벌해야함,0,진짜 저런건 다같이 밟아버려야하는데..,1
싫은소리한다고 다 꼰대냐. 상식적으로 지하철 안에서 담배피는게 제대로된 행동인가. 저런사람들은 다시는 지하철 못 타게 하든가 해야지 법 좀 강하게 바꿨으면 좋겠구만...,0,강제입원좀 시켜라 진짜너무 한다<br>법좀고치고 정부꼰대들아,1
어이가 없네,0,혹시 중국때놈인가..,1
처벌 수위가 참으로 약하네요. 저러니 법 무서운줄 모르지;;;,0,하 ㅅㅂ 2호선 단소아재 어디갔노 씻팔!,1
어우...좀 참고 살지,0,술쳐먹은거임??머냐??개념이바닥으로치닫네,1
어디 쌍팔년대 생각하나 공공장소는 당연히 금연이지 다른사람 생각안하고 지 기분만 생각하는게 진정 개꼰대지,0,코인으호 인생 좆망했나 ㅋㅋㅋㅋㅋㅋㅋ 막나가노ㅋㅋㅋㅋ,1
모자이크 진짜 화나네,0,여태까지 우째 살았냐?,1
도덕적인척? 학교에서 남들한테 피해주지말라고 알려줬을텐데......모자이크비용이 아깝다.,0,진짜 저런건 삼청교육대 하나 만들어서 <br>반죽여놔야 정신차리지 안그럼 답없다,1
속상해서 제 입술을 꼬집으면서 끝까지봤네요...,0,이시대의 진정한 또라이,1
저런 미친인간들 건드리면 칼꺼낼까봐 무섭다ㅋㅋ,0,어디서 쳐맞고 와서 괜히 분풀이 하는거 같구만ㅋㅋㅋ<br>ㅈㅂ들 특징이지..,1
베트맨이 필요하다,0,우린 이걸 &quot;병신&quot; 으로 부르기로 약속했어요,1
저런놈들 특 마동석앞에서 조용해짐,0,지가 정의의 사도인줄알고 영웅된다싶이 지하철에서 담배못피우게한새끼 담궈야됨,1
추접하다...,0,서울은 뭐 무법천지.<br>무학자들이 사는 도시인가?!,1
현행범은 얼굴 공개하면 안되나?,0,오븐에다  넣고 구워버려야 한다,1
테스형 세상이 왜이래,0,저러면서 코로나 언제 끝나냐 이러겠지?<br>존나 역겹다,1
벌금 넘 적다 더 올려요. 그리고 폭행은 구속도 길게,0,미 친 넘들이네,1
한심하다.....,0,연기마시면 피해많이보지 ㅂㅅ같은ㅅㅋ야 말이라고하냐,1
안에 임산부있으면 우짤려고..,0,몽둥이가 답이다,1
"지하철에 경찰이나 보안 한명씩 배치해놔야함.<br>중국이나 러시아나 미국 몇몇 지역은 지하철 2,3칸마다 경찰있어서 저러면 바로 잡아간다함.",0,저런새끼들 특징이 뭔지알아요? 우리나라 법이 ㅈ같아서 사람들이 쌍방가해자 될거 알고 안건든다는걸   알고있어서 저래 설침 저런놈들은 그자리에서 뚜드려 패도 때린분 처벌 안받게 해주면 내가 ㅅㅂ다 때려주기는 개뿔 쫄보라서 숨어서 촬영ㄱㄱ,1
모자이크왜하는거죠대체,0,가오가 몸을 지배한다,1
왜저게 벌금이지..?,0,때리고 ㅈ ㄹ 해서 35만원이면 사람 뒤지게 하면 100만원 내고 퉁치자고 하지그러냐 ㅅㅂ 법들아,1
우리나라 사람들이 어쩌다 저지경까지.......,0,그럼 그 담배로 담배빵 놓는것도 내 마음이지?,1
"네 잘못을 말해보자면요,<br>1. 다 막혀있는 곳에서 담배를 핀다.<br>2.코로나인 상황에서 공공장소에서 마스크를 벗어 난동을 부렸다.<br>(등등등.... <br>p.s. ..하... 할말하않<br>아니 모자이크 빼주세요",0,저새끼 분명 일베다.,1
이거 유튜브 쇼츠에 원본있습니다,0,일베가 아니라 좌좀들이지 일베가 말은 좀 험하게 해도 정상적으로 산다,1
외국인 친구가 그러더라.... 한국은 법이 너무 약하다고....,0,뭫 잘못 드시고 저런걸 낳았지??,1
댓글에서 봤는데 목에 상처나 행동으로봐서 마약이 의심된다던데,0,나라꼴 잘~돌아간다 씨빨~,1
업로드 참 빠르구먼 분명방금 뉴스에나온건데 업로드 빠르네,0,저런새끼들은 소화기로 조져놔야하는데,1
고냥 자기한테 뭐라고 하기만 하면 꼰대라고 하네 뭘 잘못했는지 인식 못하고 ..,0,뭐지 이 신선한 병신은?,1
구속되니까 얌전한거보소,0,그래도 덕분에 꼰대들 많이 사라짐.<br>한국 문화 중에 첫 만남부터 다짜고짜<br>&quot;내가 형이니까 말 편하게 할게&quot; ㅇㅈㄹ하는 애들 뚝배기 깨고싶긴함,1
말리는사람 부처야??? <br>저걸 안때렸다고?????,0,중국화되어가는한국!! 문재인이하 다 그렇개 만듬,1
사람들도 문제다 싸우는데 한명도 안도와주네,0,내가 거기 있었으면 식물인간 만들어 주고 집에 가긋다 ㅡㅡ,1
그냥 정신이 이상한듯 한데 ?,0,저런놈들 선택적인 자유일거야 귓방맹이 쳐맞아야지,1
와  돌아버리겠네<br>저걸 그냥~~~^^^^,0,정신병자들 나한테좀 걸려라 제발,1
"진짜 판결 꼬라지 봐라 이러니까 계속 같은 일 반복되고, 재인이 꼬라지 봐라 이런 일 계속 올라와도 관심이 없으니 개정도 안하지 에휴 ㅋㅋ",0,첫번째 남자 조선족이라는 말이 있는데 사실인가여?,1
도시에서 꾸역꾸역 모여살기 힘들것다...,0,ㅈㄴ무섭네 제2의 김성수 아니냐????,1
타인에게 피해 주는걸 제 마음이다라고 항변한다면 공공장소에서 담배피우는놈 얼굴 터질때까지 패버려도 제 마음이잖아요 하면 저사람은 인정해줄까? 정신나간놈이네,0,X나 꼰대같아. 담배나 물고!!,1
종종 작은중국이라고 불리는 큰 원인중 하나가 저런사람들임 저기서 더 심해지면 칼들고 와서 쑤시는 단계까지 나가는거고,0,에휴 저 남조선 꼰대ㅡㅡ,1
모자이크 할꺼면 올리지 마세요,0,미친놈인가???,1
벌금형 너무 약해서 재발방지 안되죠,0,미안한 표현이지만 자기도 모르게 죽는 공포가 뭔지 한번 체험해봐될 놈들이네 인충들!,1
가해자 모자이크 왜 하냐? 가해자 얼굴을 알아야 피하던 말던하지,0,지뢀하고 자빠졌네. 초등학생보다 못 한 놈,1
전철은 다 같이 이용하는 대중교통이지 니 안방이냐!...정신병자들이 따로읍다 진짜,0,진짜 달리는 열차에 뛰어내려주십쇼 개새꺄,1
객기의 끝은 <br>객사다,0,시이발 그냥 담배 좀 어케 했으면 좋겠다. 길에서 피는 개놈들도 개 ㅈ같고 아니 남한테 피해주는걸 왜 계속 냅두냐 시발 냄새 맡기 싫다고,1
체포했다고,0,저런새끼들 그자리에서 아작내는법좀 만들어라,1
참 정신병자는 격리해서 사회 못나오게 해야지...,0,에휴 이나라는 갈때까지 가는구나 ㅋㅋㅋㅋ 가해자는 살기좋은나라 피해자한데는 살기안좋은나라 이게나라냐 ㅅㅂㅋㅋㅋ,1
말리는 사람이 마동석이었어도 저랬을까... ㅋ,0,아무리 인간으로 태어나서 살고있어도 정신과 인격이 쓰레기중 쓰레기인데 재활용이 안되는건 버려야하는거 아닌가?! 저런거 뚜까패도 폭행죄 성립안되는 법없나?! 참교육 실천으로.,1
꼰대 꼰대하는 애들. 니들은 니들 주장이 맞다고 우기는 젊은 꼰대 아니냐?ㅋㅋ 대부분 꼰대니 틀딱이니 하는것들 중에 지도 똑같음.  10대 20대가 나라의 미래니 하는데 난 모르겠다.ㅋㅋ<br>지들보다 나이 좀만 많고 지들이랑 생각이 다름 지들이 피해주고도 그게 남한테 피해인줄도 모르고 적반하장 하는 애들 너무 많이 봐서..,0,중국인줄...미친새끼가 다 있네,1
말리시는 분 진정한 참어른이시네요<br>성별 관계없이 주변 젊으신 분들도 같이 목소리 내주셨으면 더 좋았을텐데...ㅠ 법마저 가해자를 보호하는 시대에 우리끼리라도 힘을 합칩시다!!! 저런 사람들 1대 다수여야 더 효과가 좋습니다<br>요새 이유없이 칼부림 나는 사건도 많은 사회에서 말리시는게 쉬운 일이 아니셨을텐데 너무 멋지십니다!!,0,죽일수만 있다면 죽이고 싶다,1
훈계하시는분 꼰대 아니고 내가 생각하는 진짜 정의로운 어른,0,죽빵 한대 갈겨야는데,1
한국에선 피해자들이 고소를 당해서 안 막아요~~,0,촉법들아 저런새끼는 때려도 된다,1
감옥은 뭐하러 만들어놨냐?,0,지능낮은애들이 이렇게 많구나,1
뒷덜미에 상처난거보니 어디서 쳐맞은듯ㅜㅜ담배피면 안되는거 뻔히 알면서 이렇게해서라도 스트레스 풀려는모습이 참 안쓰럽다ㅜㅜ,0,아 진짜 또라이..,1
법이 약하니깐 저렇게 공공장소에서 담배피고 사람들한테 피해주지 법좀 개정해라 <br>10년이상 징역으로,0,넌 쌔꺄 그 인성과 에티켓으로 꼰대라는 단어 쓸 자격 없다,1
오늘도지하철은훈훈하게 하루가지나갑니다.  .,0,미쳐도 제대로 미쳤네..,1
이런건 그냥 얼굴 까자. .ok/,0,무식한 쉐끼들,1
제발좀 저런 몰상식한 사람들은<br>강력하게 처벌좀 해주세요.<br>기본적인 인성은 있어야지,0,진짜 마지막 노인은 힘으로 무기력함을 느끼게 해줘야함 아무리 발버둥 쳐도 날 구해줄 수 있는 건 경찰뿐이라는 것을,1
내가 타는 지하철에 저런사람 없었으면 좋겠다.,0,진짜 뒤진다 한번 걸려라,1
"국민청원해서 지하철에 있던 사람들에게 피해준 담배냄새,위법으로 벌금 쌔게 먹이자 제발 .",0,중국에 먹히면 일상이 될건데요 뭐... 나라팔이님들 좋겠다,1
모자이크 풀자,0,저런새끼들을 우리나라 솜방망이 처벌로 하지말고 중국으로 보내야지 ㅅㅂ,1
오늘도 그들이 있기에 웃습니다,0,이런 음식물 쓰레기들은 분쇄기에 싸악 갈아줘야제~,1
"요세 이상한 사람들왜케많지? 정신이상한사람 넘많아,,",0,세상은 넓고 미친 병신들은 많구나 ㅡㅡ 저런것들 음주운전 하는 놈들이 죽여 줘야하는데 어휴,1
여기 박영진이 나타나서 &quot;요즘젊은것들은&quot; 하면서 혼내줘야 되는디,0,저사람 내가 봤으면 출입구쪽 사람들 좀 비켜달라고 미리 말하고 갑자기 몸을 잡아서 문열리면 집어 던져 버렸을 텐데 ㅋㅋ <br>꼭 내 앞에서 저런놈 만나길 빈다,1
법조인들 빨리 법좀 바꿔라<br>더이상 이나라를 썪게 하지말고<br>법을 바꾸지 않는한 미래에는 대한민국도<br>모든 국민들이 다 권총차고 다닐날들이 <br> 곧 올것이다<br>범죄없는 세상에서 좀 편하게좀 살수있도록 <br>후손들에게는 물려줘야할거 아니냐,0,정의당!  효과인가?,1
저런인간들은 신상공개좀 시켜주지 좀.. 사회 악들을 지켜주는 모자이크 ㅎㅎ,0,도대체 저런 쓰레기들 머리에는 뭐가 들었는지 열어보고 싶다.<br>한심하고 생각없이 사는 꼴통들..,1
빌런들 천지구만ㅎㅎ,0,우산으로 저 아저씨 거시기 찔렀어야지..,1
저러다 사고나면 어쩌려구 그러냐,0,관종이네,1
저런건 처벌을 강해가 해야는데,0,그냥 똘아이 ㅋㅋㅋㅋ 에효 인간아 생각하면서 살아라,1
결국 젊었을 때 저랬던 사람이 그대로 나이를 먹고 늙어서 저렇게 될 거라고 생각이 드네요.,0,와 나한테 걸렸으면 강냉이 탈탈 털어서 눈깔이에다 다 꼽아뿐다,1
지하철에서 담배피는거 불법아닌가요?,0,중국 지하철이 아니라 한국이었네,1
할많하않,0,존나처맞아야정신차리나?개념 밥말아먹엇네,1
손 계속 내리는 아저씨 멋잇다,0,꼭 멸치육젖만한것들이 저래요ㅋ,1
저런사람 있으면 모른척하고 신고하는게 최고 괜히 어떻게 해볼려다가 피해만봄,0,ㅂ신인증을 쳐하노 ㅋㅋㅋㅋ,1
"첫 번째 영상 촬영한 유튜버입니다.  임의로 가져다가 쓰셨는데... 출처 제대로 남겨주시던가 영상 내려주세요.  이메일 드렸습니다.<br>많은 언론 기자님들께서 연락을 주셨고 성실히 인터뷰에 응하였습니다. 일부 언론매체에서 소정의 제보료를 주시기로 했는데, 잘 모았다가 고아원에 기부하여 좋은 일에 쓰겠습니다. 감사합니다!",0,쓰레기 천지,1
다른영상 배댓에서 본건데 목에 난 상처 보아하니 어디가서 개쳐맞고 와서 나 화났다고 쇼하는 거라던데ㅋㅋ,0,나한테저랫으면 반뒤지는건데 시발 보기만해도 줯같네,1
모자이크를왜합니까,0,그냥 흔한 분노조절잘하는 젓밥들.......,1
인간이길 포기한것들인데 인권이 왜있냐...,0,그냥칼로 모가지 잘라버려,1
세상에 상식적이지 못한 사람들이 왜 이렇게 많을까,0,총살을 하지 저걸 보고있네,1
아니 모자이크 언제 까지 할꺼야..,0,담배를 눈에 넣어줘야지 말을알아들을텐데,1
참나 저게 꼰대랑 뭔 상관? 아주 튀고 싶어 환장햇구만 쯧쯧,0,부모 자살하고 싶겠다 얼마나 챙피할까 ㅠ,1
헐 실화냐?,0,대가리에 총 맞았나 와 한국이였다니,1
미친 사람들이 너무 많아져서 큰일이다,0,법이약하니 개진상들 떤다진짜 왜들저러지 정신상태가 진짜궁금하다,1
모자이크른 왜 반대로하는거야,0,확 물어벌라 또라이들,1
말리시는분 대단하시다.멋져,0,문재앙 보유국! 나라 꼬라지 보소. ㅋㅋㅋ,1
솜방망이 처벌... 넘약해.   벌금최소  500만부터  때려박아야  정신차리지..,0,이래도 리틀 차이나가 아니라고?,1
"저사람 구속해야 하는거 아니냐? 모욕죄, 방역법위반, 금연법위반",0,진짜 목 찔러버리고싶다,1
대구사는 사람입니다 어떤댓글에서 대구 지하철 화재사건 이야기가 나와 글올립니다.... 그때 전 중학생이였고 학교에서 참사사건이보일정도의 거리였습니다... 그때의 일은 정말 참혹했습니다 부디 어그로등등 그때의 일을 장난이라도 꺼내지말아주세요 유가족분들 직접격으신분들 모두의 가슴에 다시한번 칼로 난도질하는 격입니다.... 다른 사고의 영상또한 마찬가지로 그런글은 적지말아주세요... 요즘 그런글들이 너무 자주보여 글을 적습니다....,0,진짜 내앞에서 저ㅈ랄해봐라 진짜 불구 될줄알아라,1
모자이크는 잘해주네 아주 범죄자 인권이 소중하지,0,진짜 법만 아니면 그 자리에서 패 죽이고싶네,1
요새 정신병자들 많음.,0,너도 나이 처먹는다 너같은것 낳고 누군가는 미역국  드셨겠지 미역이 아깝다,1
아님.<br>외국에는 더하면더했지 덜하지않음ㅋㅋㅋ,0,세상은 넓고 븅진은 많다,1
지하철 승차나 티켓을 구매할때 자격증 같은 제도를 도입하면 어떨까요?,0,중국영상인주 알고 욕하고 들어왔는데 한국이었다<br><br>역시 한국인이 10억명 모이면 그곳이 중국,1
진지하게 법이 이딴식이어서야 흉악범죄만이 사람들을 뜯어고친다니까<br>말을 해서 안듣는 사람들을 잡으라고 있는 법이 맨날 느슨하니까 저러는거아니냐<br>아예 공포심으로 통제하는게 맞는거같다 진짜,0,ㅋㅋㅋㅋ 여가 중국이네 야 큰일이다 큰일,1
ㅗㅜㅑ 저런걸 인권이랍시고 모자이크 처리해주는게 참 ㅋㅋㅋ <br>이게 나라냐 ?,0,진짜 저 내복할아버지 업어치기 하고 싶다,1
이럴때보면 우리나라법 진짜 속터진다,0,중국인인데 왜 한국왔니?,1
참 할말이 없다!! 없어,0,ㅈㄴ 병신같아 저게 사람인가,1
왤케 법이약하냐 참내,0,얼굴 좀 까라 제발 길가다 정강이 후리게,1
모자이크 좀  없쎄요 ㅇ,0,저런새끼들은 죽턍이를 때려줘야됨,1
난 세상에서 담배가 제일싫어 ....,0,관종의 끝이구나... 대가리를 갈아버리고 싶은데... 어떻게 보면 한 편으론 인생이 참 불쌍하네 ㅋㅋㅋㅋ,1
손발이 오그라드네 ㅋㅋ,0,혓바닥을 짤라야 돼.,1
동방예의지국이 동방막장지국됏네,0,지랄이다 진짜.,1
실화냐 담배?,0,그냥 조용히 산에가서 묻어줘라 살기싫다는데,1
판사들아 감형해주지 마라,0,이 영상이 유익하셨다면 구속과 좆까요 한 번씩 눌러주세요,1
저런넘들은 모자이크 하지 말자~,0,여자는 구경ㅋㅋ,1
꼰대는 자기의 행동이 아주 부적절한지 모르고 남에게 해를 끼치는 행동을 하는 이들을 공통해서 말하는거지 젊든 나이가 들던 똑같이 표현가능. <br>결국 노답은 세대간의 차이가 없다.,0,저런 놈은 인민재판으로 즉결 죽창가야지...,1
한국이니깐 저렇게 정중하게 부탁하는거지.. 만약 미국이였음 근육질 형들한테 졸라 다굴 맞았을듯..<br>저런놈은 패도 무죄 나오니.. 한국은 저런 개념없는 씹쓰렉 인간 패면 깽값 물어줘야 함.. 법이 참 그지 같음..,0,그러면 ㅅㅂ 혼자 있는 곳에서 쳐 피던가 왜 지하철에서 피냐고ㅋㅋㅋㅋㅋ 관심종자짓 하는거지 저건,1
아... 멍청한사람 공포증 재발하려하네,0,저거 진짜 극한으로 삐뚤어진 관종들이 하는 행동인데 침착한척 하면서  자기가 하는 행동이 피해가 가요? 맨날 ㅇㅈㄹ 그러고 웃으면서 욕으로  끝냄 개역겹고 ㅆㅉㄸ같음🤮,1
징역안갔어????코로니시국인데 징역보내야하는거아니냐?,0,지금도 저런 미친시키가 있슴?,1
니 마음 대로 할거면 이민 가라,0,저런 무뇌충들 왜 자꾸 기어나오는거야???,1
이거 화재 위험성으로 고발해라,0,칼로 목 따버려라,1
못 배운 티 내는게 참 안쓰럽네,0,대가리에 똥만 가득찼노,1
"말이 맞는거 같습니다. 순간 너무 욱해서 너무 심한 언사를 썼습니다. CCTV가 너무 많아서 저는 실제론 사람눈 담배불로 못지질거 같습니다. 저 지하철 안에서 담배연기 말도못하고 억지로 참았던 여성분들, 어린아이들 입장에서 생각하면 정말 기분이 안좋은건 사실이네요.. 불편하셨다면 다시한번 과격하게 글쓴거에 대해서  사과드립니다.",0,저런새끼들 공통점  군면제자일듯,1
"무심코 지나 가다가 우연히 저를 만나신 모든 분들이 아프지 않고 좋은 일만 가득하시길 바랍니다. 학업 취업 연애 사업 재물 건강 모든일이 잘되실겁니다.💖<br>항상 다같이 행복해요.💖💚💙💛",0,나이 처먹고 뭐 하는 짓거리냐,1
정말 억지로 까려는게 눈에 훤하네ㅋㅋㅋㅋㅋ,0,중국인들 치고 한국말을 잘하네,1
배웠다고 똑똑한척하다가 개망신당하지말고 간단명료하게 적자!~,0,못 배운 새기가 왜이리 많을까,1
어휴.. 제작자도 현타올듯.. 고생많으십니다요,0,진심 펀치날리고싶네,1
아.. 시국이 어느 시국인데 그것을 틀리다니,0,이모지 중국인같아ㅋㅋㅋㅋ,1
가지가지하네요 정말... ㅋㅋㅋㅋㅋ,0,"미친 놈들이 너무 많네요,,,,한국이 점점 중국화 되어가는 중인듯,,,,<br>빨리 저런 인간들 모조리 때려 잡아서 없애버려야,,,쓰레기들이 너무 많아 집니다,,,법을 더 엄격하게 적용해야,,,",1
"겨우 맞춤법인데 뭐, 정치를 잘해야지",0,법이 ㅈ밥이라그럼 최소 징역3년에 벌금 5천이면 저딴짓 못함,1
안철수 님은 정치 안 하셨으면 국사책에  이름 올려야 하는 분인데 .. 안타깝다.. 인성도 좋으신분 같은데..,0,중국인줄 알고 들어왔지만 한국말을 듣고 충격먹음,1
"무사귀환을 바랫지만 결국 순직하신 소방관분의 명복을 빌며, 세계 모든 소방관 여러분들 너무 고생많으십니다. 모두 무사히 건강하시길 바랍니다.",0,역시 중국놈들  국민성이 바닥이야,1
"최근에 쿠팡친구로 잠깐 일해본적이 있는데 겉으로는 안전, 정확, 친절을 내세우며 교육을 하지만 저들이 정말 강조하고자 하는 내용은 속도 즉 경제성을 최우선시  한다는 것인데 이는 배송 기사에게 얼마만큼이 할당되는지 기사 인당 배송량만 봐도 알수 있다고 생각한다 (참고로 본인이 속했던 캠프에 한달도 안된 신입 배당 가구수는 100가구에 육박하며 물품수로는 150~200개, 신입 퇴사율은 98프로라고 들었다)",0,실제로 못할놈들이 입은 방구석에서 오지게 털어요 쯔쯔 이러니 저런 사람들이 더 활개를 치지 한국인들 종특 아니냐? 지가 휘말리긴 싫으니까 온갖 고상한척 다 하면서 뒤에서 계집년처럼 오지게 뒷담이나 까고 ㅋㅋㅋ 그리고 마치 지들이 무슨 정의의 사도인것마냥 ㅉㅉ 난 깽값 상관 안하고 그냥 후두러 팬다. 유튜브에서 지져드려야 겠다만 키보드로 하지 말고 행동으로 말해 좀 ㅋㅋ,1
무사히 빠져나와주세요 부탁드립니다,0,그때는 관련 법이없던 시절이고<br>무논리;; <br>철도안전법 47조 <br>열차내에서 흡연하면 100만원 이하의 과태료 부과<br>뇌좀 헹구고 오도록..,1
제발...,0,처음 영상 사람 너무 찐따같당,1
"미치겠다 진짜,, 신이 있다면 부디 소방관님 무사히 구출해주시길 ㅠㅠ.. 제가 평생 빌 소원 중 하나 여기에 쓸게요 무사히 나와주세요 ㅠㅠ",0,봉신이더라,1
가족분들 얼마나 가슴이  아플까요 ㅠㅠ<br>어서 무사귀환 하세요,0,꼭 50년뒤에 자식새끼한테 꼰대소리 듣고 고려장이나 당해라,1
소방과님 꼭 별일없길 바래요  기쁜소식 주세요,0,목은 니네집에 개랑 싸우다 물어뜯꼈냐,1
서장 옷벗기고 엄중처벌하라. 상부 지시없이 건물 내부진입했을리는없고 구할사람도없는데 굳이 서장이 불구덩이속으로 들어가라고 지시했으니까 순직하신거아니냐,0,저런새끼들 그냥 법으로 죽여야함,1
아이고 물건다탔을라나 모르겠네 소방관님은 안타깝고,0,다들 나이를 똥꼬로 쳐먹었나;; 왜 저래?;;,1
피해규모가 얼마야 저게....,0,안철수 새정치 윤석렬 큰정치 ㅋ ㅋ   사기꾼 들   짜증난다 화가난다 꺼져라,1
소방관 여러분이 있기에 저희가 있습니다. 항상 다른 생명을 구하기위해 목숨을 내놓는 소방관님들 정말 존경합니다,0,대한중국인이지ㅋㅋㅋ,1
빨리 고립된 소방관님 구조되길!!!,0,이야 코로롱 20이면 지구멸망인가?<br>우리 철수 두뇌는 멸망한게 맞는거같음 ㅋㅋㅋㅋ,1
소방관여러분 위험한 작업 하시느라 수고 많으십니다.<br>그리고 고립되신 소방관 분께서는 무사탈출을 빕니다🙏,0,내가 나한테하니?ㅋㅋㅋㅋ 진짜 염병 문재앙만큼 떤다ㅋㅋㅋ🤣,1
소방관 평소에는 업무량 적음 화재시 목숨걸고함,0,봐봐 니보고 한말인데 말귀   못 알아듣잖아 니가,1
응원합니다,0,팩트두접시) 문재인은 사다리타기를 하지못할정도로 지능이 낮다,1
소방관은 역시 대단한 직업이네요..  저렇게 위험이 일어날걸 알고도 일하니.. 영웅님 무사귀환하길 바랍니다..,0,대깨문들 분노의 뉴스공장 시청,1
부디 구조대원분 구조되시길 바랍니다,0,그래서 c8 윤석열 대선 출마하냐 안하냐 간 좀 그만보고 직접 말 좀 해라,1
저런 안전사고 언제 줄어들까 예방할수 있는사고를 저리만드니..뭐라 할말이 없다 괜한생명 희생시키기나 하고,0,편파방송 mbc ㅋㅋ 좌파분들이 더 맞춤법 못 지키실 거 같은데 ㅋㅋ 편파방송하면 처벌은 못 받나? ㅋㅋ,1
제발 무사귀환 해주세요 ㅜㅜ,0,벌레쉒들ㅋㅋㅋ극딜 쳐맞으니까 어질어질한지 핀트 못잡고 자꾸 딴소리하네 수준 나온다 벌레지능ㅋㅋㅋㅋ,1
광고아닌가요?,0,어 광수 대깨문 북괴빨갱이 어서오고ㅋㅋㅋ 너는 내가 말한것들 반박 가능하냐? 함 해봐라ㅋㅋ,1
"자영업자분들,힘내세요.다들 좋은 일들 있으시기를 바래요.",0,빨갱아 그쪽당에 빨갱이2마리 있더라 ㅋㅋ,1
다중이용시설에 필수로 설치했으면 좋겠네요~,0,신종빨갱이가 나타났네 ㅋㅋ,1
코로나로 인해 죽어가는 자영업자 살리기 대박이네요👍🏻👍🏻 환기 환기하는데 저런 방법이 있었네요! 힘내세요!!,0,좌파보단 낫네ㅋ,1
맨날 환기하라하라 하지만 말로만 인줄 알았는데 그걸 실제로 해주는 기업이 있다니....,0,그래서 우리 자랑스럽고 위대한 문수령님 께서는 세월호 참사에서 고맙다 라고 적었다며? 그건 왜 안올리냐 앰빅? 객관적인 정보만을 전달해야하는 뉴스에서 정치 색깔 오지게 들어내네ㅋㅋㅋ 역겹다,1
요즘에는 냉방기 사라진다고 환기하려 문 여는 것도 싫어하는 분들이 많은데 그런면에서 좋을것 같네요,0,홍준이 ㅂㅅ임? 괜히 생사람잡다 쫄아서 반박할 말도 안 나오나?,1
진짜 이런 기업이 성공해야지.. 어려운 시기에 좋은일 해주셔서 감사합니다,0,벌레샊ㅋㅋㅋㅋ논리도 없고~재미도 없고~ 그니까 니가 사회에서 거부받는거야ㅋㅋㅋㅋ,1
코시국에 환기하는것도 일인데 이런 제품도 잇엇네요!!! 힘든 자영업자분들 힘내서 운영하시라고 무료나눔 한 힘펠 최고다 !!! 👍👍 좋은 영상 보고가요!,0,홍준아 말 해보라고ㅋㅋㅋㅋㅋ우리집 똥개보다 못한 지능이라 말 못하는거야?ㅋㅋㅋㅋㅋ 함 짖어보라고ㅋㅋㅋ,1
쥐리네~,0,사진 간판이 개새끼네 ㅋㅋㅋ ㅋㅋㅋㅋㅋㅋㅋ,1
"암호 메신저 앱을 개발해서 범죄 조직을 소탕한다니, 정말 영화보다 더 영화 같네요. fbi 요원분들 수고 하셨습니다.",0,"조중동이 jtbc,mbc보다 낫긴 함 정말",1
IT의 올바른 사용법.,0,이런 영상에서까지 구걸좀하지마 잼민아 진짜 역겨워 ㅗ,1
보도가 됐다는건 알만한 범죄자들은 이제 저거 안쓴단 말이제,0,쿠팡 이 쓰레기 망해야함,1
그래도 저런거 만들정도로 머리 좋은 사람들이 그런것도 생각 못했을까요 ^^ 어련히도 이제 효용성이 없겠다 싶어서 밝혔겠죠,0,쿠팡 떡락 ㅅㄱㅇ,1
멋지다!!!!!!! 대단하다<br>우리나라는 언제쯤 저렇게???<br>다아는 버닝썬 YG도 무혐의가 되고 있으니....,0,재앙이다  재앙 재앙1일 3재앙,1
우리나라 약쟁이들도 좀 잡아 주십시요 ㅠ.ㅠ 마약천국 될 판입니다 ㅠ.ㅠ,0,대깨문 586냄새난다<br>민주당이 국가직 전환 찬성했다 -&gt; 국힘이 반대했다 ㅋㅋㅋㅋㅋㅋㅋㅋㅋㅋㅋ,1
근데 성과가 좀 약소하네,0,21세기 삼풍백화점가자 제 2의 삼풍백화점가자,1
좀더 퍼트린다음 더 많은 범죄조직 싸그리 잡아넣었으면 하는 아쉬움이 있네용,0,역ㅡ시 헬조선 클라스 중국의 후손답다 중국의 신하국답다 오늘도 기대를 져버리지않는 민폐국 ㅋㅋ 이런게 세계기업이되면 세계망한다ㅋㅋ,1
"아마 중간에 이게 스파이 앱이라는 것이 들통났기 때문일 겁니다. 지금 뉴스에서 그게 무슨 앱이었는지 까지 자세하게 알려주고 있는데, 이를 보면 더 이상 저 앱이 비밀이 아니며, 더 이상의 가치가 없음을 의미하죠. 저렇게 공을 들여 만들었는데도 버린다면 그것은 외적인 요인으로 쓸모가 없어진, 즉 범죄 조직에 의해 그것이 스파이 앱이라는 것이 밝혀졌기 때문일 가능성이 큽니다. 그리고 그것이 들켰으면 범죄자들이 도망칠 것은 불보듯 뻔했기 때문에 그 내용이 퍼지기 전 먼저 선수를 친 것으로 보이네요.",0,여성부가 여성 소방관 늘려달라던데 사무실해서는 여성이라고 당직 안서고 현장나오면 오똑해 오똑해만 할것같다,1
BGM부터 심장이 쫄깃 하구만...,0,오또케스트라ㅋㅋㅋ,1
영화로 나와도 손색이 없을 정도의 비현실감이네요…,0,또팡,1
FBI.너는 계획이 다 있었구나!,0,공산당한테 세뇌 되버리셨군요. 안타깝습니다ㅠㅠ,1
음악도 왜이리 웅장해 ㅎㅎㅎ,0,"소련,헬조선,북괴,중궈 개쓔발것들",1
우리나라도 도입이 필요합니다,0,이렇게 또 중국 때문에 지구가 망하는구나 환경문제도 있고...,1
함정수사는 우리나라에선 불법이라 저대로는 못하지.,0,ㅆㅂ 이거 광고잖아,1
근데 이렇게 알려지게 되면 앞으로 이방법 다시는 못써먹는거 아닌가,0,미세먼지 땜에 열지도 못하는데 중국새끼들이나 두들겨패줘요,1
이래서 사람은 배워야함,0,존나 허접한 피레미 잡아놓고 설레바리치노 ㅋㅋ 맥시코 카르텔새끼들이나 어떻게좀 해봐라좀 ㅋㅋㅋㅋㅋ,1
조직에 잠입한 호주경찰 어떻게 됐나요....,0,"한국이었으믄 정치인, 재벌, 범죄자가 한통속으로 저거 쓰면서 끝까지 모르쇠 했겠지??",1
와 멋있다ㅋ 기획력 추진력 부럽네,0,빨아먹고 효과없으니까 진급하려고 알리는거임,1
저거 기획한 사람 개천재네ㅋㅋ,0,IT 강국이라는 우리 견찰들은 코만 파고 있을때 세계는 첨단을 내다 보는 구나 이러니 이놈의 조선은 남 발 밑에서 벗어나지 못하는 거야~,1
아놈 만든사람도 익명범죄메신저 개발했다가 빵들어간 개발자임.<br>FBI가 형량 줄어줄태니까 저거 개발하라고 해서 만들어진게 아놈,0,마 이게 검찰개혁이다. 재앙아,1
오 이건 진짜 영화보다 더 영화네,0,저런게 내 피같은 세금이 안아깝다고 하는 경찰의 클라스지...<br>그런데 우리나라 짭새새끼들은 내 피같은 세금으로 밥은 쳐먹으면서 <br>일은 안해...ㄱㅎ레자슥들 잠만 디럭디럭 자니까 배때지 에 기름기만,1
이야 이래서 불법앱을 쓰면 안된다니깐 ㅋㅋㅋㅋㅋㅋ,0,프랑스는 뭐하는나라길래 외교행낭으로 마약운반을 하는걸까 ㅋㅋ,1
FBI랑 호주경찰 멋쪄요~~!!,0,2번째는 정신에 문제있는거 같음,1
이번 작전 토대로 영화 하나 나오겠네 ㅋㅋㅋ,0,내로남불 흑인은 쫌 당해야해 지들이 차별 더하면서,1
백인은 흑인 인종차별하고 흑인은 동양인 인종차별 하고 ㅋㅋㅋㅋㅋㅋㅋㅋㅋㅋㅋㅋㅋ 웃기는 짬뽕들여~~~~,0,인종차별에 문제는 항상 백인 새키들이 존재하네,1
여자는  때리지말자  할머니까지  때리는건 좀...,0,중국인 흑인은 차별해도된다 범죄율 통계가있는데. 중국은 쓰레기고,1
"저런 사례가 넘 적은게 문제,,",0,정작 유색인종인 흑인은 아시아계 혐오가 제일 심함,1
지하철에서 저러는 거 진짜 추태다ㅋㅋㅋㅋㅋㅋㅋ 그저 한심하기 그지없습니다. 사람이 왜 저럴까 싶네요,0,이게다 중국때문입니다,1
중국음식점에서 멍청한 백인이 난동피우다 얻어<br>맞았나.<br>영국은 훌리건의 나라답다.,0,동남아 노동자 동남아에서 온 며느리 한국인들 무개념 탑재는 지구 최강급,1
한국에선 저러면 안됩니다~~,0,매를 번다,1
인종차별은 정말 하는 사람 스스로를 깎아내리는 짓입니다. 피해자분들 마음고생 안하셨으면 좋겠습니다,0,무뇌백인  한심하다,1
팩트. 백인들보다 히스패닉 흑인 이런애들이 인종차별 더 심하게 많이 함. 근데 이 영상에선 백인들이 차별하는 것만 보여줌 ㅋㅋ 언더도그마에 빠지기 쉽게 해놨네,0,솔까 제일 위대한건 백인이 맞긴하지,1
주먹질로 끝나면 다행이지 언제 바지춤에서 총칼나올지아냐 그게 무서운거지,0,히스패닉 ㄹㅇ ㅋㅋㅋ ㅄ들 백인들한테 꼽도 못주면서 아시아인한테는 ㅈㄴ 나댐,1
아따 할아버지 태권도좀 하셨네~~ 품이 나온딩..ㅋㅋㅋㅋㅋㅋ,0,조심해라 처 맞는다 ㅋㅋㅋ,1
실제로 미국 가봐라 인종차별 당해도 가만히 짜져있어야 됨. 특히 아시아인들은 백인들도 무시하고 흑인들도 무시하는데 인종차별 했다고 막 나서다가 총맞는다 진짜. 미국은 보복 심해서 진짜 짜져있어야됨,0,꼴에...쳐  맞이 뒈져도   아깝지  않다...,1
인종차별 없어졌으면,0,백마시키들 밥맛 버터치즈시키,1
시원하네 ㅋ,0,대딩때 홍대서 백인 흑인 시비 많이붙었는데 ㅋㅋ 존나 패고 튀었던 기억이 나네,1
아침부터 사이다  시원하넹,0,사회에 도움이라고는 1도 안되는 버러지 같은 인생들이 자격지심과 내세울거라곤 흰둥이인것 뿐인걸 표출하는거지,1
두번째 상황에서 옆에 친구가 크로스백 매고 있는 친구 툭 치네 ㅋㅋㅋ 야!야! 너 복싱 배웠잖아 !,0,우리나라 면상 차별 심하지않냐,1
자연의 법칙을 우주의 법칙을 거스를수는 없다. 여자와 남자의 뇌구조의 차이를 차별과 혐오라고 할수 없다. 인종간 IQ의 차이도 마찬가지.,0,같잖네 결국 아시아인이 반격하는건 처음 하나밖에 없네... 이런걸 편집이라고 해서 어그로를 끌고 ㅉㅉ 뉴스채널 수준,1
그래서 결론이?,0,2개 사례 중에 아시아인만 나온다곤 안했는데 수준 타령이야ㅋㅋ 지 머가리가 빻은 건 생각못하네,1
제가 인도에 갔을때 어디 성당 앞에서 노점하는 상인이 칭챙총 이러면서 손가락질하며 막 웃었는데 당시에는 잘 몰라서 넘어갔다가 나중에 생각해보니까 인종차별 한거더라구요. 가게도 아니고 바닥에 좌판깔고 장사하던 사람이었는데. 그런 장사하는 분들을 무시하는건 아니지만 뭘 믿고 뭘 놀릴려고했는지 아직도 이해가 안되네요.  저런 사람들은 대체적으로 지 주제를 잘 모르는것 같아요.,0,무림고수 ㅇㅈㄹ하네,1
와 턱맞으면 진짜 기절하는구나,0,"근데 언제부터 백인이 인종차별의 선두가 되냐..<br>중국인,한국인도 분류 못하고 한국인한테한테 니하오하는 ㅂㅅ저리가라할정도로 무식한 ㅅㄲ들이",1
속 시원한 장면이네,0,꼭 볼것도 없는 것들이 일을 일으켜요. 지도 레드면서 뭔 자꾸 화이트래. 개구라쟁이 새키들 ㅉㅉ 알비노 걸린 사람 만큼이나 하얘져보고 얘기해라.,1
진짜 우리나라도 모자이크 하지 말자,0,진짜 뇌없는 미개한 인간들이 참 많네,1
한국이면 때린 사람 찾는다고 경찰들이 날리나죠,0,흰둥이들은 뭔가 큰 착각을 하네.. 흰색이 우월하다는....,1
한국은 폭행죄 벌금형 또는 구속,0,놀고있네 같은 쓰레기들,1
그래서 폭력이 정당하다고 누가 그러디. 미친거 아니냐,0,쳐맞아야 정신차리지,1
눈에는 눈 이에는 이,0,일본이 지금저러고있죠..<br>우리한테 쳐맞고 뒈져봐야 <br>아..이게 요단강이구나 하겠죠?,1
현실 : 백인 흑인 할거없이 동양인 차별함 ㅋㅋ 우리는 최약체임 그냥,0,저래서 흑인들이 차별받는거임 ㅋㅋㅋㅋ  바로 주먹부터나가는거 봐 이러니까 경찰들이 산입견이 생기는거고 그 선입견은 흑인들로부터 나온것은 분명함,1
인종 상관없이 지능 낮고 못배운 애들이 자기하고 다르면 차별하는거임,0,소총들만 들고 배트남처럼 한국군이랑 뜨자..뒤진다.  양코들,1
할아버지 좀치신분이네 ㅋㅋㅋ 거리조절하다가<br>왼손으로 앞손 치운뒤 스트레이트 ㅋㅋㅋ,0,중국놈들은좀 인종차별 할필요가 있어보인다.,1
다리 돌어가는거 ㄸ,0,손놈 수듄..,1
진짜 개멋있으심,0,입만 산 쓰레기들... 인종차별주의자가 아니라 쓰레기지...,1
ㄹㅇㅋㅋ 때리고 자세잡는것도  ㅋㅋ,0,까불면 저렇게된다 흰둥아~흰둥이는 우리집 펫 이름이죠 ㅎㅎㅎ,1
모자이크안하는거 진짜 멋지네요,0,저런넘들은죽이고 싶네. 누운 얼굴에 오줌싸고싶다,1
선방으로 턱치면 99%로 이김,0,맞아도 싸다. 왜 저러고 사니 ㅉㅉ,1
한국에서 싸워도 되는 예외 상황 : cctv가 없는데서 때리면 경찰들이 귀찮아서 안잡음,0,맞은사람이 여자고 저기가 한국이였다면 징역 최소 300년 ㄷㄷ,1
정당방위임,0,어후 백인우월주의자들은 정신 좀 차려야 돼 가오만 처잡고 실제론 저렇게 훅가버리면서 도발해대고,1
어르신 거리 조절 하는거 보소 ㄷㄷㄷ,0,외국인 좇밥이였네,1
핵주먹ᆢ,0,죵나까불더니 한방에 가네.. ㅋㅋ,1
동양인은 순하다는 인식이 있어 무시하는 경향도 있는것 같아요.,0,피부 까만 동물을 왜 인종이라고 하지?,1
인종차별 발언좀했다고 사람패는건 아니지않나? 그럴꺼면 살해도정당화되는 세상이올텐데 인종차별자랑 뭐가다름 전혀  속 안시원하다 나같음 말로갚아준다,0,어느곳이나 병신들은 있음ㅋㅋ,1
인종차별 안 당했으면 쉽게 말하지 마셈  요즘 세상에서 인정차별이 얼마나 심각한 문제인데 말로 안되니까 때린거지 괜히 정당방위가 인정되는게 아님,0,인류의 암적존재들,1
맨마지막 장면은 흑인여성이 한국인여성을 친 장면입니다,0,중국인은 무조건 차별ㅋㅋㅋ,1
오 다들 잘 치는데,0,푸하하하하하하하 <br>역시 주먹이 최고야<br>담엔 싸가지없는 계집들차례다,1
끊어치기 오지네 ㅋㅋㅋ,0,ㄴㄴ 너같이 인성드러운 한남들이 먼저,1
가만히 있던 애들은 뭔 죄냐,0,헬조선에선 상상도 못...,1
속이 다 시원하네,0,근데 흑인ㅅㄲ들도 지들 인종차별 당하면 발끈하면서 ㅈㄹ 하면서 동양인들보면 또 지들도 인종차별하고있어<br>외국인들중에 한국에좀 살고있거나 살았던 외국인들은 그냥 한국 문화스타일이 잘되어있고 그거에 따라 지내고있는 한국인들이 그 스타일 방식대로하니까 좋아하는것처럼보이는거임<br>그냥 외국가서 여행가거나 외국에서 일을 안하는게 좋은거임<br>그리고 이해않가는게 일본 ㅅㄲ들은 한국을 지들보다 못사는 나라라고 무시하고 독도도 자기네나라라고 계속우기고 하는데도 가는것도 이상하고 유럽국가가면 눈 찟어진행동 보이면서 인종차별당하면서도 좋다고 가는 ㅅㄲ들은 무슨생각으로 가는지 이해안감<br>굳이 무시당하는데도 그 외국에 가고싶나?,1
레게노,0,인종차별이아니라 술취한 술븅신들이 문제,1
그래도 조심하세요 저러다 기절하고 머리부터 떨어지면 죽을수도 있어요..맞을짓은 햇지만 무섭긴하네요,0,이런거 올려서 정의의 편인 척 하지마라 속보인다.<br>다분히 의도적,1
대박!,0,백인 애완동물 → 흑인<br>흑인 감정쓰레기통 → 동양인<br>히스패닉 (행복),1
와....펀치력 쎄다...,0,응 흑인들 ^^ 지들 인종차별 받는건 인종차별이지,1
저렇게 대응하고싶다..,0,Fact)흑인은 인종차별할고 없이 주운사람이 주인이다,1
대한민국 내에서도 벌어지는<br>인종차별도 장난아닙니다<br>한국사람이 동남아등 해외이주자에게 하는 짓 장난아니죠! 우리부터 잘하자,0,근데 흑인 새끼들도 그닥. 요즘 동양계 패고 욕하고 난리도 아니던데.,1
맞아요..이 부분 아시는 분은 거의 없던데..언급해 주셨네요,0,흑인들도 인종차별 ㅈ된다던데,1
멋진 반격이네요 와우~~,0,맞는 말들 했네<br>쳐 맞는 말 ㅋ,1
마스크 안 쓴거 불편하네...,0,한국도 흑인 무슬림 받으면 저꼴 난다,1
백인 혐오를 멈춰주세요,0,궁금한데...백인은 무색인종입니까?<br>유색인종?!<br>흰색은 무색인가?,1
흑인이나 황인 건드시면 큰 코 다치십니다..,0,지하철 인종차별 백인놈은 다시는 목소리 내지 못하도록 울대를 쳐날려 버렸어야 했는데 아쉽네,1
지하철….마스크 어디감?,0,공중파 계열 유튜브 채널이라는 곳이 잘 하는 짓이다. 이런 걸 콘텐츠로 올려???? 정신 차려라,1
서로가 차별하지 ㅋ 그냥 그나라에 어느 인종이 더 많냐로 갈림,0,샘 오취리도 저렇게 맞아야 될것 같은데..,1
중국인도 깨어있는 사람이 있어요<br>중국을 너무머라하지마세여<br>지식인들 빼고는 중국욕<br>찬성,0,잼민아 그거 인종차별인거 알쥐?,1
중국에서 코로나 만들어서 최대 피해자는 미국 같은 아메리카임. 그래서 요즘 인종차별이 심해진거고... 조심하세요,0,마스크 와 안쓰노 진짜 수준 떨어져,1
우리도 차별하자나요 동남아인들,0,백인 팻으니까 이제 흑인도 참교육 차례내,1
흑인은 원래 저랬는데 뭔 새삼스레;,0,역시 미친놈들은 매가 약이야,1
제 생각엔 단지 폭력만으로 차별의 유무와 그 정도를 판단하기 힘들다고 생각해요,0,중국놈들이면 괜찮음..,1
인종차별은 백인보단 흑인이 더 하던데?,0,Mbc는 좌파 친정부  방송국  이지 ㅣㅣㅣㅣ,1
이런거 올릴거면 흑인들이 아시아인들 차별하는것도 같이 올리시죠?<br>이런거 보면 꼭 백인만 나쁜것처럼 올림,0,중궈는 인종차별 받아도 되는거 아닌가?,1
두번째는 동양인이였으면 아무도 인종차별이라고 안했겠지,0,걍 정신병자같음,1
인종차별은 아니더라도 우리나라도 동남아나 중국 무시하고 차별하는건 같지 않나,0,백인이 아니라 홍인임 피부가 하얗질않고 항상 빨감,1
"우리나라도 개선해야할 문제지만 외국처럼 죽이거나 폭행하는 일은 별로 없음,, 코로나하고 동북공정 때문에 중국 혐오가 많아진거고 인종 차별이 아니라",0,주둥이만 살아있는 허여멀건잡종들,1
ㄴㄴ 몸이 경직된 걸 봐서 턱 맞고 기절한거임,0,양놈들 덩치만 컷지 썩은 밥 쳐먹었네,1
한국인은 건들지 말아라 그러다 진짜 큰일난다 터지면 단결력 짱이다,0,지ㅣ랄 좀 하지마 저런 인종차별 행위 한 것부터 선진국 기준미달인데<br>아주 그냥 지 보고 싶은 것만 처 보고 있지 ㅋㅋㅋ,1
고소하다,0,다른건 다 괜찮은데  근데 저 검둥이가 어딜 건방지게 백인을 때리고 있어.검둥이는 검둥이 답게 어디 짱박혀있어야지 나돌아댕기고 있니 ㅎ,1
이래서 무술 하나씩은 배워둬야 해,0,중국은 인종이 아닌 벌레들이라 차별해도됨 ㅇㅇ 인종차별은 사람대 사람에서 일어나는거고 벌레는 해당안됨,1
선진국은 범죄자 얼굴 모자이크 안하네,0,인종은 사람한테 하는말이고요 ㅋㅋ 중국은 벌레라니까요?,1
흐켱 전광석화같은 훅보소~,0,중국인은인종차별당해도됨,1
왜 얼굴맞고 기절하는거에요? <br>(진짜 몰라서 물어보는 거예요),0,좌빨들을 저렇게 조져,1
쳐맞을거라고 생각을 안하니까 무례하게 굴지..,0,관상은 과학인듯.. ㅋㅋㅋ<br>딱 모자라보이는 애들이 대놓고 인종차별하네ㅋㅋ,1
흑인이 한국인 패는건 왜 안나옴?,0,하여간 생긴거 일배할거 같이 생긴놈들이 쳐맞네 ㅋㅋㅋㅋㅋ,1
원래 영국놈들이 인종차별 겁나게 지나침,0,헬조선이였으면 때린사람만 바로 범죄자됨 ㅋㅋㅋㅋㅋㅋㅋ,1
한국에는 뭐 인종차별 없는 줄 아냐.. 남의 일이 아니여,0,싹다 색맹을 만들어버려라..,1
ㅇ? 사람 죽이면 어느 나라든 살인죄임,0,그간 썪은물이 게속있어서요ㅋㅋ 조선은 걍병신 호구국가죠,1
"우리나라 같으면 살인미수나, 살인죄로 잡히가겠지.",0,식민지에살면 어쩔수없는 소란들.,1
생명이 있는것은 모두 소중한거예요<br>인종차별 하지 맙시다,0,ㅈ랄하노 ㅋ 국뽕에 ㅈㄴ 취했네 ㅋ 일반인도 쉽게 털 수 있는 유일한 유단자가 태권도 유단잔데 ㅋㅋ 태권도가 최고래 ㅋㅋㅋ 가라데도 못이기는 태ㅋ권ㅋ도ㅋ가 ㅋㅋㅋ,1
저거 손님때릴때 점원도 발로차던데 좀 중요한부위를맞는것 같은데?,0,그래그래 그 잘난 태권도 실컷 배워라 ㅋ 배우고 서양가서 어케 되는 지 잘 봐바 ㅋ,1
97년도 국딩때 과외선생님이 한 말이 아직도 생각난다. 선빵이 90%는 먹고 들어간다고,0,흑인들은 좀 욕좀 먹어야하는데 내로남불 흑인들 ㅋㅋ,1
봐라 이래서 사람은 배워야한다.<br>권투를.,0,내가 나쁜놈인건 알지만....중국인은 싫어,1
ㅋㅋㅋㅋ 인종차별 안되지!!! 👏 👏  무서운 모르고 ㅋㅋㅋㅋ,0,"지하철 흑인애들은 마스크 쓴거랑 행색이 전형적인 아프리카 밀입국 가짜난민인거 같은데, <br>인종차별한 백인이 나쁘긴 했다만, 자기들 나라 아닌 곳에서도 손쉽게 폭력을 행사하는구나.",1
내 가게 진상손님에게 저렇게 할수만 있다면..,0,지하철은 옆에 여자들이 더 기름을부었네,1
조회수 미쳤네ㅋㅋㅋㅋㅋㅋ 한달이내1000만 각,0,총 안맞은걸 다행으로 여겨야지 죽빵이면 싸게 교육 받은거다,1
인종차별 영상에 인종차별 댓글이라니,0,브레이크가 없이 날뛰는 애들은 쳐맞아본적이 없어서 그럼<br>가혹한 채벌은 사라지는게 맞지만 자기가 한 행동이 다른 이들에겐 고통이 된다는걸 모르는 사람들에겐 그 고통의 무게를 알려줄 필요가 있음<br>괜히 타이슨이 그 명대사를 한게 아님  길고 짧은건 대봐야 안다고 쳐맞기 전까진 감이 잘 안오니까 저렇게 까불어대지,1
첫번째 사장님 중국인이시지만 너무 통쾌했음. 어찌보면 백인놈들이 더한 경우가 허다함.,0,아.. 난 흑인이 아시안한테 쳐맞는거 보고싶었는데,1
개속시원하네 우리나라에서 저랬다간<br>&quot;그래도 참으셨어야죠 집행유예입니다&quot;,0,진짜 꼴사납다 한방컷인주제에 고작 백인이라고 나대는꼴이라니,1
외국 나갈 때는 3개월전 부터 태권도 필수다. 빡세게 배우겠습니다.  우리나라도 정당방위  인정 좀 하자 판사들아~~,0,불에 태워 죽여야 되는데,1
ㅋㅋㅋ아우  꼬시다...못된 사람들..인종차별이 왠말인가..,0,바이든 되자마자 아시아계 상대 범죄 폭증!<br>Blm극좌세력 폭동 폭증!,1
저렇게 길에서 맞고 쓸어지면 바닥이 딱딱해서 뇌출혈이나 뇌진탕 올수도 있어서 구급차 불어야된다고 들었어요,0,ㅋㅋ <br> 양키도  떠나라<br>아메라카  인디언땅이지,1
뭐야 나는 코로나 전인줄 알았는데 다른 사람들은 다 마스크 쓰고 있네...?ㅋㅋㅋㅋㅋ,0,흑인이랑 아시아인을 동일선상에 두지마라<br>저새키들은 백인들한테 당한거 화풀이 대상으로 아시아사람들한테 ㅈㄹㅈㄹ한다 <br>흑인은 니거 흑인이 왜 노예였는지 이제야 알겠다 이거야 사탕수수 커피콩이나 재배하라해라,1
"우리나라 공권력은 맞는 사람  지켜주지도 못하면서,  자기 몸을  지키기위해 대항하면  쌍방폭행,   거리에서 맞고 있는 사람 구경만 하는 이유도 여기에 있다.  말리려고 끼어들었다가는 쌍방 폭행으로 엮어버리는 우리의 거룩한 판사님들.",0,송곳 가지고 다닙니다. 찌르기 편하고.. 제가 찌르다 다칠일도 없어요..위협받으면 그냥 바로 죽이려고합니다,1
신사의 나라 ?  신사 좀 되자 !,0,우리나라도 좀 맞아야하는 사람들이 많은데 그런사람들 마저 법으로 지켜주니 개소리를 하는사람들이 너무 많다,1
정당방위 인정 되는 외국에서 볼수 있네<br>우리나라면 쌍방폭행으로 맞고 참아야하는데,0,"뇌진탕온듯, 깨어나도 장애인.",1
사람 피부색 가지고  차별하는 더러븐 세상,0,지하철새키 뒤진거 같은데??ㅋㅋㅋㅋㅋ,1
백인들이 인종차별 문재는 어제<br>오늘이 아녀  조금 좋아젖는 지는 몰라도  사람죽여 잘사는게 유렵놈들 아닌가 조심들 하세요 먹고살기 힘들어지면 언제또 인간 사냥 시작할지 모르는 일이요,0,MB: 여러분 우리나라에선 이러  다~~~~~<br>죠때는거 아시죠??,1
매미킴이 1:1에서 질까봐 안가는게 아니다..<br>총맞을까봐 안하는거,0,ㅂ1ㅅ 같은 놈들이 꼭 어디든 있음.,1
교육의 처절함을 느낀다,0,색소없이 태어나 자격지심이 있는건가‥;;;,1
잘못한거는 인정!!<br>무방비 상대에게 펀치 날리는것도 비겁한 행동!!,0,공통점..<br>다 사람같지도 않게 생겼다.<br>루저나 열등감있는 놈들이<br>잘난 그룹을 만들어서<br>그 그룹밖의 사람들에게<br>깝치는 것으로 자위하는 못난 것들!<br>고로 레벨이 높고<br>자존감이 높은 사람들은<br>인종차별안한다!<br>그럴 필요도 이유도 없으니까...<br>안그래도<br>사람들이 먼저 인정하니까...,1
당연히 인종차별은 안됩니다<br>하지만 인종차별하면 폭력을 행사해도 괜찮다는 이런 뉘앙스의 영상은 정말 많이 별로네요 ...,0,질병빼고 어떠한 병이든 뒤질때까지 처맞으면 정상으로 돌아온다,1
인종차별 주의자들께 아쥬 유익한 영상 입니다,0,우리나라였음  폭행죄로 걸렸겠지 합의금도 줘야하고 빙신같은 법,1
흑인들이 아시아계 인종차별 더함,0,저게 다 중국 우한바이러스 때문임.,1
우리나라 같으면 견찰들의 회유로 고소.고발로 이어져서 법적 처벌을 받는다. 불의에도 참을수밖에 없다,0,여기 사람들 좀 수준 높아졌네 전에는 존나 일반화하고 백인은 다 나쁜줄 아는 멍청한 놈들 때매 꼴보기 싫었는데…,1
ㄴㄴ 격투기 보면 ko 당할때 저렇게 기절하는 경우 허다함 보통은 그냥 기절한거임,0,역시 물리치료가 답이다,1
턱 맞으면 뇌가 흔들리면서 그대로 가거든요 프로들도 턱맞으면 넉다운 당하는게 턱에 충격이 가면 뇌까지 다이렉트로 충격이감,0,지하철 대머리놈 그렀게 이상한거 하고 인종차별 하니가 쌤통이다,1
저렇게 맞는건... 뒤질 확률이 엄청높지 .. 알고 맞는거랑 모르고 맞는건.. 데미지가 달라..,0,유색인종들  안착한데 ㅡ <br>저러다  총맞음  .,1
쿵후가 약한게 아니다 종합격투기가 너무 강한거지<br>일반인 청년을 상대로 쿵후 유단자 할배 찌르기가 턱에들오가니 한방에 뻗는다,0,인종차별이 대가리에 박혀있다는 것 자체가 상하관계가 고정관념이 된 사람입니다.<br>강자에겐 약하고 약자엔 지배욕 강한 사람.<br>정신병자 입니다.,1
속이 다시원하다 이세상에 인종차별주위자가 사라지기를,0,쳐 맛아야정신차리지,1
에효...왜 저러냐,0,무슨 오버액션이 나라 기본교육인가 ㅈㄴ 약해빠졌네,1
사이다,0,중공짐승들따무에 조선인이 욕보네! 몬죄인의업적! 력도도살! 멸공!,1
마동석이 왜 몸을 키웠는지 알게되는 부분,0,저런 것들은 ㅊ맞아야 돼 찌질한 게 저 ㅈㄹ하지,1
아 웃겨 속이 다 시원하네 아침부터 사이다 한사발,0,ㅋㅋ나한테 걸려바라 뒤진다 진짜,1
흑인들.. 존중합니다..!!!!!,0,“인생은 실전이다 이 좆만아”,1
총들고와서 보복할까 꺼림직하넹,0,저런애들은 맞아야 ptsd와서 다시는 입못놀리지,1
아시아를 공격하는 사람들 99%는 흑인입니다. 뭘 알고 뉴스내보내세요.,0,중국인들 어디가나 자존심만은 지키네,1
아시아인을 공격하는사람이 대부분 흑인이라고 차별받아도 됩니까? 흑인이든 아시아인이든 차별받지 않을 권리가 있어요,0,속이다 시원하네 인종차별 나한테 햇으면 식칼로 목아지쑤셔서 썰어서 도려냇다 진심으로 ㅋㅋㅋㅋ!!!,1
지하철은 그래도 되지만<br>매장 사장은 저러면 안됩니다.<br>폭력으로 문제를 해결하면 결국 사업 접어야 할 일이 생길수도 있습니다,0,중국차별은 인정한다,1
누구나 처맞기전에는 모른다 😂ㅋㅋ,0,백인이나 흑인이나 둘다 똑같에,1
우리나라였으면 때린 사람이 고소먹겠지?,0,짜장은 이유불문 줘 패야되는데 ㅋㅋㅋㅋㅋ,1
저 손님 그 와중에 마스크 안 쓰네 무개념이다,0,세상사는거 다 똑같다 어딜가나 꼭 쳐맞아야 알아먹는 개빡통 들이 있는법,1
이런 대우 받으면서 외국에 살일이야?,0,맞아도 싸다,1
차별당하는 흑인들이 그맘 잘알텐데 아시아계 차별하는 흑인들이 왜 더 많은지 궁금하네요,0,무식한 코쟁이놈들.. ㅉㅉ,1
아시아인들은  항상 당하고 있는  뉴스만 보고...좀 답답햐다 생각했는데...참교육이네,0,저런 놈들은 쳐맞아도 싸다~~쌤통이다~~,1
때리신 분들 거의 박새로이네ㄷㄷ,0,아 꼴받게 바퀴쉨 왜 자꾸보이냐,1
애완동물 ㄴㄴ반려동물 입니다,0,쳐맞아야 나불거리는 그 입 다물지,1
백인??? 적색 계통으로 보이는데...,0,이제 백인들 차례인가?,1
인종차별은 하지않는게 당연한겁니다.<br>지구인끼리 잘지내야합니다.,0,인종차별하는 저런 인간은 ㅊ맞아도 싸다.,1
좋아할일은 아닌데 죽을수도있는데 어휴 미국은 위험한나라,0,앰빅뉴스수준,1
지하철 남자는 좀 위험했다 쓰러지면서 뒤에 머리 부딪혀 뇌출혈 생기면 ...,0,그걸 보고 행동 안하고 이렇게 댓글로 싸는거보니 무슨 고해성사하냐?,1
통쾨하지왜  솔직이 흑인분들보면 덩치도있고  약간무섭긴해요근대 백인분들도 그것또한무섭더라구요  왜 난 영어를 못하니꽌 ㅜㅡㅜ 혹시나한태말걸면어쩌지  아는단어는 달랑2개 몰라  안뇽이다인대 ㅋㄷ 😆,0,흑인들은 인종차별 당한다고 말할 자격없다,1
턱 중앙엔 신경이 있기에 아무리 건장한 선수도 제대로 맞으면 기절하죠.(물론 선수분들은 더킹으로 피하지만),0,흑인도 아시아계 차별해서 재수없다,1
어째 엠빅뉴스에서 유색인종이란 단어를 쓸까요?<br>백인 기준에서 만들어낸 차별적인 단어에요.<br><br>정정 바랍니다.,0,저것도ㅅㅂ 건장한남자가 가능... 쳐때리길왜때림 인종차별은 개뿔 지보다 약해보이는것들만 때림,1
"인종 차별이나, 우리나라 지역차별이나…",0,인종차별 일삼는 미국 흑인이 좀 맞아야 하는데,1
다 같은 한민족이에요.<br>인종차별 하는건 배우지 못한<br>사람들이 하는것임 세겨 들으세요.<br>우리도 예외는 없음...상대가 다르다고<br>평견 하지 마시길...가만이 지켜보면<br>엄청 심 함니다. 우리도 어려울때<br>해외 나가서 돈벌고...한국이 발전해서<br>해외에서 한국 많이 들어옴 다 같은 민족이늬<br>평견 하지 마시길....평견 하다가  본인이<br>다 칠것임...절대 잘햇단 소리 못 들으니..,0,무식한 넘들 천지네. 자랑할 거라곤 피부색 밖에 없나보다.,1
흑인이 아시아인을 대상으로 하는 인종차별이 더 심해요. ㅋㅋ,0,요즘 추세는 흑인들이 맞아야하는데 그런글이 없네 병신 댓글러들,1
와 속이 후련하네,0,백인= 무식,1
오타 미치갰다,0,결론:개 돼지만도 못한것덜은 쳐맟아야 한다 ㅋㅋㅋ,1
속시원하다,0,1. 중국집 2. 불쌍한 정신병자,1
아냐...폭력으로 하지 말고 그냥 애초에 차별이 없게끔 우리 인종의 위상을 높이게끔 노력하자...<br>멋들어진 사람들은 어딜 가도 무시 안 당하듯이..<br>우리는 우리 인종 자체가 멋들어진 인종이 되게끔 노력하자... <br>저들처럼 똑같이 주먹 쓰는 순간 우리도 차별주의자와 똑같은 급이 되는 거야..,0,백고추보다<br>흑고추가 더 강하다고,1
여전히 코로나가 심한데 마스크 안 끼는게 더 신기하다,0,두번째 백인은 조증이 있는 것 같은데?,1
"<a href=""https://www.youtube.com/watch?v=M5D7SxYYbiY&amp;t=2m56s"">2:56</a> 팔뚝봐라 ㄷㄷ 잠들만하다 ㅋㅋㅋㅋ",0,또 저거보고 근자감 붙어서 외국가서<br>저지랄하다가 뚜까맞아라ㅋㅋㅋ이태원에서<br>외국인들 한국인들 단체싸움하는거보면 한국인 3명이 외국인한명한테 탈탈털리더라 그게현실이다 쟤들은 일반인이건뭐건 기본적으로 복싱은 다 배웠더라,1
문제는 흑인이 아시아계를 더 못살게굼..,0,한국에선 ㅈ됨,1
"<a href=""https://www.youtube.com/watch?v=M5D7SxYYbiY&amp;t=1m16s"">1:16</a> 한두번해봄 솜씨가 아닌데?? 저 가게에 진상이 너무 많아서 주먹으로 해결하셨나 ㄷㄷ",0,피부가죽 벗기면 다 뻐얼건 색일텐데 두께가 1cm도 안되는 그놈의 가죽이 뭐 그리 잘났다고...,1
오른쪽 맞고 발에 야추맞은듯 ㅌㅋㅋㅋㅋㅋ,0,한국 특징. 불체자외국인들이 자국민패면  기사몇줄로끝. 반대로 자국민이 불체자 외국인패면  매장시켜버림,1
ㄹㅇㅋㅋ,0,좋다고 유럽빨아재끼는 사람이있으니 ㅎㅎ 인종차별을당할지언정,1
두번째건 공항도둑 잉글버전이냐 ㅋㅋ,0,내가 양떼야? 베지테리안 이런거? <br>자기가 하는건 선한거고 남한테는 엉정한 잣대. 지긋지긋하다.,1
지하철 노약자 석에 백인 세명 앉아서 소주에 빨대 꽂아서 마시는 데 아무도 뭐라 하는 사람 없더라고요. 해운대도 백인들이 마스크 벗고 파티해도 아무말도 못하는 나약하기 그지 없는 민족이죠. 정말 너무나 나약한 서로 싸우고 댓글로 테러나 하는.,0,난 당신같은 화많은 양떼들이 제일 ㅈ같아.,1
여자남자가 어디 있겠습니까 <br>인종차별주의자와 피해자만 있는데,0,Black Lives Matter 극혐,1
인종차별 하지마세요,0,첫번째는 인종차별인지 아닌지 모르는데 제목어그로로 끼워넣었다는 느낌이...,1
"<a href=""https://www.youtube.com/watch?v=M5D7SxYYbiY&amp;t=2m57s"">2:57</a> 잘했네.. 인종차별 한 사람은 이 세상에서 사라져야함<br><a href=""https://www.youtube.com/watch?v=M5D7SxYYbiY&amp;t=2m58s"">2:58</a>",0,꼬신내야~~~ 언젠가 츠맞을줄 알았다 ㅋ,1
"인종차별을 저렇게 떳떳하게 하는것도... 정말 문제지만,.<br>사람이 저렇게 기절해 버렸는데... 그냥 웃고 있는것도. 끔찍하다...<br><br>유럽과. 미국은 세계 각국은 정말 인종차별과 문화가 하나가 되지 못하여.<br>정말 많은 갈등과 혐오로 사회적 비용이 소모된다.!!!<br><br>한국은 한가지의 문화와 역사를 공유하면서도.<br><br>조신일보라는 기득권을 위해. 국민을 분열시키고, 갈등을 조장하고,<br>가짜뉴스로 프레임씌우는 언론 때문에   유럽 미국과 같은.<br><br>사회적자본이 소요되고 있다.... 정말 끔찍한 일이다. !!!!!!!!!!!!!!!!!!",0,저렇게 백인에 대들지 못하는 흑인들 일부는 그 화풀이 대상으로 동양인에게 풀고 자빠졌지.! 한심한 니거색퀴.!,1
해외 사시는 분들 건강하세요. 지켜내시길..,0,왜 저렇게 우월감을 느끼는지 모르겠지만...너희처럼 인성 터진 존못으로 살바에 걍 나로 사는게 나아😅 인종차별 진짜 웃겨요,1
웰던 웰던ㅋㅋㅋㅋㅋ,0,개한민국이었으면 때린놈 바로 입건 ㅋㅋ,1
사장님:내가 그냥 가라했자나 .......,0,"진짜 양키 새끼들 한닥가리도 안된다<br>실제로 캐나다에서 지랄하길래, 반 죽여놓을려고 다가갔더니 도망가더라",1
"진짜 초등학생도 안할거 같은 짓을 다 큰어른이 하면 어디서부터 잘못된걸까 라는 생각 밖에는,,,",0,맞을짓을 햇으면 맞아야지.,1
백인 사망 했다고 하네요,0,역지사지 :<br>역으로 지랄을 해줘야 사지가 마비된다,1
나도 어릴적 학창 시절때 매일 같이 날 괴롭히던 자식 어느날 뒤지게 팼더니 쌤한테 둘이 불려가서 쌤리 그 녀석한테 하는 말이 굼벵이도 밞으면 꿈틀거린다고 얘기하는 걸 들었음 얼마나 기분이 드럽던지 나보고 굼벵이라는 소리잖아 ㅋㅋ 생각하는 수준 토악질 나오더라 ㅉ 선생이란 새끼가,0,그리따지면  백인이 숫자가 젤 적은데  <br>지네들열등감 오지는듯 ㅋㅋ,1
민주주의는 시민의 피를 먹고 성장한다고 하던데.... 인권도 마찬가지다.... 저항하지 않으면 인권은 성장할수 없다... 불의에 저항하자,0,아일랜드 저거는 인종차별이라는 확신은 없네 기냥 또라이ㅇㅇ,1
백인들 보고 손가락질 하기 전에 우리 스스로 좀 돌아 봅시다. 차라리 백인들은 저게 나쁜짓이라는걸 아니깐 주변에서 말리거나 비난이라도 하지 한국에서는 아무도 안말리고 표현의 자유라는 개소리 변명으로 아무렇지 않게 인종차별 합니다. 썩을,0,???: 내가제일싫어하는 두가지는 <br>인종차별과 흑인이다,1
사이다 한 방 시원하네요. 굿,0,줜나 하등한 것들이 누굴 누굴 차별하는거여? 차별 안받는걸 다행으로 알아야지... 진화 덜 된 색히들,1
내 속이 다 시원해진다 ㅋㅋㅋ,0,인생 최고의 업적이 백인으로 태어난 새끼들,1
와 ㅋㅋㅋㅋㅋ 스트레이트펀치 보소,0,언제까지 외국이니 가능한일...<br><br>우리나라같으면 폭행이니 ㅇㅈㄹ 할텐데,1
댓글 무섭다. 저인간들의 행동이 그렇다고 폭력이 정당하다고?<br>본인들이 매일 즐겨먹는 소한테 물어 뜾겨봐야 아 세상이 이런거구나 할듯,0,인종차별은 나쁘지만 중국인은 차별당해야한다,1
속이 뻥~,0,쳐 맞아야지 개만도 못하면…,1
속이 후련하다,0,흰둥이 검둥이 누렁이 얼룩이 덜룩이,1
여태껏 차별영상으로 여자랑 노인만 올라온 이유ㅋㅋ,0,인종차별 하는놈들 흑인<br>백인이든 칼로목을따벼려,1
아유.;속이다 시원하네...,0,세상에는 ㅁㅊㄴ들이 많네ㅎ,1
흑인펀치 주먹 자체보단 뒤로 넘어가면서 모서리 가드라인에 머리 박아 뇌혈관 터진거 같은데 동공반사 없어보임,0,영국 원래 아프리카 흑인잡아다 노예로 팔던민족~~  많이발전했네,1
우리는 바로 경찰에 신고해야지 5분이면 올텐데......,0,"참.,전 세계에 널리 퍼져라...멍청...",1
유색인종이라는 말도 좀 인종차별적인데..,0,병신들 나한테 걸리지 저런거 하나 안걸려 ㅆㅂ 열심히 일하고 잘살면 저런거 하나 걸리게 해줘야지,1
아니 ㅋㅋㅋㅋㅋ 그냥 때리면 아 별로 사이다는 아닌데 저렇게 넉다운 되니까 씹사이다를 넘어서 슈퍼제네럴사이단데 ?,0,근데 중공놈들은 그냥 살해당해도 인종차별 아니라 전투중 죽은거다.,1
강자존,0,뭐 상대가 중국인이면 욕 먹어도 싸지 뭐 ㅋ,1
한국이었으면 정당방위 성립안되고 피해자가 가해자됨 ㅋㅋㅋ,0,아니 근데 흑인 인종차별은 이제 별로 안빡침 왜냐? 그들이 아시아인들을 ㅈㄴ 차별하기때문에 ㅅㅂ럼들,1
인종차별하는건 세상 모든 사람을 욕하는거나 다름없고 심지어 자기 자신을 욕하는거다..<br>왜냐하면 우리는 다 사람이다,0,겉으로 표현하냐 안하냐의 차이지 인간은 누구나 인종차별주의자임 인종차별보다 인종차별이 어쩌고 저쩌고 유난 떠난 인간들의 위선이 더 역겨움,1
첫번째 분은 운동 배우신거 같은데 턱을 스트레이트로 꽂아버리네,0,유색인종 무색인종 이것도 웃김...ㅋㅋㅋㅋ지들 백인 white 라고 하는데 ㅅㅂ 다 시뻘겋게 홍인들이더만 뭐가 하얘...도대체 그런걸로 왜 우월감을 갖는지 이해가 안 감,1
한국에서는 집에 들어온 도둑놈 발래 건조대로 때려다고 집주인 아들 구속한적도 있죠 한국은 판사 썩을 것들이 앞뒤 안가리고 오직 책에 나온 되로만 판결하는 썩을 것들 때문에 저렇게 하면 안되죠 집에 들어온 도둑에게도 주먹질 하면 안되는 대한민국 판사들의 판결 대한민국은 언제쯤이나 저런 세상이 올지 참 판사들 판결하는 것 보면 진짜 열불나요,0,근데 존나 ㅈ같은게 흑인 애들은 자기들이 백인들한테 차별 받는다고 그러면서<br>뉴스에 나오는 동양인 폭행이나 살인 사건 90은 흑인들이 저지름,1
근데 저 지하철에 마스크를 한명밖에 안 썼네,0,흑인은 안불쌍,1
그런데? 뮈?,0,저딴것들은 존나게 맞아야정신차리지.방법이 없어.,1
지하철에서 맞고 눈뜨거 주무시네,0,빼았긴집찾아주기운동 뺐어간집돌려주기 광명뉴타운에는 국가유가족에게 입주권도안주고 강제로내 쫒아버리고 노숙자로 만들어버리는 세상 누구는 입주권을2개식주고 누구는 입주권도안주고 강제로내 쫒아버리는것은 인간차별.국민차별 경기도의뉴타운법 강탈시대 노숙자양성 양극화를조장하는것이다 보이지안은전쟁선포다 뺐어간집돌려주기 광명뉴타운에서 국가유가족에게 입주권을주어서 조상대대로 살던곳에서살게해야 진짜민주주의정부 인간차별은 양극화를조장하는것이다,1
그래서 이 영상의 의미가 뭐냐? 차별해서 맞아도 싸다는거여? 아님 차별해도 저렇게 꼬꾸라지게 패도 된다는거여?,0,흑형을 건드리다니 ㅋㅋㅋ,1
차별하면 응징을 당한다 or 벌을 받는다,0,걍 두케이스 다 정신병자같음ㅋㅋㅋㅋㅋㅋㅋ 믿을것도없으면서 졸라나대네 ..,1
시대가 어느시대인데<br>아직도 인종차별인가<br>다같은 사람이고<br>존중받아야한다,0,백인이 우월한게 딱히 있나 솔직히 남의 나라 민족 약탈해서 잘먹고 잘살거지 영국신사 좋아하네 야만인들임,1
같은 지구에서 인종 차별 이라니요,0,잦밥들이 말은 많이하지,1
저번놈들은 대한민국의 유교사상을 쫌 배워두면 잘될듯🙄 예의범절 그 시절이 그립다,0,인종차별해야하는건 중국하고 일본뿐인대 나머지는 평화롭게들지내자,1
살기위해 하는것이니 가슴아프내요,0,우리나라에서 해봐...<br>우리 초중딩들이 존나게 팬다 니네들...<br><br>우리 대한민국에는 애국심이 들끓는 <br>10세들이 있다,1
왼손으로 가드 열고 오른손 펀치 턱에...  고수다,0,운동좀하자 동양인들 처맞고 다니지말고 첫번째 존나사이다네,1
뿌린대로 거두리라!,0,내가 미국 영국 호주에서 병신만든애만 50명은 넘는다<br><br>인종차별하는새끠들은 나 덩크가 용서하지않는다<br><br>그렇게 ㅈ같으면 스파링하던지,1
사람 기절시키는건좀...,0,비읍시옷짓 하는 비읍시옷들,1
할아버지 앞손 싸움 맥그리거인줄,0,진짜 턱 맞으면 기절해요 근데 코로나는 중국꺼니 아시아 사람만나면 중국인이요 하고 물어보고 조 패라 한국인은 잘못없다,1
아니 도대체 인종 차별을 왜하는거임? 인종차이를 그냥 인정하면되는거지 차별하면 누가 뭐줌?,0,나도 격투기 10년했눈데 외국가서 먼저 때리면 보내버릴거임 ㅋㅋㅋㅋ,1
근데 두번째 지하철에서 백인이 흑인 인종차별했다는데 도대체 뭐가 인종차별이라는건지..,0,인종차별.백인만세상에살아보지아마지들끼리도.무슨족.하며종족전쟁버릴껄.한심하고.도퇴댄인간들같으니........,1
아이고~~속 시원하네~~^^,0,무식한 놈들에겐 몽둥이가 약입니다!  말로는 이해하지 못하니까요!   미친개에겐 몽둥이가 약이라잖습니까?   일본놈들도 마찬가지죠!  올림픽 보이콧과 헛소리나 헛짓거리 할 때마다 외교적 수사나 신사적 대응 말고 쌍욕지거리와 행동으로 &quot;박규&quot;날려 줍시다!!,1
ㅋㅋㅋㅋㅋㅋㅋㅋㅋㅋㅋㅋㅋㅋㅋㅋㅋㅋ,0,세상이치가 까불면 맞는다,1
욕으로 흑인도 백인 인종차별하면 되는거 아닌가?,0,세계 인구가 많긴 하죠 적당히 싸워서 줄어들 필요가 있습니다 그게 인종차별이든 남녀갈등이든 나라갈등이든 뭐든 사람이 너무 많습니다 출산율이 적다구요? 그렇게 말하는이들은 사람이 필요한게  아니라 세금낼 노예가 필요한 겁니다,1
제가 가라데 취미로 1년정도 배웠는데 .저 사장님 일본인 가라데 배우신분이에요.,0,아직도 이런쓰레기가 돌아다니는구나 쓰레기는 어딜가도 쓰레기네,1
그래도 폭력은 좀 .. 하는 고구마 5개 한번에 처먹은 답답한 사람 있을거 생각하니 킹받네,0,그냥 죽여라 기본이 안된 인간은<br>죽어 없어져야 이 사회가 돌아감,1
시원하다..,0,맞아도 싸,1
제목이 참.. 자기비하 깔고 가는데 우리가 왜 지렁이죠? 똑같은 사람입니다,0,하는짓이 일베스럽네,1
"<a href=""https://www.youtube.com/watch?v=M5D7SxYYbiY&amp;t=3m08s"">3:08</a>  누님 팔근육 무선129",0,첫번째는 옐로몽키 잘못아니노ㅋㅋㅋㅋㅋㅋㅋㅋㅋㅋㅋㅋ,1
한국법도 구린데 일본도마찬가지<br>일본에서 혐한일본인이 한국인 먼저 해꼬지해서 반격해도 한국인만 범죄자된다고한다던데,0,흑인들 인종차별은 당연한거아닌가요?<br>요즘 하는짓거리보면 저렇게 당해도 싸요 ㅋㅋㅋ 그저께는 한인한테 벽돌들고 찍어서 종신형받을예정이라고 하고 어제부터는 동양인들 때리기 챌린지 하자고 하고 쟤넨 그냥 저런취급받아도 됨 ㅋㅋ,1
사장님 완전 맥그리거 빙의,0,한국에서 이랫다간 <br>지갑 탈탈 털림 <br>왜냐? <br>법이 아주 좃옷나 좋기때문 ㅎㅎㅎㅎㅎ,1
이거 때리는 장면 그냥올라와도 되나요??,0,이게 다 판사새끼들 때문임.,1
씁쓸하구만,0,여긴 (겉)민주주의 국가임ㅋㅋㅋㅋㅋㅋ,1
"<a href=""https://www.youtube.com/watch?v=M5D7SxYYbiY&amp;t=1m22s"">1:22</a> 역시 코너 맥그리거의 나라 ㄷㄷ 그리고 사장님 운동 배우신 분인 듯 무턱대고 날리는 주먹 아니고 거리 잡고 제대로 뻗네",0,영춘권이나 배워라 등시나,1
아일랜드에서 일어난 일이잖아요 ? 대체 뭐가 그리 불편하신지 ..? 세상 좀 피곤하게 살지 마세요 ㅋ꙼̈ㅋ̆̎ㅋ̊̈ㅋ̌̈ㅋ̄̈ㅋ̐̈ㅋ̑̈ㅋ̆̈ㅋ̤̫ㅋ̤̮ㅋ̤̻ㅋ꙼̈ㅋ̆̎ㅋ̊̈,0,자기 몸지킬 폭력 정도  자기방어가 허용 되야 된다고 등신아 <br>그리고 권투 선수들이 쌀보리 장인들이냐<br>배웠다해도 손으로 어케 잡냐<br>만화 그만보고 공부해라 잼민아,1
한자적혀있는거 보니까 중국계인데 아일랜드랑 저 분이랑 아무런 상관없는데 맥그리거는 왜 언급하는지 ㅋㅋ,0,미국도 고소하면 저 칭챙총들 잡혀감,1
"왼팔로 거리재다가 들어온 팔 밀치면서 오른팔로 턱 정확히 가격함,, 운동을 하셨거나 하고계시거나 과거에 원타치 쫌 쪼개셨던분이거나.. 대부분의사람들이 흥분해서 싸우면 주먹이 횡으로 날아가는데 사장님은 거의직선타격으로 정확히 가따꼽음",0,백인이 흑인한테 저러는이유가 다 있어  그럴만하거든,1
개시원,0,누가 인종차별 하라했냐 지들이 인종차별하니깐<br>맞는짖거리했지,1
할아버지 왕년에 고무줄좀 끊어보신듯....,0,아시아인 인종 차별은 제발 대륙계 중국인들에게만 해주세요,1
나이스 훅,0,근데 흑인들은 지들도 까이는 입장이면서 또 동양인보면 가해자 태세전환 LTE급 가장 역겨움,1
화난다ㅡㅡ,0,유 뻐킹 레이시스트,1
외국의 장점:<br>정당방위가 인정된다,0,이런거 올려줘봣자<br>갓한민국에 사는 우린<br>병신법과 ㅂㅅ판결내는<br>판새들때매 자괴감만 듬,1
그게 뭔뜻이죠 대영제국이 이슬람화 된거보니 끔찍하네요 그 악명높은 조선족이 유일하게 벌벌떨면서 무서워하는게 끝판왕 무슬림이죠,0,지하철에 마스크 안쓴 백인들 왜 이렇게 많냐.. 한심.. 쳐맞는놈들은 다 안썼네..,1
추악한 인종 차별은 없어져야 합니다!,0,흑인들 ㅉㅉ,1
웃네  사람 쓰러졌는데 인종차별 주의자보다 폭력이 더 심한거 아닌가?,0,진짜 엠비씨 저급하다. 쟤들이 우리 때렷어 근데 우리도 화나면 무섭다구~! 뭐 이런건가 빨갱이 사상 장착한 엠비씨,1
객기가 조롱거리로 되는데 몇분이구만,0,자국민이 인종차별 당했을때<br>독일 : 미친 나치같은새끼야. 죽어라.<br>러시아 : 불곰 주먹이 뭔지 아나?<br>대한민국 : 캬... 갓백인님이시여. 고소하시면 님께서 이기시며 자국민이 무시당해도 보호를 못받는게 바로 이 헬조선입니다.,1
우리가 굼벵이도 아니고... 왜 밟으면 꿈틀해... 제목 바꿔줘요,0,이게 무슨소리냐? 무슨소리긴 처맞는소리지 ☆,1
아마 당하지만은 않는다는 의미인것 같아요~,0,쟤들이 코가 크긴하지.<br>그래서 큰코 다칠수가있지,1
아무래도 평균적으론 신장이 크고 잘생긴 사람이 많다 생각하고 기술력도 뛰어나니 인기가 많죠..,0,저거 맞고 기절하면서 쇠봉에 머리박고 뒤지면 인생 끝인데 ㅋㅋ,1
이런 상황에서는 사람 때려도 된다는건가요? 인종차별도 나쁘지만 폭행도 그닥 좋아보이지 않네요,0,모든 사람은 차별받지 않을 권리가 있고<br>모든 인종차별주의자는 쳐맞을 권리가 있습니다,1
"개인적으로 영국에서 인종차별주의자 백인 떡대에게 이유없이 멱살 붙잡히고 얻어맞을뻔 한적 있을만큼 인종차별에 대한 안좋은 기억이 있지만 , 그래도 메이져 방송사에서 이런 폭력적인 대응을 통쾌하단 식으로 뉴스화한다는건 이해가 안가네요. 실망이에요...",0,일제시대부터 니네 조선족 놈들이 저지른 만행에 대해서 이야기 해볼까?중공이 대한민국과 전세계에 저지른 만행에 대해서 이야기 해보자 오키?,1
확실이 우리나란 아니구만 ㅋㅋㅋㅋㅋ,0,얌마 조선족,1
ufc를 고딩때알았으면 진작운동할걸,0,중공과 조선족은 제외 저지른 만행들이 있는데 안 그래?,1
근데 흑인들도 아시아인 인종차별 심하던데,0,퍼킹 양키,1
한국은 태권도의나라<br>까불다 맞는 영상 본것같은데 ㅎ,0,옛날부터 호로자식은 매가 약이였다,1
근데 처음에 일본 아버님 겁나 멋지시다.....,0,미국놈 한방가다,1
와 할아버지 앞손으로 상대 앞손 쳐내고 뒷손 스트레이트 미쳤다,0,미친 백인세끼들ㅋㅋ줬나맞아야해,1
요즘은 백인들의 인종차별보다 흑인들의 인종차별이 더 심함,0,진짜 인종차별 하는 놈들은 이미 머리 어딘가 나사 하나가 빠져있다,1
굿,0,깝치다 으더 맞네.....,1
우리나라에서는 가만히있는게 법을지키는거임,0,저런  개 같은것들은 맞아도 싸지 ㅎㅎㅎ,1
"백인은 아시아인,흑인차별<br>흑인은 아시아인 차별<br>아시아인은.........인종차별 했을수 있겠는데.....사례를 들어본적은 없음",0,처맞아야 정신을 차릴려나?<br>쌤통이다!,1
우리나라 사람들도 동남아 에서 온 외국인 노동자들 차별해요,0,저렇게 인종차별 시러하는 흑인도 황인 존나무시함;;;;,1
저걸 ko시키네...,0,광역 어그로 오지게 끌어대는데<br>모든인종에게 극딜 꽂혀야 정신차릴까?,1
음 흰색은 색이 아닌가요,0,민주당   문재인   피꺼솓,1
리치 거리 올때까지 기다린거임,0,니그로 새끼들껀 빼라 요즘 인종차별 불붙인게 어떤새끼들인데 좋다고 올리냐,1
Ufc로 진출시키자<br>저 두분,0,잘한다 쫌 처맞아야 정신차릴테지,1
인과응보,0,설쳐도 꼭 ㅈ밥들이 설치지 ㅉㅉ,1
보자 보자하니까 보자기로 보이나,0,ㄹㅇ 해외에서는 이래도 되는데 왜 대한민국이란 나라는 정당방위를 해도 욕듣고 특히 일단 정당방위를 한게 남성이면 또 페미들이 나대는게 나라인가?,1
어우 통쾌해 사이다다 진짜 👍👍👍,0,흑형한테 까불면 졷댄다,1
웃긴 것은 아시아계를 흑인들이 차별한다는 것이지. 그래서 흑인들이 반인종차별 운동해도 별로 와닿지가 않는다.,0,세상른 넓고 ㅂㅅ은 진짜 많네,1
요즘들어 진짜 많이 웃었습니다^^감사해요^^,0,어딜가나 저런 쓰레기들은 있구나!,1
K O 민폐는  바로 재워버리네  좀아팠겠네,0,속 시원~병신들 어휴~,1
인종차별하는건 생각이 없는거지.,0,ㅈ같은 나라라고도 하죠,1
첫 번째는 할아버지가 과민반응 한 듯,0,ㅋㅋㅋㅋ한국여경들 저기서 경찰하라고 하면 바로 내근직 가거나 사직서 제출 하겠네 아 맞다 지금도 내근직밖에 안하려고하지~ㅋㅋ,1
왜 저런짓을 하는거야. . 아놔 멍청이들,0,잘한다 더패라,1
아우 시원해,0,인종차별하는 무뇌충들 ㅋ,1
"두 번째는 그렇다 치는데 첫 번째는 왜 인종 차별임? 백인이랑 다른 인종 사이에 트러블이 일어나면 그게 인종 차별임? 그리고 모진 말 몇 마디 했다고 거기에 저런식으로 때린 것도 모자라, 옆에서 껄껄 웃는 사람들은 법치주의 국가 시민이 맞음?",0,쓰레기는 치워야지.,1
편파적인 보도만하는 mbc,0,제...병신 아닌가? 중국엔 쿵후가 일본엔 가라데...더군다나...한국은 징병제라 거의 대부분 남자는 군대에서 태권도와 특공 무술은 필수이다...,1
흑인들도 아시안 차별 엄청 합니다. 백인만 그러는거 아님.,0,야~~~~~~개 짖는소리 안나게 해라😤😤,1
아시안도 흑인 차별하잖아요 가끔..같은거죠,0,니들도 동남아 중동 차별하잖아 정작 자기 딸이 중동 동남아 남자 데려와서 결혼자금 달라고하면 피꺼솟하는 주제 내로남불 쌉오지네,1
와 ㅋㅋㅋㅋㅋㅋㅋㅋㅋㅋㅋㅋ 좀 멋지단ㅋㅋㅋㅋㅋ,0,어휴 중국땜에 이게 대체 뭔꼴이야..,1
이건 애매한 법이라<br> 판례가 중요하니 판사가 문제지,0,아니 백인 지들이 노예로 부려먹는다고 끌고 왔으면서 뭔 ㅈㄹ이야,1
우리나라였으면 경찰이 바로 폭행협의로 잡아가지...<br>정의가 뭔지 보여주네~,0,지들이 뭔데 색깔갖고 판단질이야~,1
증거는 당연히 있어야하는거아닌가요? 그건 모든 범죄에 해당되는거죠. 그리고 범행을 봤을때 제지하는거랑 일단 주먹 날려서 폭행하는거랑 어떻게 같아요. 당사자는 의로운 행동이라고 생각할수있어도 그에 맞는 책임은 당연히 져야죠. 그건 법으로 판단하고 감안해줄 문제지 본인이 판단하는건 아닙니다. 법이란게 하루이틀만에 생기는게 아니고 많은 사례들과 악용하고 남용하는걸 방지하고 최적의 법을 발행하는건데 당장에 님의 의견을 반영시킨다고 그 법이 옳다고 자신할수있나요?,0,저런놈들은 개 맞듯이 쳐 맞아야 함,1
법은 냉정하다??? 애초에 함무라비시절부터 정당방위에 대한 내용이 기록되고 해외에서는 이를 시행하는데 헬조센에 뇌까지 적응하신 당신은 받아들일수가없나보네요? 우리나라 개법은 국민을 위해 이로운점이 단 하나도없고요 당신이 그렇게 좋아하는 법은 가해자만 웃을뿐입니다 세상을 보고 아닌건아니다 하실수있는 사람이되시길,0,와우 진짜 무섭다 무서워 참을성이 없는 미친 것들 😲😱🥊🥊🤼‍♂️,1
현실 팩트 신고해도 증거 없고 누군지 모르면 신고처리 안해주고 신고하고 싶으면 누군지 찾아내라고 합니다. 그 사람이 만약 당신 성희롱하고 튀어버리면 못 찾는다 방법이 없다란 말만 들어요 법적책임??합의금?? 견찰이 왜 견찰소리 듣는지 한번만 고소하는 과정만봐도 느낌..그건 당신이 그 사람 목아지 끌고 경찰서갔을 때 얼굴이 잘 보이는 사진을 찍었을 때 통하는 얘기에요 만약 당신 성희롱 성추행하고 튀어버리면 그 어떠한 처벌도 법적책임 합의금? 1도 안 물고 신고처리도 안 해줍니다 그래도 냉정하게 생각하십시오.. 이래서 실종되도 못 찾고 이슈도 안 나는거고 납치 당하는걸 봐도 성폭행을 봐도 껴들어 봤자 쌍방폭행 사건 휘말리기 싫어서 안 본척 모르는 척하는 사람들도 생기는거죠 아무리 도와달라고 애원하고 소리쳐도 말이죠 그 사람들 욕 못하죠 법이 그런걸 우째요 냉정하게 봐야죠 데이트폭력으로 도와 달라고해도 그 누구도 신고 안 하고 쳐다만 보고 생까길래 욕 했는데 법도 냉정하니 사람도 냉정해지는 건가봐요,0,첫번째 남자 말하는거 왜이리 찌질해보임 ㅋㅋ,1
그렇죠~,0,그래도 난 중국인이 싫다.......  중국어도 싫다......   조선족은 더 싫다...........,1
요새는 흑인들이 더심하던데,0,"ㅋ,,,,저런 놈들은 맞아도 싸다!",1
내 속이다 시원 하네,0,지하철 흑형 개잘쳤네ㅋㅋㅋㅋㅋㅋ,1
쳐 맞고 기절했어 ㅋㅋㅋㅋㅋㅋㅋㅋㅋ,0,뭘 틀릴수도 있냐?<br>여기 엠빅뉴스 보는 관종들중에 눈에 불을키고<br>먹잇감 노리고 달려드는 애들인데<br>글씨 틀릴수도 있죠?있죠?<br> 너는 예외라고 생각하지마 그 채널에 그 구독자 모르냐?<br>너도 똑같은 ㅂ ㅅ;이야,1
어디를 때리면 되는거죠 ? 알고는 있어야 할 것 같아서요,0,맞는디 ㅋㅋㅋㅋ국어공부좀 해라 토나오네 으 틀딱소리,1
오메 속시원해  홧팅,0,무식통통 쉴드치는 ㅂ ㅅ;,1
대부분 저런 사람들 정신 질환 환자들인데.. 불쌍하다.. 막상 통쾌하다고 욕하기 보단 치료와 도움이 필요한 사람들이라 생각한다..,0,잘못쓴거지.  딱보면모르냐.  너 군대있을때 고문관이라  졸나게맞았지.,1
동석이형 한테 하면 ㅗㅜㅑ,0,근데 요즘보니깐 흑인은 조롱당해도 됨 왜냐? 지들도 동양인 존나게 비하하거든ㅋㅋㅋ,1
1분18초에 점원이 그곳을 차서 기절한거임,0,저놈 병원에 가서 ㄲㅊ 깁스했을걸요.,1
할아버지 개멋있네.. 저런 나이에 상대를 한방.. 저런 인종차별자들 맞고 쓰러지고 일어나서 무슨 생각했을까?,0,그래도 때리면처벌받는데 조선법은,1
두번째는 창피해서 못일어나나,0,케이팝도 잘나가는건 아시아쪽 한정 ㅋㅋㅋㅋ 서양에서 한국문화는 찐덕만 빨아주는 씹덕문화인데 ㅋㅋㅋ,1
첫번째 자세만봐도 배운 사람인데 무시하고 덤볐다가 원펀치다운 ㅋㅋㅋ,0,병신을 상대하기 위해 병신으로 변하는 마인드 칭찬해,1
"가끔 돌머리라서 턱때려도 안먹히는 경우가 있는데 <br>그럴때는 옆통수나 눈썹 부근,옆목처럼 뼈가 약한데나 <br>귀처럼 청각손실을 일으키는데를 때리는게 좋긴하지요",0,픽쓰러지는거 존나신기하네ㅋㅋㅋ,1
턱맞으면 뇌 흔들리면서 몸에 힘이 풀려요. 코 맞아도 비슷함,0,이거보고 급식들 기절놀이 유행각,1
원래 사람들이 원펀치로 기절하나요?,0,존나신기하노,1
Yes<br>통쾌하네요,0,"근데 보면 우리 동양인들은 많이 참는거 같음<br>누가 공격하고 그러면 바로 공격해서 맞대응 하는게 맞는데 계속 때려도 아무 대응도 없으니 백인, 흑인들이 우습게 보는게 큰거 같음.<br>인종차별 하는 백인, 흑인들 보면 뚝배기를 깨버려야함.",1
........주륵.......,0,그게 아니라 그냥 못때리는거임 운동 안한 새끼들도 서양인들이 동양인들보다 우월함.,1
시원하게 잘 꽂내...<br>운동 신경 좋내~~~,0,짜장은 빼  마봉춘아,1
나만 마스크 안쓴거 걱정되나..큼..너무 코로나에 쪄들어있었던듯ㅋㅋ,0,인종차별자 라고 하지마셈 인종차별놈,1
ㅠㅠ 얼른 백신 맞고 싶네요 ㅋㅋ,0,아 저런거말고 쳐맞고 살려달라고 빌빌기는거보고싶다,1
아 고등학생 이시구나~<br>아마 미성년자분들은 더 기다려야될꺼같네요.<br>미국에서 먼저 맞아보고 부작용들 검토해서 맞을꺼같아요. 아무래도 미성년자는 접종관련해서 더 예민하게 생각할꺼라...,0,"우선 스가총리, 시진핑, 미얀마의 전두환 과 광주살인마를 넷다 모조리 분쇄까지 합시다!!!",1
나이가 안돼요 ㅋㅋ 지금 접종 하고 있는건 30세 이상만 예약받고 접종 하던데 고등학생은 언제될지 모르겠네요 ㅋㅋ,0,페미들이 좋아하는 백인 남성,1
언넝 백신들 맞으세요....ㅋ<br>전 화이자 1차까지 완료,0,그게 뭔 듣보잡 국가노,1
하지만 대한민국도 <br>인종차별있다는거,0,잼민아 그건 니생각이구 우유나 더먹엉 강한사람은 시비안검이래 ㅋㅋㅋ귀엽누,1
지역차별 인종차별 차별의 황제,0,그럼 그런 마인드로 살아ㅋ,1
속이 시원합니다.,0,기절시키면 어카냐…<br>저기서 더 멍청해지면 어쩔려고..,1
속이다 후련하네 1억2천만년 묵은 채증이 내려가는 느낌이다,0,대한민국 법에 싸대기는 폭력이 아닙니다. 싸대기를 날리세요,1
배운 사람은 인종차별안한다,0,한인상점 약탈니거랑 여경부터 없애라,1
저렇게 인종차별 하는 사람들은 도대체 어디가 그렇게 우월하고 좋길래 저런 행동을 하냐,0,중국 때문에 아시아인 혐오 진짜,1
아니 제목부터 잘못됐잖아..우리도 꿈틀이라니..인종 등급이 있다는거냐,0,헛소리 하노 조선족이냐,1
씁쓸하다,0,무림고수을 건들이면 다 w되는것야,1
때릴 때  내 속이 다 시원하네,0,한녀들은 맞을만 하잖아 갓양녀들은 남혐 안한다고... 오죽 우리나라는 옛날부터 &quot;계집은 3일에 1대씩은 맞아야한다.&quot; 라고 조상님들이 말씀하셨겠어,1
인종차별당하는 흑인보고 불쌍햇는데 흑인이 동양인한테 인종차별하는거보고 생각 싹사라짐 그냥 똑같음,0,언냐...아픈거 티 내지말고 더 심해지기 전에 빨리 병원이나 가보자ㅠㅜ,1
백인도 백색 민족입니다.<br>유색 인종이란 말이 이해가 안되네요...,0,크 시원하다 동양인이라고 무시할땐 저렇게 본때를 보여줘야 다시는 안그러지 쌤통이다ㅋㅋ,1
국적법 통과되면 중국인도 우리의  국민입니다,0,현실은 저렇게 나대다가 쳐맞고 ㅌㅌ,1
중2병이 늦게 왔나보죵,0,미국애들은 누가 주머니에.총 넣고 다니는지 모르는데.왜 저렇게 시비 잘검?<br> 깡이 대단한건가 생각이없는건가? 저러다가 상대방 빡쳐서 총꺼내가지고 갈기면 어쩔라고,1
근데 마스크 어디 갔냐 ㅋㅋ,0,쓸모없는 한국 여경들좀 짤랏으면,1
인종차별은 나쁜것이다그러니...... 맞기전에 그만^^,0,퍽하면? 털썩,1
난 아시아인이 타인을 넉아웃시키는 영상은 처음 봄,0,저거 한국이였으면<br>피해자:찡찡찡 저 할배가 나를 때렸어요 ㅠㅠ<br><br>법정:오케이 할아버지 벌금 내세요<br>???,1
왜 피해자들만 마스크 쓰고 있냐 참.. 역겹네,0,일단 쓸모없는 한국여경부터,1
제목에 꿈틀한다는 약간 뭐랄까 벌레같다는 느낌이 있네요,0,북한여경은?,1
참 인종차별이란건 100년 1000년이 흘러도 절대 없어지지 않을거 같다,0,저거밖에 안뒤졌나 그냥 전라도에 핵 하나 떨구면 안됨?,1
흑인들은 자기들이 그만큼 인종차별 당하면서 그대로 하고 다니네...,0,"골령골 감추어진 진실 -- 한국 현대사는 상당히 잔인합니다 , 더이상 진실 따위가  의미 없다고 보는게 맞습니다 ,<br>♧ 이승만 대통령이 315부정선거의 책임을 지고 , 대통령직을 하야한후 하와이로 2주간 여행을 떠납니다 ,<br>그당시 국민들은 상상외로 이대통령의 하야를 굉장히 기쁜 마음으로 받아들였다고 합니다 <br>--&gt; <br>그 여행을 경향신문과 동아일보는 망명으로 호회[속보] 발표를 해버립니다 ,,<br> 그후 그는 다시는 대한민국에 돌아오지 못하게 됩니다 ,<br><br>이승만의 하와이 여행을 , 경향신문과 동아일보는 망명으로 호회[속보] 발표를 해버립니다 ,,<br>잘알다시피 두 언론사는 라도계열 입니다<br>°° 그는 다시는 대한민국에 돌아오지 못합니다 , <br>그 후 40년이 지나 이번에는 노무현대통령도 같은 방식으로 당합니다 <br>&lt; 라도들을 배반한 댓가라고 합니다 &gt;<br><br><br>야 라도들아 니들이 박양이 땅바닥에 글쓰고 있을때,  득달같이 달려들어 그 용안에 면도칼[ex 탄핵] 로 줄그은거냐 , 왜그러냐 진짜 , <br>시집도 못간 처녀의 얼굴을 면도칼로 쓉창 내서 가막소에 가두어 버렸으니 이거 어뜩하냐 <br>ex 추미애 朴탄핵과정 공개   ㅋㅋ<br><br>&lt; 민주당과 국민당의 권력교체시점에서 &gt;  ♧ 담배값 인상과 가덕도 신공항 건설 <br>♧ 윤석열 대권도전과 공수처 수립 허용 <br>--&gt; <br>이렇게 양당이 서로 싸우면서도 , 아무 어려움없이 이권을  주고받는 과정을  암호화폐 라고 합니다<br>°° k방송에서는 이권교환 가능방법을 4가지[4생물] 로 제안하고 있습니다  <br>ex 위안부 판결   ex 델타변이 ex 수술실<br><br><br>2020년 4월29일, 경기도 이천 물류창고 화재 , 38명 사망 <br>--&gt; 이 사건 때도 분명히 안전요원이 있었습니다<br>°° 쉽게 말해 기업입장에서 돈이 안되니까 안전을 완전히 무시한거 뿐입니다 ,<br>♧ 이정도 작업은 서류따로 , 작업따로 하는게 관행이라고 합니다 , <br> 언론에서도 너무 잘알고 있는 내용들 입니다 ,<br>°° 이걸 경찰들이 압수수색 한다고 합니다 ,<br><br><br>이번 광주 건물 해체 사고도 , 비정규직  작업자가 아침먹고 나와서 , 앞에 도로가 있나 없나 누군가 설명도 안해주니까 ,<br> 그냥 <br>보이는 벽면부터 때려 부수다가 바로  건물이 넘어가서 도로 뻐스를 덮친거 뿐입니다 <br>°° 그 일용직 근로자는 해체 계획서가  있다는 것조차도 아예 모른다니까 ,<br>현장에서는 그런 서류 보여달라고 하면 오히려 욕 쳐 먹습니다<br><br><br> 광주해체건물 사고는 [1]하도급 문제와 [2]해체비용문제이지 , 언론방송에서 방송하는것 처럼 , 안전계획문제는 아닌거로 보입니다 <br>♧ 하도급 문제는 정부책임인거고 , 해체비용문제는 경제를 망친 언론 책임이다 <br>--&gt; <br>언론방송이 강조하는 내용처럼 안전만 따지고 있다면 비용을 절대 감당 못하게 됩니다 <br>&lt;  방송은 그 어떤 내용이든 간에 , 보도된 방송에 책임을 지지 않습니다 &gt;<br> <br><br>☆ 민주당은 2014년도 박그네정부때 , <br>담배값 인상은 전혀 반대도 안하고 , 유야무야  <br> 동의를 해준거라고 합니다 <br>자신들이 사용할 세금이란것을 분명히 알았다는 것입니다 <br>// 그 보답으로 문정부는 지난 4.7 보궐선거때 부산 가덕도 신공항 건설을 미필적 고의에 의한 처리를 해준거로 확인됩니다 <br><br><br>모든 정책을 일부러 실패하고 그 책임을 <br>관행적 [비리]에 전부 전가를<br>시킨다는 것이다<br>[ex] 부동산 정책실패 책임 --&gt; LH개편  <br>[ex] 세종시 투기 --&gt; 특별공급 폐지<br>[ex] 교회내 이단박멸 책임 --&gt; 먹사들의<br> 교회세습 <br>[ex] 검찰개혁 --&gt; 공수처를 만들어도 <br>항의하는 국민들이 없다<br>[ex] 각종 사회문제 --&gt; 지침 美숙지<br><br><br>&lt;  그날&gt; 이후  그 지역인들이 택한 복수는 ?? [1] 국민당 경선 , 일본 올림픽 등을 그 이단관리 종파들의 아주 독단적인 ,활동재개로 방송한다 [2] 그 범죄가 매우 심각하여 ( ex 교회권력세습 )  검사들과 공수처가 기싸움을 하다가 , 이단방역 실패에 가장 큰 책임이 있는 각 교회  담임먹사들의 먹아지를 뚫어버리고 교회를 차지한다고 합니다 ,<br><br><br> [3] 교회뺏기에 성공한 그 이단관리  종파를 백신 으로 소개한다 --&gt; 철광석 개발[교회확보]등으로 방송한다 <br>[4] 교회뺏기가 어려울때마다 , 과거사 위원회를 이용하여, 각 교회의 담임먹사가 친일파와 독재세력임을 경고한다 --&gt;  ex 후쿠시마 오염수 방송 <br>[5] 다시 새로운 그 이단관리단체들의 움직임을 소개한다<br>ex 국민당 대표 돌풍 , 윤석열 대권도전<br><br><br><br>[1] 국민당 경선을 그 이단관리 종파들의 <br>활동재개로 방송한다 <br>[2] 그 범죄가 심각하여 ( ex 군대내 성추文 = 교회포교 )검사들과 공수처가 기싸움을 하다가 , 이단방역 실패에 가장 큰 책임이 있는 각 교회  담임먹사들을 뚫어버리고 교회를 차지한다고 합니다 <br> [3] 교회뺏기에 성공한 그 이단관리  종파를 40년전 총검기능의  철광석 개발로 방송한다<br><br><br>지금 문정부나 언론방송에서 보도하고  추진하는 모든정책들은 , 기본적으로 , 권력장악과  종교적인 목적에 두고 있다고 합니다 ♧  구름타고  오신다 --&gt; 언론방송을 이용해 각 교회에 잠입한 간악한 포교관리자들을 심판하면서 나타날이다 ex 각종 (교회내) 권력세습 처벌 --&gt; 이 책의 예언의 말씀을 (표) [인봉]하지 말라 때가 가까우니라<br><br><br>지금 문정부나 언론방송에서 보도하고  추진하는 모든정책들은 , 기본적으로 , 권력장악과  종교적인 목적에 두고 있다고 합니다 ♧ 이에 반해 보수측에서 대부분의 사람들은 [일반적인 상식]으로는  이러한 일련의 작업들을 전혀  이해할수 조차 없기에 , 차라리  &lt; 사회주의 정책&gt; 으로 정리하고 반대하고 있다고 합니다 <br>[ex] 종합부동산세  , 도시재개발 등",1
18세기 흑인은 사람이 아니라고 하던 놈들인데 그리 쉽게 바뀔리가. 근데 한국도 인종차별 좀 심한 것 같다,0,"광주,그 곳은 어떤 곳일까?",1
아무리 인종차별때문이라지만 공영방송에서 폭력의 현장을 장려하고 지지하는 듯한 영상을 보여주는 것은 적절치 못하다. 엠비씨는 당장 방송 내려라.,0,"리틀 쭝꾹답누 ㅋㅋㅋㅋㅋㅋㅋㅋㅋ <br>빨랑 그 건물한 설계자,건설한 사람들 제발 <br>처벌해라",1
"턱에 잘못 맞으면 뇌가 흔들려서 기절한다고 더파이팅에서 본적있는데 첫번째 영상은 재수가 없었는지, 계획적인거지 턱에 제대로 꽂았네",0,탁핵감 아니냐?,1
그런데 아시아계를 집요하게 인종차별하는 게 인종차별을 끔찍이 싫어하는 흑인들이라는 거.,0,중궈 미개하다고 욕하더니 중궈랑 똑같구만,1
폭력을 정당화 하시는건가요?,0,재인아 뭐하냐,1
다똑갔은 사람임니다. 오히려 차별하는 사람이 이상한인간 임니다.,0,아 씨 ㅡ 중국이냐 ㅡ개떡같이 사람죽게 ㅡ정치좀 제대로해라,1
유색인종이란 말도 솔직히 맘에 안듦<br>색깔없는 피부를 가진 사람은 아무도 없다,0,주민이 위험하다고 분명  민원 넣었어 <br>처 노는 공무원이 탁상행정 해서 저런 사태가 온거야 백프로 장담하지<br>우리나라 공무원 쓰레기 새끼가 뻔하지 뻔해 모르쇠 일관했을끼야,1
님 이야기가 맞건 틀리건 여경 이야기를 해외 인종차별 영상에서 도대체 왜 꺼내는거에요 분탕질좀 그만하세요,0,문재인의안전한나라가이런거다.가장안전하게저승가는나라<br>더부러성폭행당광주안가냐?<br>문상가야재?재인이는여행중이라못가고?문재인만움직이면사고가나냐?가장안전한나라<br>대책을세우면뭐해?또대책세워야재?,1
법으로 해결해야지 주먹질하는거를 뉴스는 또 무림의 고수들이니 뭐니 치켜세우는 꼬라지하고는,0,우리 문대통령님께서 드디어 중국몽을 실현하셨네요 훠훠훠 ~,1
그와중 마스크 안쓰고 다니는 사람들 많네,0,문재인은 진실을 밝혀라! 사퇴해라,1
동남아 남자가 잘생기면 상관 없지 않나 동남아 남자라는 이유로 차별하는게 어딨냐... 못생기면 자국민도 차별하는게 한국인데...,0,"그 와중에 중국?ㅋㅋㅋㅋ.  <br>자 이젠 중국 탓으로 돌리겠지? <br>한국이 잘하는거, 불리하면 머든지 중국 탓 . <br>뻔하죵^^”",1
이게마따,0,네다음 중공간첩~ 중국이 싫은게아니라 중공이 싫은거~<br>아 이와중에 중국이 나오는거자체가 얼마나 이미지가 안좋고 패악질을 많이했는지 생각보면됌,1
가죽색깔만다를뿐 같은 인간이다.,0,청와대가 재난 컨트롤타워 주장하던 우리 재인이 어디갑소?,1
먼지보다 작은 지구에서 <br>같은 호모사피엔스끼리 차별 좀 하지마라.   <br>외계인이 보면 얼마나 한심하겠냐,0,전라민국 7시,1
우주크기에 비해서 태양계가 먼지보다 작다는 말이임,0,재앙이 끝을 모르네,1
먼지보다 작다는건 또 뭔소리여….,0,몇명 안되네 ㄲㅂ ㅋㅋㅋ 광주애들은 저래도 싸다  북한이랑 한편먹고 폭동 일으켰는데    군대투입해서 안막았으면 전라도지방 북한에 다 넘어갔음 ㅋㅋ,1
ㅋㅋㅋㅎㅎ,0,라도라니 그리 놀랍지 않구나<br>중국이랑 뭐가 다른지,1
모든인간은 아프리카에서 시작되었으니 모두가 똑같다,0,ㅋㅋㅋㅋ눈막귀막 대깨문충ㅋㅋ,1
저건 ㄹㅇ이다,0,네다음 대깨문ㅋ,1
그래도 인종차별 격멸하는 영국민들이 많네요<br>👍 👍 👍 👍 👍,0,ㅋㅋ정치 관심 ㅣ도 없는 고삐린데 좌파 이지랄ㅋㅋㅋ,1
인종차별하지맙시다,0,욕하고보니 중국이 아니었네,1
애초에 유색인종이란 말이 뭐냐...쟤네가 무색이지...,0,재이니는 철거시간동안 뭐 했는지 낫낫히 밝혀라.,1
아니 두번째 사람은 진짜 죽은거아니냐?,0,헬조선 맞음ㅋㅋㅋ 헬조선은 중국화 되가는중ㅋㅋㅋ,1
여러분 실제로 저렇게 턱 처서 녹다운되는 거 매우 위험한 거 아시죠?,0,문재인 탓이다,1
무서운 나라,0,한국 건설노동자의 90%가 중국인외국인. 책임자도 대부분 중국인. 영상에서만 보던 황당한 사건사고가 이제 시작되고있을뿐...,1
저런 꼴통을 만났을때의 상황을 대비해 단 일격을 준비하지 읺았나 싶음<br>양아치들은 항상 상대를 깔보고 위협할 줄만 알지 지가 맞는디는 생각을 안함,0,아...생각을 해보니...우리나라 현대건물은 중국인의 손에서,1
그렇네요 헐 못봐따..,0,문재앙이 끊이질않네..,1
근데 기절했는데 왜 눈이 떠있냐 신기하,0,와 씨발 욕밖에 안나오네,1
"피부로 차별당하는건 흑인이지<br>동양인은 외모, 성격, 체격 등 여러이유로 차별당한",0,중국의 어느 도시인가 했네~?!💥💥💥😭😭😭,1
인종차별도 할꺼면 감당가능하면 하세요...,0,중국은 5층건물 들어서 옮기고<br>우리나란 겨우 5층건물 철거하다 사고나고<br>한국이 한국했다,1
소란이라하지말고 난동이라고 해야지 소란은 짜증나지만 호감가는 어지러움또는 어지러운일인데<br>첫번째영상은 모르겠지만 두번째영상은 시원하다.<br>소음은 짜증나지만 호감가는소리다. 갱스터는 조폭(組暴)인데 갱스터 즉 조폭(組暴)을 욕하네,0,님한테 우리나라는 중국공산당이잔슴 헷갈리면 안됌,1
폭력은 폭력으로 응징하라는 깊은뜻을 알려주는건가,0,문재인은 진실을 규명하라!,1
그래도 &quot;폭력은 안되요 ㅠㅠ&quot;<br>라고 얘기하고 싶지만 맞는 순간 통쾌하다 ^^,0,이것도 경상도 사람들이 무너뜨린거임?,1
"우리나라는 주먹보다 서류가 무서운 나라임 ㅋㅋ<br>한국에서 까불어대는 외국인들 ,<br>각종 소송 먹이고 추방시키는게 제일 좋다.",0,으휴 ㅉㅉ,1
참을 수 밖에 없지 체격부터 차이나는데,0,중국에서 볼수있는일이....ㅡㅡ,1
이것이 인종차별자의 수난시대다...,0,뭐고 중국도 아니고 이게 무슨 일이고!!,1
제발 싸우지 마라;; 운 안좋으면 니가 오히려 체포된다...,0,니런 상<br>이런 개떡같은경우가 있나,1
분이 안풀렸나봄,0,한국 ㅉ ㅋㅋㅋ,1
인생사 부메랑 인데...😭🤫,0,갈수록 그나라 닮아가네;;  모쪼록 무사하시기를 ㅠㅠ,1
일론머스크는?,0,하여튼 뭐만하믄전라도네. 쪼맨한놈들사고치는것도라도<br>갓난쟁이들 죽이고 학대하는것도 라도<br>뭐하나 좋은구석이없는 냄새나는동네,1
우리나라도 마스크 안쓰는경우 종종봄,0,무슨 중국이가? 관련자들 사형시켜라. 도둑놈들,1
상대가 날 동양인이라고 무시한다면 마스크를 내리고 기침을 해주자,0,하여튼 전라도는 ㅉ,1
광주 5층 건물 붕괴 피해자분들과 같은 무고한 희생이 없도록 더욱 안전에 대한 경각심을 일깨웠으면 좋겠습니다. 피해자 유가족분들의 마음 모두 헤아리긴 힘들겠지만 힘내시라는 말 드리고 싶습니다. 힘내세요.,0,처음 뉴스 접할때 중국인줄...,1
성수대교 붕괴<br>삼풍백화점 붕괴<br>대구지하철 화재<br>세월호 침몰<br>광주 건물 붕괴 ..<br>제발 무고한 사람들의 희생이 없는 <br>세상에서 살게 해주세요 ....,0,여윽시 광주 ㅋㅋㅋㅋㅋㅋㅋㅋㅋㅋㅋㅋㅋㅋㅋㅋㅋㅋㅋㅋㅋ,1
하나님 제발 무고한 사람들의 희생 다시는 <br>반복되지 않게 해주세요 ... 제발,0,중국 뉴스인줄 알았는데 ㅡㅡ,1
응 한국 또 윗선 무죄~,0,여기가 중국이냐? 진짜 부끄럽다.,1
문제인정권 국민안전위해<br>안전청 을 세워놓고 그안전청에서는 뭐하고있나요,0,중국은 아닌데 비슷한 전라도,1
나 광주 사는데 내 친구 저기 지나가다 죽을 뻔 했음;;;;,0,부칸이테레 주범,1
다들 무사하셔야 하는데,0,맨날 화물차사고에 실종에 붕괴사고에 .. 후진국이지. 시민의식도 개판. 나라도 개판. 일본좀 보고 배워라,1
내 학교 근처인데......,0,요즘정부도 개판5분전인데 이런 인명피해라니..에고,1
와..사고난거 처음 인터넷에서 스치듯 봤을때 순간 외국에서 십여년전쯤일어난 사고사진같은건줄알았는데 바로엊그제일어났던 사고였던거 알고 진짜너무놀람,0,코로나...때문에 나라가 짱꼐화 되어가냐......ㅅㅂ....,1
삼풍백화점 생각나네,0,우리나라도 점점 중국처럼 되가는구나,1
공사중인 건물 피해가면 보도 옆에 안지나가려다가 도로로 가게됨 그러다가 차랑 사고 나면 나만독박씀ㅋㅋㄱㄱㄱㄱ,0,중국도 아니고 한국에서 이런일이...,1
요즘 들어 왜 이리 사건사고가 많은지ㅠㅠ<br>건설 업체 분 뭐하시나요?,0,라도 아니랄까봐 버스 통수를 후려쳐버리네,1
정말 있을수없는 일이다 ㅠㅠ,0,중국 욕한던 조선놈들  ㅎㅎ 전라도가 전라도 했네 쪽팔려,1
후진국가에서  일어나는  건물 붕괴사고  언제쯤  없어질것인가  이나라곳곳이  문재  국고돈쓰는건 1위  세금도 1위  정상인건  0도없다,0,빨갱이들 싸그리 착해지누~,1
버스정류장이라면서 버스에 타고있는 사람만 있었던게 확실해? 정류장에 한명도 없던게 확실하냐구,0,야 !!  나는 중국인줄 알았다...  아니 중국도 저런일은 없겠다  아우 ~~ 진짜..,1
이게진짜 2021년도에 있을수있는 일입니까??? 온몸에소름돋는다 고인의명복을빕니다....하,0,중국몽 실현 ㄷㄷ,1
2021년에 이게 무슨 어이없는 사고라니...,0,공무원들 일 안햇네 앉은뱅이 마냥 세금 받아 쳐 먹엇네,1
"국회의원 시의원들을 저자리가서<br>행사장 이,라 하고 시시덕거리며<br>자기일 아니라고 쳐웃어싸고<br>참 안타까운 현실이다  니가족들이<br>저렇게 됫어도 행사장 이라하고<br>시시덕거리며웃고 기자들잇다고 <br>웃지말라고 할래   그자리잇던의원 시의원 당신들은 자격이없다 광주시민들은  저런사람들을 밑고<br>선택해서 참 안타깝다  저사람들에게 철퇴가 내려졋으면한다  고인의명복을빕니다",0,어처구니 없어서 여기가 중국인가,1
과거는 되풀이 된다더니 또 다시 이런 참사흘 만들어내다니 대단하다 대한민국,0,광주깽깽이 ㅋㅋ 축하함,1
그래서  저 건설사  어디예요??,0,이게 머야..중국뉴스가 아니고 대한민국뉴스라니ㅡㅡ 저게 가능한가,1
나도 현정부 싫어하지만 어떻게 그게 문재인까지넘어가냐 ㅋㅋㅋㅋ해도해도,0,이거 처음 들었을때 중국인주 알았다 <br>2021년도에 건물철거하다가 차량매몰... 실화냐? <br>역시 안전후진국 다시는 선진국이라는 말쓰지마라,1
와 시내버스 덮친건 진짜.... 아예 무방비상태에서ㅠㅠ,0,중국2중대잖아요 중국북한처럼돼봐야타령안하지,1
와 상상이나 하겠나 저거 뭔 개죽임이고,0,아니 무슨 중국이야?,1
나라에 힘든일이 많네 ㅠ,0,삶의 가치라곤 0.1프로도 없는 ㅅㄲ,1
대박 이런 재수 드럽게 없네,0,아가리 닫자 냄새난다,1
아무도 다치지 않고 무사히 구조되길 기원합니다.,0,무늬만 선진국 만들다보니 안전불감증이 도져서 이렇듯 매일이 사건사고 재난화재로 뉴스에 뜨는구나. <br>경이로운 문재인정부 아래서 유명을 달리하신 모든 분들의 명복을 빕니다,1
국가적 망신,0,광주는 중국입니다,1
저광주세사는대 무섭네여 ...,0,"ㄹㅇ 중국도아니고 이런일이,,",1
"해당 건설사, 공무원 강력처벌해라",0,중국광주시? ..대한민국에서는 일어날수없는일,1
검물 지을때  감리사가  중죄지...?   ...^^,0,저짝에 여행할때 생명보험은 필수랑게,1
"아직도 우리나라에 이런 후진국스러운 사고, 재난이 끊이질 않는다는게 너무 안타깝습니다.",0,대선주자들 달려가시겟네,1
세월호랑 다른게 뭐냐 진실을 밝혀라,0,중국 따라하냐?<br>좋은것만배워라,1
재난에 대통령은 뭐하고있냐,0,어메 인민공화국이 웬일이여 폭동의 도시가 폭싹 내려안잤네잉,1
오늘 저기 지나가고 5분뒤에 바로 사고 났습니다. 원래는 건물 반대편 기둥을 뿌셔서 그쪽으로 넘어 트리려는 거였는데 반대로 넘어갔다고 하더군요. 진짜 인생 덧없다는 것을 느낌니다. 만약 내가 오늘 약속에 지각했더라면... 아마 제가 저기 있지 않을까 라는 생각도 합니다.,0,안잤ㅋㅋㅋㅋㅋ지역감정 조장전에 공부나 하는건 어땡?ㅋㅋㅋ,1
ㄹㅇ 개판이네 댓글,0,지역감정 ㅎㅇ,1
댓글모음 가관이네 ㅋㅋ,0,조선족 ㅎㅇ,1
지금은 2021년 입니다.,0,우리나라도 중국 뭐라할 처지는 아닌거 같은데 부실공사 ㅈ같네,1
경기도? 전라도? 어디광주요?,0,중국놈들 욕 하지마라<br>도찐개찐이네,1
명복을 빕니다 국민은죽어요 경찰의 고소장 손괴를 뇌물수수도 300만원 허위의 수사기록도 계속 재탕으로 이어지고 있습니다 국민은죽어요 간청합니다 긴급점검 조치해야 합니다,0,일본의 건축 기술을 보고 배워야 합니다 한국은 후진국이라 집도 못 짓습니다 한국 사람 착해졌습니다 일본을 본받으세요 다시 식민지배 받으면 착해집니다?,1
어떡하냐.....ㅠ 버스가 저렇게 찌그러졌는데 살아 계신게 기적이다 정말... 인명 피해는 없었으면 하네요🙏,0,그저 K,1
철거 업체 안전조치 하나도 안하고 한거같은데,0,??? : 중국은 갑자기 건물이 무너지냐ㅋㅋㅋ,1
중국을 맨날 욕하더니 부실공사는 여기 있엇네 ㅅ,0,아... 중국인줄 알고 신났는데<br>한국이였네,1
중국 욕할일이 아니네,0,경상도욕하는 새끼=전라도욕하는 새끼,1
무사하시길 기원합니다.,0,ㅄ 조선족이냐?,1
사람만 무사했음  좋겠네요,0,광저우 빨갱이들 잘됐다ㅋㅋㅋㅋ,1
부상자들  어서완쾌하기를바라고  아무리부실공사라하여도   어떻게  이런악몽이~~<br>도대체  사회는온통   부실공사투성이네요   정말   믿을수있는곳이없네요,0,조선족은 본인이였고ㅋㅋ,1
21세기에 이게 뭔일이고.... ㅜㅜ 모두 구조 되셨으면 좋겠습니다...,0,광주는 민주당 지지자 조선족들 본거지잖아ㅋㅋ,1
엥 당연히 중국이라 생각하고 왔는데 ㄷㄷ,0,대통령도 조사해야하지않나요??,1
중국 아니네..,0,대가리 깨고 싶누 ㅋㅋㅋㅋ,1
쌍팔년도에도  불가능할일이 ...,0,번역기라 뭔말인지 모르겠다 니가 쓴 일본어 다시 한국어로 번역해봐 ㅋ 너도 그 한국어 무슨 말인지 모를걸 ㅋ,1
?????난또 화질이 안좋아 옛날에 있었던거 보여주는줄 알았더니 뭔일이야,0,진짜 무섭다 이런곳에서도 저지랄이네..일부러 찾아오는거임?진짜 지역감정 그런게 아니라 개념이 없는것 같애ㄹㅇ..,1
기 억 좀 하 자 안 전. 쓸데없는 기억하지말고,0,머리가 장식인게    분명하군 ㅋㅋㅋㅋ,1
인명피해없기를.빕니다,0,네! 그래서 당신같은 전라디언들 사람취급도 안해요!,1
모두 무사히 구조 되었으면 좋겠습니다.<br>제발~!,0,믿을엄마가 있어야지 ㅋㅋㅋ,1
진짜 인생 앞길은 한치 앞도 볼 수 없구나<br>저렇게 죽으면 얼마나 억울할까,0,415총선 무효 니가 미얀마 군부랑 다른게 뭐냐,1
이런일좀안생겻으면 좋겟다 진짜..모두무사하시길빕니다...,0,일본은 곧 침몰 할 곳이니 건물이라도 잘 지어야지;; 방사능이나 먹고 빨리 뒤지시길^.^ <br>日本は歴史を見ても嫌い。 着物もモップが着なのに、それを伝統的な服というのも嫌いだと思う。,1
저런거보면 아직 후진국. 바리게이트 하나 없다니.,0,역시 한국인은 중국 문명의 일부 다.,1
제목 안봤으면 중국이겠거니 했을듯..다들 무사히 🙏 구조되길,0,중국인줄.... 아..,1
헐... 건물이 무너졌었구나...ㄷㄷㄷ<br>그래서 버스매몰자라고 나온거였구나.<br>어쩌냐 밑에 사람들 살아나와야할건데,0,경상도욕하는 새끼=전라도욕하는 새끼=대구욕하는 새끼,1
참 안타깝네요..,0,광저우 중국도시 맞음ㅋㅋ 아 북한도신가?,1
건설업 면허 대여 단속해야 함,0,아직 죽은 사람 없다 등신아,1
걱정이네요 다친사람 없어야 할텐데,0,구독수올리려고 발악하네,1
저런개죽음..,0,???: 아...지구 이세키 모공 ㅈ1ㄴ 넓네,1
대체 철거를어떤식으로했갈래...ㅉㅉㅉ,0,잼민아 발닦고 잠이자 자라,1
"요즘은 횡단보도에 서있거나 건물 1층에 있어도, 버스나 차안에 있어도 죽을 수 있는 위험한세상",0,중국은 도로도 가짜네,1
사실 우리는 늘 죽을 위험에 처해있는거지<br>그 확률히 매우매우매우 낮기 때문에<br>우리가 두려워하지 않는 것일뿐!,0,중국은 진짜 장난아니고 전국에 씽크홀 오백만개는 생겼으면 좋겠다<br>천벌받어야됨,1
전라도광주냐?  경기도광주냐  ?,0,중국얘기 안궁금하니까 작작넣어라,1
제발.. 인명피해는 없길 바랍니다....<br>그리고 어떻게봐도 저건 인재네요.,0,중국이 중국했다,1
돈독 오른 재개발업자들이 무리하게 공사를 진행해서 사고가 났다 재개발허가내준 공무원부터 모두 조사해야 한다,0,MBC 삼행시 간다.<br>M:money <br>B:broadcast of<br>C:china<br>해석하면 중국에서 돈받으면서 중국소식 보도하는 방송국,1
뭔일야  이거??,0,중국수준. ㅋㅋㅋ,1
이게 뭔일이야;,0,이재은 아나는 이게 정답인데 밯ㄱ은 웃음과 예늘적인 뭐랄까...요즘 맨날 뉴스에만 보니까 딱딱한 얼굴이 인이 박혀서 예전 예능감 다 잃어버리겠구먼 ㅎㅎㅎ,1
이따구인 나라가 중국 욕을 할 자격은 있는가싶네,0,그냥 관종,1
진짜 아침 6시부터 소음공해 발생하는데 미칠지경입니다. ㄷㄷㄷㄷㄷ,0,일베 죽어라 메갈 만세 ㅋㅋ,1
절대 징벌적 손해배상을 확대하지 않는 이유<br>이렇게 서민들 죽어도 민사로 몇푼이면 끝낼수있으니,0,저게 민망하다면 너는 대깨문,1
참 어이가없는 사고다...,0,전라도는 볼 수 없는 댓글입니다,1
빌고 빕니다.<br>무사 하시길. . .,0,역겨운 엠빅 ㅉ,1
아니 ㅋㅋㅋㅋㅋ무슨 100층짜리 건물 짓는것도 아닌데 하다못해 롯데타워도 120층이 넘는데 무너진적도없는데 얼마나 개판으로 관리했으면...,0,"대깨문들아,,,느그들이 좋아하는 스타벅스도 신세계계열이여...ㅋㅋㅋ 느그들이 이거 안먹고 배긴다고??? ㅎㅎㅎㅎㅎㅎㅎㅎㅎㅎㅎㅎㅎㅎㅎㅎㅎㅎㅎㅎㅎㅎㅎㅎㅎㅎ",1
짓다가 무너진게 아니라 철거하다 무너짐,0,전라도는 볼 수 없는 댓글입니다,1
유튜브각 ok,0,조선족 먹이금지,1
살기힘들거 같은데.....<br>그래도 한명이라도더 무사히 구출되면좋겠네,0,달빛창녀단 들한테 욕먹는다=인생 잘살고있다,1
저기ㅡ인도로 막 지나간 사람과 바로앞에서 멈춘 모닝.....,0,ㅋㅋㅋㅋ으따 이니 욕하면 일베랑께요,1
고인의 명복을 빕니다,0,ㅈㄴ 억지 오지네... 사람 쓰레기 만드는거 한순간이네,1
제발 다 무사하기를 바랍니다,0,이명박 박근혜는 영혼을 털면서 선넘게 조롱했으면 문재앙 티끌도 건들면 안됨 헬조센 대던,1
네이버나 유튜브나 댓글상태 심각하네 ㄹㅇ,0,토착빨갱이들 부들 부들...ㅋㅋ 어디 남조선 수령님한테 이런 마인든데?,1
삼풍참사를 잊었단 말인가!~~,0,깨문이들은 기프티콘 받는 거 아니면 스벅 갈일 없습니다 ㅋㅋㅋㅋㅋ,1
먼 날벼락이냐 돌아가신분들은 무슨죄냐 삼가 고인의 명복을  빕니다,0,엠빙신 아니랄까봐 ㅋㅋㅋ 대선떄 보자,1
나도 이제봄요;;;;,0,그냥 니가 병  신,1
몇달 전부터 철거 계획중이라고 펜스만 쳐놓고<br>바로앞엔 언제무너질지도 모르는데  버스정류장 세워놓고<br>진짜 노답이네,0,단일민족이 인종차별이다? ㅋㅋㅋ 잘 모르면서 개소리하지 마시길. 여기가 미국인줄 아나? 주변에 외국인 이민자가 없어서 모르나본데 걔네들 한국인 절대 아님. 그리고 차별같은거 일절없음.,1
거기서 100m만 더가면 다음 버스정류장입니다 선생님..... 그래서 버정을 옮겨도 의미가 없는거죠,0,아니 니 흡연에 관심없어<br>불나면 어쩔거야 너같은 놈때문에<br>어 간접흡연이 더 피해가는거 맞아 진짜 무지하다,1
에초에 부실공사에요.. 학동에사는데 바람심하게 불면 건물 흔들려요,0,너는 뭔데 까부냐? 다시보기 보면 정말 몇 초차이인데 포터트럭 운전하신분이 정말 다행인거지.너희 부모님이 운전하시는 차량이 저렇게 아찔하게 지나가도 그렇게 말 할 수 있을지를 생각을 거치고 입이든 손으로 적어라. 뭔 상관없는 수준이니 오바떨지말라고? 까불지말고 주둥이 닫고 위로나 할것이지 왤캐 까불어싸냐  대가리 총맞았나 ㅡ.ㅡ 그리고 남의 부모님한테 말하는데 오바떨지말라는건 뭔 말버릇이냐 진짜;,1
정류장 가기 바로전에 공사중이라 길도 막혀있고 가로수도 없는 공간있는데요? 거기에 임시로 설치만했어도 건물에 깔리진 않았을듯 사고 순간이 어떻게 될진 모르지만 주변 공사예정인 부지에 건물 다 철거하고 저 건물만 덩그러니 남아있는데 버스가 정차하고 출발하는 정류장을 중심에 그대로 뒀다는것도 문제죠 실제 정차하는 순간 사고가 나기도 했고요,0,중국아님?,1
조근조근 먹지 아래에서 파먹은거같네..엄한 사람은 먼죄냐..,0,중국인은 싫지만 아시아인 벌레취급하는 인종차별은 못참지.. 😡😡😡,1
와.. 이거 21년도맞어?,0,"엠빅이 뭐하는 단체인지는 모르지만, 이렇게 편파적이고 폭력적인 제목을 달고, 나나 엠빅이나 저기 나온 사람들이나 그저 다 미물일 뿐이지.<br>공동체가 정한 최소한의 법을 준수하고 자기보다 하위피라미드에 감사하면서 살뿐.<br>누가 누구에게 무슨 권한으로 행하는 폭력이 정당화 될수 있다는것이냐?<br>이세상에 정의가 있냐? 니들이 먹는 소돼지생선들은 기꺼이 니들한테 자신의 살과 장기를 내어준다고 하드나?",1
사고가 꼭 해결되길 바라며 다친사람들이 빨리 회복하길 바랍니다,0,누구나 대가리를 맞으면 한방이다,1
굳,0,에혀 관종놈들 관심가져달라용쓰내 ㅋㅋ,1
대한민국 아니죠??,0,그건 법적으로 좆되 바보야,1
대한민국임,0,제발 일론좀 죽여줘라 갱들아 <br>국제적 영웅된다,1
배우신분 인거 같네요,0,저새끼는 양아치 맞다니까...,1
광주복구사는데 무섭네요 ㄷㄷ;;,0,문재인임? 난 문재앙이 그 루리웹 뭐시기 광고 찍은거만 아는데,1
저희집 에서 바로 본사람으로써 그 뒤쪽에 포크레인이 뒤쪽에서 파다가 그순간 떨어지더라구요.. 소리도 엄청났고 진짜 그리고 원래 그건물이 오래됬었는데 철거 하는것도 너무 불안했어서.. 저도 어제 그쪽으로 지나갔는데 오늘 안간게 다행이네요,0,일론머스크 ㅈㄴ 멋있다  일안하고 호의호식하려는 코인충들 다 박멸부탁한다 그래픽카드가격이나 정상화시켜라,1
됬x 되었 ㅇㅇ,0,개돼지를 갖고 노니 꿀잼이자나,1
듣는거만으로도 무셩,0,너는 얼마 잃었냐?ㅋㅋㅋㅋ 분위기 씹창내지 말고 그냥 웃으라고 아 ㅋㅋ,1
이러고 우리가 중국을 욕해???,0,겁이 없는건가 생각이 없는건지...,1
제발 다쳐도 사망자는 없으면 바라내요. 무슨 날벼락 이랍니까. 철저히 조사해서 피해자들 2차가해 없길 바랍니다.,0,일론이 돌앗구나,1
소름.....,0,한번 ㅈ돼봐야 알지,1
버스에 사람까지 많았다면 정말....,0,저거저거 곧 나락으로 가겠네,1
세상에...,0,일론 머스크를 5행시할게여<br><br>일을 싫어해서 언<br>론에 음란물을 퍼트려 <br>머스크 자신이 직업을 잃을 것이다 이런<br>스레기 같은 놈은 다시는<br>크크크 웃지 못하게 죽여버려,1
ㄹㅇㅋㅋ 뭐라는거야,0,코인 사는 게 병신임,1
마자유,0,MBC는 진짜 병신 언론이다...어나니머스 저거 가짜라고 퍼진지 하루는 족히 됐는데 사실관계 파악도 안하고 기사 작성함?,1
삼풍백화점 잊지 말자,0,갈수록 비호감이네 나중에 여론 잘못건드리고 역풍씨게 맞고 나락갈수도있다 일론아,1
이거 몇년전에도 있었잖아 그 분 돌아가신지 얼마나 되었다고 똑같은 사건이 일어나니????? 법안을 통과시켜라 저런 대형사건 일으키면 감독관 회사 기업들 폐가망신하게<br><br>진역20년 벌금8000억쯤 해야 신경쓰지!!!!!!!!!!!,0,머스크 보고 나락 갈 수 있다 ㅇㅈㄹ 하는 국평오 새끼 수준 ㅋㅋㅋㅋㅋㅋ,1
이게 말이돼?,0,진짜 전남 영광 출생 일론 머스크가 되어가고 있는것 같네,1
추가 구조되었다는 버스 승객 2명 사망하셨다고 합니다..,0,지랄염병ㅋㅋ,1
뭐라는거야 제발;;,0,아라써 문맹+똥고집허당아 ㅋ,1
닉넴부터 어질어질하네,0,한국에선 볼수없는 스승의 은혜,1
와...ㅎㄷㄷ,0,외국여자애들은 조숙하네..,1
순간의 선택 무섭다,0,유튜버들 색맹으로 감성팔이 뇌절 씹오지네,1
굳,0,???:뭐야....내 젖꼭지 색깔 왜이래...,1
"21년에 이런일이 말이 되나...<br>관련 회사, 직원, 공무원들 다 조사하고 문제 있으면 다 짤라라",0,꼬추색깔 보러간줄,1
뭔일이노,0,한국이 잘 살기만 하지 국민들 수준은 최하위라 ㅜ ㅜ,1
착해졌구나!,0,분홍색이 여자색 파랑색이 남자색이라는걸 알까 모를까. 흠.. 궁금하다,1
갑자기 뭔일이야ㅜㅜ.. <br>제발 인명피해없기를 대전에서 간절히 바랍니다🙏,0,엠빅 이 병신들은 팩트도 아닌 내용을 항상 바로 보도하고 어떻게든 시청자들이 이해하기 쉽게만 영상 만들어서 어그로끄네 ㅋㅋ,1
아니 ㅁㅊ 오늘 일어난 일이네 한 30년전에 일어난 사고인줄,0,저새끼들 의리는 일반인보다 없는게 현실<br>돈만 쫓는 양아치새끼들임,1
건물안에 사람들도있었나요?,0,ㅉㅉ 나이를 먹고도 철을 못든 인간들이구만,1
시내버스 앞에 지나가는 시외버스도 진짜 천운....,0,규칙 쌉꼰데스럽네,1
저 시외버스랑 모닝 단 1초 차이로 건물 붕괴 피한 거 진짜 천운이네 ㄷㄷㄷㄷ 1초만 늦었거나 신호 받았으면 저 시외버스랑 모닝도 얄짤없이 매몰되었을텐데... 붕괴사고로 돌아가신 명복을 빕니다.,0,꼴깝들 싸라 ㅋㅋ,1
미안합니다 고맙습니다..미안합니다 고맙습니다..미안합니다 고맙습니다..미안합니다 고맙습니다..미안합니다 고맙습니다..미안합니다 고맙습니다..미안합니다 고맙습니다..미안합니다 고맙습니다..미안합니다 고맙습니다..미안합니다 고맙습니다..미안합니다 고맙습니다..미안합니다 고맙습니다..미안합니다 고맙습니다..미안합니다 고맙습니다..미안합니다 고맙습니다..미안합니다 고맙습니다..미안합니다 고맙습니다..미안합니다 고맙습니다..미안합니다 고맙습니다..미안합니다 고맙습니다..미안합니다 고맙습니다..미안합니다 고맙습니다..미안합니다 고맙습니다..미안합니다 고맙습니다..미안합니다 고맙습니다..미안합니다 고맙습니다..미안합니다 고맙습니다..미안합니다 고맙습니다..미안합니다 고맙습니다..미안합니다 고맙습니다..미안합니다 고맙습니다..미안합니다 고맙습니다..미안합니다 고맙습니다..미안합니다 고맙습니다..미안합니다 고맙습니다...,0,어휴 급식때 저지랄 못해서 ㅈ털나고서야 원없이 하네,1
세상에 이런일이 없었으면 좋겠습니다 ㅠ<br><br>안타까운 소식입니다.,0,이런걸 꼴깝이라고 하더라고,1
철거를 아주 신박하게 하는구만<br>어휴 무슨 날 벼락이냐,0,아직도 80년도에 정신연령이 머물러 있는 미개인들.,1
그짝이자네,0,왐마 개멋지네 ㅋㅋㅋㅋㅋㅋㅋㅋㅋㅋㅋㅋㅋㅋ<br>븅신들,1
진짜 마른 하늘에 날벼락이네 ;;<br>무사히 구조되길 바랍니다,0,아주 지랄들을 해라,1
아이고 ㅠㅠ,0,연장만 없으면 ㅈ밥임,1
헐 머선 129 ㅠㅠ,0,남자새끼들이 몰려다니면서 쪽팔리지도 않나?,1
미친.. 끔찍해..,0,어디 동물원에서 오라무탄 탈출함?,1
말 조심합시다..,0,허리병신들이냐?,1
이제 진짜 세상이 망할려나보네,0,얼라새기도아니고 아직도 골목대장놀이하노ㅋㅋ,1
지구도 망하긴 망하고 있구나,0,혼자  월 600도  못버는  애들이  어른 일진 놀이라니....병신도  이런 병신들  없을듯 한심.....,1
신기하지만 안타까운 사고네요..,0,이런거보면 전땅끄가 깡패들 하나는 잘조졌지...,1
중국은 저런거 흔한 일아닌가요 그래서 반응이 없는듯?,0,딸배들의 장래희망,1
야휴 지구가 화가 많이났나보다....,0,들떨어진늠들,1
지구가 스트레스 받아서 부분탈모 시작되는겁니다. 스트레스 주지 마세요. 지구.,0,경기도 구리 ㅋㅋㅋ 별 그지 같은 놈들이 ㅋㅋㅋ,1
씽크홀 구경하다 저승구경한다,0,세상 참 더럽게 변해가는구나 ㄴ미시블,1
이거 가짜면 좋겠다..대한민국에는 이런 일은 없길..,0,그냥 인성이 들된 쓰레기들 ㅉㅉㅉ 저런곳은 택배 배달음식 기타 편의 시설 안받는걸로 해야함 불매하자 저것들 물건 못사게,1
시간 바꾸는 이유가 뭐임? 아나운서님 이뻐요♡,0,중국인이 많아져서 그럼,1
이재은 아나운서같은 여자랑 결혼하고싶다. 왕종명 아나운서 갈은 형 있었으면 좋겠다 둘다 너무 매력적이다. 특히 왕종명 아나운서는 정치권 진출해도 무색하다고 봄.,0,이거 제목보고 또 중국이야 했는데....졸라 부끄럽구만,1
애 쓰시는게 보입니다 ㅋㅋ,0,저거 살인미수죄임 시발 이거 해외토픽타면 난리나겠네 한국인배달 막을려고 줄덫설치한다고 이게 무슨 개망신이냐,1
ㅋㅋㅋ 정용진형님 진짜 극호 너무좋다 진짜루~~!!,0,애초에 jot같이 운전을 하지말아야지,1
이마트 24시가 좋긴하더라 ㅎ,0,전쟁이 나가지고 가진자들 부터 쏴죽이고 빨갱이 척살간다,1
잘생겼다,0,저러케 한것은 분명 잘못한건데..  오토바이 배달하는 사람들 중에 일부가 아닌 대부분이 ㄱㅐ양아치짓을 하고 다녀서....;;;;,1
죽은 사람을 위해 한 말을 유머로 소비한게 잘못이지 경솔하게 쓰면 안 됐지,0,솔직히 ㅈ같이 운전하고 신호무시하고 과속하고 엔진음 조나크게 트는 양아치 오토바이들보면 섬머솔트킬 날리고싶다고 생각한적이 있기는 하지만 진짜로 하지는 말아야지..,1
정용진 부회장님 사랑해영^^~~<br>이마트가야징 룰루랄라,0,저런 무개념 틀딱들 확잡아다가 봉에다 매버려야함,1
별게 다 불만이다ㅋㅋㅋㅋㅋㅋㅋ그냥 재치있게 적었다고 생각들구만 ㅋㅋㅋㅋㅋㅋ,0,늬들이 택시 타고가서 포장해와라<br>택시비가 더 나오지 <br>집에서 서비스 받으면서 공짜는 ㅈㄴ 좋아해<br>거지같은 놈들,1
불편한것도 많네,0,뭔 개짓거리야,1
저런거야 그냥 농담으로 충분히 할수 있는거지 선넘었다까진 아닌듯 다만 총맞을 선은 진작에 넘긴 했지,0,아파트까고 배달금지  병신아파트아님?,1
늘 느꼈던건 일론이 하는 짓이 보면 거의 주가조작에 가깝지 않나 생각함,0,중국인줄알고 들어왔다<br>씨바,1
쉽게 벌려고 하는 사람들이나 저런 농간에 놀아나는거지...코인에 인생역전 꿈을 제발 버리시길..,0,"일부 배달기사들 외 8~90% 문신 돼지충... <br>마후라 뚫고 오디오 튜닝해서 존나 시끄러움..<br>단지 내에서도 서행 안함.. <br>운전은 도심속의 고라니, 멧돼지.<br>이것은 팩트.",1
이쯤되면 테슬라 매각한다 하것다 <br>이미 본사업엔 관심 접은듯,0,구리시 구리네,1
개인의 이득을 위해 타인이 어떻게 되든 신경쓰지 않는 이런류의 장사꾼들 너무 싫다.,0,사실이면  저짓한놈  대가리뽑아 죽여야지 ㅎ,1
진짜 충격적이네,0,18 먹고 살려고 오토바이 타고 배달하는데 높은데 있을때 좀 봐줘라 무슨 짐승 사냥하냐???,1
저사람 세계부자 1위도 햇던사람임 돈벌려고 저런게아니라 그냥 자기 영향력 테스트한거임 관심병,0,참 대~~~~단한 닭장에 살고 있다 그져~? 아파트 품위가 닭벼슬마냥 멋지네 그냥 시팔,1
어나니머스는 이미 저거 사칭이라고 했는데 사실 확인도 안하고 뉴스에 내보내네;;,0,나는 빡대가리들 민식이법놀이가 제일 무섭다 ㅋㅋㅋㅋㅋ,1
이정도면 이제 머스크는 연구소에서 연구 진행중이고 머스크는 아무것도 모르는데<br>누가 트위터 계정으로 장난치는거 아니냐<br>머스크가 지금까지 해온 모든 사업의 방향이<br>인류 전체를 위한 일인데 <br>아무생각없이 저런 행동을 한다는게<br>쉽사리 이해되지는 않는다<br>아니면 준비돤 자들만 데려가려는건가,0,이런세키 특   배달늦게오면 존나 ㅈㄹ발광하면서 업주한테 욕함,1
걍 관종이라 그런거ㅋㅋ,0,저런것들이 사는 아파트는 짐승들 그리고<br>조사해봐라 비리 아니면 빔죄자  중국 이나화교  들이  사는데일수도,1
트위터에 개소리만 안했으면 최고의 CEO 유지됐을듯. 뭐 앞으로 어떻게될지는 모르지만,0,저런 아파트는 폭약설치해서 폭파시켜버려야함,1
저런 말도 안되는 트윗에 투자하는 머저리들이  더 어이가 없네.,0,냄새나고 더러워 지면 니들이 직접 가서먹어!! 니들 인성이 더 더럽고 냄새난다,1
일론머스크가 트위터로 장난질 하는건 그렇다 쳐도 뉴스로 거짓정보를 퍼트리는 니들 부터 어떻게해라ㅋㅋ,0,이제 중국과 비슷해지는건가,1
왜 난 머스크 좋구만,0,서울 경기쪽은 이런사건이 많군요 인성 ㄷㄷ,1
이 정도면 저걸 그런식으로 엮는 사람들의 뇌 구조가 이상한거 아닌가...?,0,인천 경기도 미쳫네,1
머스크 정신차려 집망한다,0,"남자 몇백명 죽어도 1도 안바뀌던 군대, 여자 1명 죽으니 싸그리 뒤바뀌고있다 이게 나라냐?",1
진짜 어나니머스 상대 어떻게하려고 ㅋㅋㅋㅋㅋㅋㅋㅋ 적당히좀하지,0,용서안하고 피해자가 갔으니까<br>너도 극단적 선택해라 가해자야<br>니가 한 말은 지켜야지<br>설마 이제와서 극단적 선택이 뭐 사과하기라는 선택입니다<br>이 ㅈㄹ떨지는 않겠지??,1
저거 주작이라고 나왔는데도 뉴스 나오는 이유가 뭔지 ㅋㅋㅋㅋㅋㅋㅋㅋㅋ,0,문재인아<br>니가 책임져야 겠다,1
스페이스X 대기업인데 그렇게 보안이 허술할리가;; <br>게다가 컴퓨터도 아니고 로켓 프로그램이 뚫리는건...,0,정보통신대대 컴터만지는 부서 그곳에 일어난 성추행사건 걍 장중사 죽여라,1
진짜 걱정됌 총맞을까봐...,0,윽 자지똥내,1
이제 할리우드는 영화 만들 준비ㄱㄱ,0,"지금까지 남자들이 군대가서 군대 폭력에 수없이 죽고 자살해도 지금까지 관심이나 있었냐 <br>군 의문사가 얼마나 많은데 지금까지 억울한 죽음이 얼마나 많은데 <br>남자는 아무리 죽어도 세상이 안바뀐다 여자가 죽어야 세상이 바뀌지<br><br>여자가 군폭력(성추행)으로 자살한번 하니까 군대가 뒤집히고 나라가 뒤집하고 <br>이제서야 군대가 조금씩 바뀌고 세상이 바뀌는구나",1
기쁨은 가까이 있네요.,0,"산재로 1년에 1천명 가까이 죽어도 관심이나 있냐 (요즘 조금 관심있음) <br>전부 남자가 죽으니까 이슈가 안되는 거다 <br>산재도 여자들이 조금씩 죽어나가야 이슈가 되고 세상이 조금 바뀔꺼다<br>진정한 남녀차별 국가 좆한민국",1
누군가에게는 당연한게 누군가에게는 세상을 살아가는데 원동력이 될수있는듯하네...감동이다,0,왜 청년이라함? 여자인데,1
나에게 평범한게 다른사람에게는 대단한일이라니 음!,0,내 동생이 저랬으면 저 중사 부모님 찾아가서 칼로 수십번 찔러 죽이고 <br>사채 나눠서 시체유기 해버릴텐데,1
그럼 반대로 색맹처럼 볼수있는 안경도 만들수있겠네?? 궁금하다 색맹의 세상은,0,대통령이 군필자면 뭘하냐고,1
우리에겐 당연한 색들이 어떤 사람들에겐 아름다울 수 있다는 것이 참 감동적이였어요 같은 고통을 느끼는 제자에게 공감하고 선글라스를 선물해 준 선생님도 참 대단하다고 생각합니다:),0,미개한국가 업어버려야된다,1
돈이 땅파서 나오는게 아니니깐요,0,참수좀,1
저런 기분 알지 난 처음으로 따뜻하다고 느꼈을때 왈칵 눈물이 나올뻔했는데,0,멘탈이 약하네 군인정신으로 버티지,1
아름다운 세상.이 말에 왜 눈물이....,0,진짜 사람새낀가,1
크... 색을 볼 수 있다는 거..<br>당연히 누리는 거였는데..<br>감사하며 살아야겠네요,0,개같은나라,1
찐이다,0,아니 시발 근데 그걸 왜 물어보고 질문하고 찍는데 병신임?,1
너무 감동적이네요 우리에겐 너무 펑범한 일들이 어느 누군가에게는 말할수 없는 감동이네요 조나단이 항상 행복했으면 합니다,0,우리 장관님은 딸 갖은 아빠가 첫보고에 어찌 그리 느긋하셨을까...? 직접 처리는 않해도 바로 사건화하고 관련자 전원 조사하는 울분도 없었단 말인가...? ㅡ.ㅡ 근데... 저 가해자색히는 극단적 선택(?)을 왜 않하냐? 쫄보색히!! 모양새 빠지게 허리도 못펴는 찌질이색히~~~!!! 🤬🤬🤬🤬🤬,1
스승이란 학문만 가르치는데서 그치지 않는다.,0,변태들에의한 변태들을 위한나라 개한민국 ㅉㅉㅉ,1
굴뚝같은 개인의 마음과 사상에 변화를 주는 모든것은 다 스승이다.,0,씨발 이래놓고 여자군대보내라 ㅇㅈㄹ,1
저 영상에 나온 학생에 스승님 공감능력이 무척 높을것같네요,0,헬조따리 헬조따 k가 붙으면 제대로 되는 거 있냐? ㅋㅋ,1
진짜 스승의 은혜는 하늘같군요..두분다 행복하세요,0,여군 상관들을 거세해버려!,1
참 21세기 이시점에  아직까지 조폭이란 단어가 존재하나,0,나가죽으라고 했어야 했음...<br>그런놈은 스스로 자살하게 냅두었어야지...<br><br>그런 말도 안되는 협박으로 스트레스 받다니...,1
조직 생성하고 가오 잡는다고 좋을거 없다~,0,요즘 시대 계급  인성 쓰레기 ㅅㅋ 많네,1
중2병이 많이 늦게 오셨네 ^^ ㅋㅋㅋㅋㅋㅋㅋㅋㅋㅋㅋㅋ,0,협박하지말고 진짜로 죽지 <br>왜죽었나 사람들이 알아보고서 죽어서도 창피해지게!!,1
한심좌:이건 나도...;;;;;,0,사람죽여놓고 먹고 자고 숨쉬길 바라냐? 호로새끼들아!!,1
참. 한번뿐인 인생 아깝다.,0,시발 진심 칼로 찔러죽이고 싶다,1
와 요즘에도 조폭이 있구나 개신기하다ㅋㅋㅋㅋㅋㅋ,0,군법은 특별하고 다르니깐 사형시키자,1
나 중딩때.우리학교 일진 이진이  딱 저랬는디ㅋㅋ,0,대한민국 왜 이꼬라지인이유 문재인이지 정권이 싹다 바꿔야지 국방부 장관을 바꾸고 여가부 폐지 하고 이래야 나라가 되는데,1
간만에 경찰이 멋지네 감사합니다,0,대한민국 국방부가 아니라 대한민국 히토미부로 이름 바꿔라,1
경찰한테 잡힌 조폭들: 아 상황극한거에요 한번만 봐주세요 다신안그럴게요 ㅠㅠ,0,"일어난 일은 물론 안됬다....<br>단지 내 개인적인 생각이다..<br>그냥 군인,경찰, 이런직업은 여성을뽑지마라  <br>조국을 지킨다는  저멘탈로  무슨 조국을 지킨다는거야..<br>군대는 비공식적으로  구타를 허용시키고  <br>여군은 전부 재대시켜라...",1
그래서 님들 저 사람들 앞에서도 그런 말 할 수 있음? ㅋㅋ,0,아씨발!!!!!!!!!!!!!,1
이런말이있지.. 양아치가 성공하면 경찰 실패하면 조폭이라고.,0,"남자새끼가 능력없어서 공군 하사나하고 살고 있으면, 정신좀 차리고 살아라. 거세좀 하자 진짜 저런것들은",1
요즘조폭들   1대1로  싸움하면 응급실로감,0,나라꼴 잘돌아간다ㅋㅋㅋ,1
현실을 잘 모르는구먼... 현실은 갱찰일부들은  조폭과 얼마나 친하게 지내는지 ...  인간 관계라는게 잡아넣으면서도  잡혀들어면서도  친해지는게 인간 ㅎㅎ ... 그렇게 형님  동상하면서 살아가는 게지...  그래서 나온 결과가  요즘 조폭들이 갱찰  안무서뭐해 ...그리고 검찰가서는 무서운척은하지 ... 근데 검사들도 조폭 무서울껄 ㅎㅎ 검사 옷 벗으면 ㅋㅋ 아무것도 아니니깐... 결과적으로 조폭 양아치 세상되는 거지 뭐,0,나라 지킬생각은 안하고 헛튼짓만 하는 놈들 에라 .. 그동안 받은 월급들이 어떤돈인데 나쁜놈들 신상공개해라 제발,1
옛날이나 멋있는건달들많았지..<br>지금은 조폭생활양아치들만 민간인한테.시비털고다니고 에휴,0,늑대 소굴보낸  가족들 잘못이<br><br>첫 번째입니다 <br><br>진리ㅡ사람을 잘 만나야 해요<br><br>Physiotherapy,1
역 앞 유흥가를 지나가는데 딱 봐도 조폭 같이 생긴 10여명이 한 노인네를 모시고 지나가는데<br>굽신 굽신 하며 마치 대감마님 행차니 길을 비켜라 식으로 지나가는데.. 개 웃긴데 무서워서 웃진 못함,0,공군에 성추행 병과 새로 생겼나?<br>쟤분한것들 저것들이 무슨 나라를 지켜 군에서 선임한 변호인 저넘은 자격 박탈시켜야 해 자격도 없는 쓰레기 변호사,1
한심좌 ㅋㅋㅋ,0,게노메 나라가 사람이<br>목숨을 끊어야만 뭘<br>하는 척 하는 젖같은<br>국가이다.수많은 피해자를<br>양산하고서야 겨우 쬐금<br>뭘할려고 하는척하니...<br>하긴 뭐 권력있는자<br>돈있는자 남자위주 나이<br>위주 5천년을 유구히<br>물려 내려오는 빛나는<br>문화유산이지!!!<br>진짜이게나라냐?<br>버러지새끼들아!!,1
오글거리고 부끄럽고 창피하다.,0,피해자를 협박하는 것이 용서를 구하는 것인가? 그래놓고 이자식은 왜 여태 자살을 하지 않았나? 이런 자식은 광화문 네거리에 묶어놓고 지나가는 사람들이 한대씩 X패듯 해야만 한다. 이자식 딸이 남에게 성폭력 당했다면 그래도 같은 생각을 하려나?,1
이거 살인미수 입니다. 배달기사님들 다 고소하세요. 그리고 안전모 무서워진다? 그게 뭔소리야 그럼 안전모없이 오토바이 모냐,0,"성폭행,성추행 문정권 대단합니다 ^^",1
저런대는 배달엡에서 자체 배달금지구역 지정합시다,0,다 죽여버리고싶네 진짜 하,1
하다하다 저런 일들이 일어나네...,0,다시 간단하게 검지와 중지 두 손각락으로 눈알을 파시면 됩니다. 끝 나는 그딴거 못해 하시는분들은 그냥 팔자려니 하면서 대주고 다니시면됩니다.,1
인생짧다.항상 오늘이 마지막이라고 생각하고 살아봐라 소중한게 보이기 시작할꺼다.,0,하  한나라의 군대가 이렇게 병신짓을  하루이틀이아니라  존나게 몇백년을  쳐하고 있으니깐  하 나라가  고려에서 조선으로 갈아 엎듯이 누가좀  한국이란나라를  갈아엎어서  다른  새로운 세상을  만들었음 좋겠다,1
시켜먹질말던가 시켜먹을거면 내려와서 받던가 우씨,0,내가 머라고 했나요 사람은 눈이 제일 약합니다. 꼭 눈쪽으로 공격하세요. 싸울라고 대치중 말고요. 꼭 센스있게 눈을 목표로 눈알을 뽑던가 눈알을 글거서 시간벌고 꼭 주위에 있는 물건으로 대가리 머리 후두부 뒷통수를 가격하세요. 죽으면 어쩔수없는거고요. 자살보다는 이게 좋아요 ㅎㅎ 꼭영화보면 총겁나 많은디 주인공은 총이 없더라구 ㅠㅠ,1
어디아파트야 아파트갑 팍내려라<br>무개념 인간들 갑질  니들 가족은<br>얼마나 직장이 대단하길래<br>열심히 배달하시는분들 하대하냐<br>혹 택시기사 아니니 ㅋㅋ,0,그냥 총으로 사살해버려 저런 쓰래기군인은,1
삭제면 빼박아니냨ㅋㅋ,0,고츄라도 물어버리지 ㅠㅠ 이런일 다시는 없게 실전으로 쓸수있는거 알려드립니다. 사람은 눈이 제일 약합니다. 얼굴만지는척 쓱 검지와중지 같이 여시면 눈알에 퐁당들어갑니다 인체구죠가 그렇게 만들어져 있습나다. 거기에서 꼭 죽을꺼 같거나 위험때만 하세요. 두손까락이 눈에다을 쯤 힘을주고 쑥 여시면 자연스럽게 눈에 들어갑니다. 무섭다고 생각하지마시고 너은 두손가락을 실같은거 있어요 장력으로따지면 옷에 실밥정도 ㅋㅋ 그냥 자연스럽게 들어올리시면 눈알이 나옵니다. 사람은 약한 존재입니다. 정안되겟으면 입으로 해준다고 하고 미친척 이빨로 생고기 먹는다고 그냥 물어뜯으시면 됩니다. 자살은 정말 좋같을 때하세요.,1
비오는날 저건 살인미순데?,0,쓰레기 국방부,1
배달불가지역 지정 시급,0,제발 폐미들아 이사건을 계기로 또 한국남자 어쩌구하지마라 저건 대한민국의 쓰레기가 저지른거지 우리와같은취급 하지 말란말이다.,1
요즘같이 힘든 세상에<br>너무 심하네 그려,0,가해자 챙겨주는 개병신 나라 수준,1
에휴......,0,"문재인 이 좌파 새끼부터 지 식구들만<br>챙기고 야당,국민 무시하는데<br>군인들이라고 인간성이 살아 있겠나?<br>다른 거는 감추고 그러더라도 성추행만큼은 무관용으로 다스려라.<br>저 젊고 꿈많은 분이 그 것도 혼인<br>신고날 사망을 선택할 정도면 얼마나<br>남편될 사람에게 미안하고 죄책감에<br>치를 떨었겠나? 문재인부터 책임지는<br>모습을 보여라. 이 자는 매번 철저히<br>조사하고 처리하라고 지시만 내리고<br>끝이야..짜증나게..<br>지가 집권하면서 생긴 일이니 지가<br>책임져야지...문재인 개새...",1
집단 이기주의자들이 겁나게 많네..인간이  싫어진다.,0,ㅈ한민국의 군실태.<br>북한군보다 더 ㅈ같은 군기강,1
골때리네....,0,중사놈 꼭 사형당하길!!,1
"내 물건, 내 음식 가져다주시는 감사한분들께 왜들 그러냐 진짜ㅜ",0,"악하고 한심한 군간부들아, 너희들이 도대체 미국가수 유승준보다 낳은 점이 뭐냐?",1
하.. 택배와 배달을 시키지말던가..  저런 곳들은 배달원들이 거부할 권리도 있어야 된다 생각함,0,"한심한 군인 간부들아, 이제야 정의로운 기자들의 여론에 밀려서 정의를 행하냐? 너희는 미국가수 유승준보다 못한놈들이야. 개밥보다 못한 병사 급식 사태와 본질적으로 같은 사건이야. 그리고 유승준에개도 사과해. 똥묻은 개가 벼묻은 개를 나무랐다고.",1
정말 가지가지 한다,0,내가 대통령이면 바로 법부터 강화한다.<br>여성군복무는 모병? 아니 징병ㅋㅋ<br>살인?무조권 최소 30년 ㅋㅋ<br>성추행? 10년 또는 10억원 이하 벌금ㅋㅋ,1
그냥 저런곳들 배달앱 본사들이 블랙리스트 만들어야됨,0,그래봤자민주당쪽들이많은데신경쓸까<br>저것도우리남성들이 ㅂㅅ같이보지만<br>페미들은 저당을찍었다<br>누구를적으로볼건가<br>군관련도 그당에찍을탠데<br>페미가  네로남불인가,1
지하주차장으로 가면 되는거아닌가,0,대통령이페미라며<br>좀그래 내로남불<br>차라리평등을원한다,1
에초에 목높이의 줄을 왜설치해? 누굴죽일라고?이거입주민들이 시킨거야?,0,군대 개판이네. 김관진같은 사람이 국방부장관 해야하는데 어휴 문재인이 문제야,1
아니 인간들이 점점 왜 저렇게 변해간다냐?,0,ㅁㅊ 놈들 아닌가,1
세상이 미쳐가고 있어,0,죽어야 관심가지냐 ㅅㅂ정부야 이게나라냐 모범택시시즌2에서 복수한번가즈아<br>김기사복수해줘😎 네고객님 의뢰접수완료 갑질군발이들 아까 꽉물어라 옥수수다뽑힌다😷,1
이게 지금 다 같은 사람이 사는 세상 얘기냐??  기본적인 사람 사는 곳 이야기가 아닌거같네,0,"21세기 시대에 살고 있는 데 군 시스템은 정말 방산비리, 병사 식단 비리 등 온갖 비리라는 비리 저지르고 자기들이 짬 높고 계급 높다고 하급 취하는 방식은 진짜 38년때나 하는 걸 보면 늙다리 꼰대 이 ??? 들은 진짜 너무 고칠려 할 생각 없다 더욱 국방부 장관 시작으로 가해자가 부터 방관 한 놈들 모조리 구속 해라",1
요즘 인성이 덜 된 넘들이 왜이리 많냐,0,여기가 한국인가 인도인가?,1
싸이코패스 아닌가요??,0,에휴 여성징병제 논의 묻을려고 63빌딩 62층에 헐레벌떡 가서 사건 하나터트리네ㅉㅉ 문재앙과 그분들  여자는 ㅈㄴ 잘빨아줘요,1
왜이러는거야...진짜속상해..ㅠ,0,박원순이 마지막까지 추했으면 이랬으려나,1
제가 더욱 화나는것은 피해자 분께서 저 추학한 욕망의 간부들이 정의의 심판을 받는 모습을 보시지 못하고 안타깝게 세상을 등지셨다는 사실입니다.<br>왜 항상 대한민국은 당하는 사람만 당해야 하는가 정말 개탄스럽습니다.,0,한국인이 13억이 존재했더라면 그건 중국,1
군대 여중사 문젠데 뭔 갑자기 남자얘기??,0,정부가 군대 개입하면 빼애액 거릴거야,1
아 진짜 저 가해자들이랑 변호사 법적 처벌 받으면 좋겠다,0,화학적 거세 말고 그냥 거세를 시켜라,1
"몇몇분들 K-군대, 공군은 좀 다를줄 알았는데...<br>이러시는데 이러면 의무라는 핑계로 강제적으로 군대를 가야하는 죄없는 군인분들은 무슨죄입니까..이렇게 군대 무시하시는 분들 지킨다고 군대를 가야하는 분들이 참 불쌍합니다. 위에 사람들이 이런걸 왜 공군이 전부 가해자인것처럼 군대가 이상한것처럼..",0,K 군대 에휴,1
미국이나 한국이나 군부대는 범죄가<br>은폐되기 쉬운 부패한 집단.,0,뇌가 없니?,1
누가 책임지는게 아니라 죄저지른 놈들이 죗값받아야 하는거에요 엠빅뉴스!!!,0,자살할 용기면 죽이고 죽지,1
근데 가해자가 저사람 말고도 더있다고하던데,0,대한민국 진짜 토 나온다. 어떻게 깨끗한 곳 하나 없냐,1
? 주제에 맞지도 않는 글같은데?? 공군 여중사 성추행으로 사망한 사건인데 뭔 소리를 적은겨?,0,여자는 군에서 아예 배재시킵시다. 이런일 예방하려면 사병이든 부사관이든 장교든. 남성으로만 유지하는게 맞다고 봅니다. 남녀 평등문제니 성폭력 문제니 전부 해결된다고 봅니다.,1
우리나라에서 군대만큼 썩은 곳이 없을 듯,0,군이나 경이나 ㅈㄹ같다,1
참...이러고도 살아갈 맘이 있는게 대단하다...,0,국군통수권자의책임입니다!!  재앙은물러나라,1
저거 징계 받아봤자 진급 늦춰지거나 보직 변경하고 끝남..  군대가 그렇지 비리천국임,0,,
내가 존경해왔던 군인들 중에 저런 쓰레기가 있다니 정말 역겹고 정 떨어지고 돈아랑 권력이면 파렴치한 짓도 다하는 상부놈들 정말 다 나가 뒤져줘 힘들게 노력해서 된 자리애서 저런 개같은 짓을 하면서 편하개 살고있는 사람들 보면 진짜 이게 나란가 싶고 그럴 또 처벌 못하고 처벌한다고 해도 솜방망이 처벌이니 나라가 욕을 먹지 진짜 정말 실망스럽다 그리고 이런 사람들 때문에 진짜 정말 착하고 소신있게 사는 사람들이 같이 욕받는거야 그들은 소신있게 행동하다가 상부한테 찍혀서 승진도 잘 못하고 그럴텐데 느그들은 돈 받아 쳐먹고 타협하고 뭐하는 짓들이냐 차라리 내가 더 잘할것 같네 진짜 정말 한심하다,0,,
군인들 ㆍ기업들<br>모든  성추행건  더있다<br>다  신고받아 엄벌해라,0,,
저런 나쁘뉴ㅠㅠ 너무 불쌍해 돌아가신 분이ㅠㅠ 저런 놈들은 감옥으로!,0,,
대한민국 군대는 정말 싹다 갈아엎어야 한다.,0,,
강제적인 성범죄자들은 무조건 파면 징역 10년에 처해야한다...,0,,
피의자 얼굴 공개해라,0,,
또 몇개월 지나면 잊혀지겠지 우린 끝까지 잊지말자,0,,
이제서야 얼굴보이는 국방부장관.... 그전엔 무엇을했는가...,0,,
정신력 강한 군인일텐데<br>그 맨탈마저 무너질 정도로 얼마나 힘들었을지를 생각조차 할 수 없는 고통일겁니다.<br>저들이한 행위는 살인입니다ㅠ<br>반드시 강한처벌이 이루어져서 또 다른 이들이 죽음으로 몰리는 일이 없어야되지 않을까합니다ㅠ<br>너무너무 가슴이 미어지네요ㅠ,0,,
국가를 위해 입대 입대 했더니 국가가 버렸구나<br><br>이게 나라야?,0,,
지 동료 하나 지키지 못할망정 <br>죽이게 만드네,0,,
아직 어린데.....안타깝네요 지켜 줄 사람이 그렇게 없었나 자살 말고도 할 수 있는 방법이 많은데,0,,
이런 사건이 일어나지 않아야 진급이 되는 시스템이<br>아니라 이런 사건을 의혹없이 잘 해결해야 진급이 되는 시스템이 군대에 정착되어야 함.<br><br>애초에 사건 사고없는 집단이 있을 수 있나?<br><br>군대내애서 사건 사고가 없다면 그건 은폐한거라고 봐야지.,0,,
군대는  웃지요<br><br>계급으로  먹고 살아요<br><br>계속  발생해요<br><br>Physiotherapy,0,,
국회 통과ㅡ 모병제로 다 바꾸고<br><br>강한 군대보다  아름다운 군대로<br><br>가요<br><br>Rest in peace,0,,
늘 그래왔듯이 안바뀌겠지 매번 바뀌겠지 하는 희망을 같는것도 지친다. 정부건 군이던...,0,,
자체 수사는  절대 피해자를 보호해주지 않는다   비리검찰  비리 경찰  비리군인  다 자체 수사권이 있는 조직이다,0,,
이게 바로 대한민국 육군이다. 일부의 잘못이어도 그렇고 그걸 내버려뒀다면 공범이다.,0,,
억울한 죽음을 당한 이 중사 분의 죽음을 추모합니다.. 꼭 하늘에서는 편안하게 쉴 수 있도록 빕니다.<br>이 중사를 죽음으로 내몰게 한 상관들은 꼭 죗값을 치러야 된다고 생각합니다.<br>이래서 군대를 뭘 믿고 귀한 자식들을 보낼 수 있을까요.. 꼭 바뀌어야 됩니다.,0,,
혼인신고날 ...참... 죄를 저질렀으면 벌을 받아야 하는게 당연지사. 장중사를 비롯해 저 부대 여단장부터 변호인까지 모두가 벌받았으면 좋겠다,0,,
"국가유공자 가족, 후손들이 버림 받는 일은 더더욱 없어야하는데 나라에서도 군대에서도 버림받았네",0,,
군대는 진짜 한번 갈아엎자,0,,
이 영상 보다가 울었음 ㅠㅠ,0,,
우리나란 군대는 진짜 썩었구나,0,,
분노가 치민다,0,,
내가 딸이 있다면 여성 군인은 안시킨다...<br>아들도 군대 보내기 싫다...,0,,
이래서 내가 중사전역한거임,0,,
머라 표현을 못하겠다...,0,,
힘내세요,0,,
유족 모자이크는 다행히 해줬네..,0,,
같이 목소리내주셔서 감사드립니다... 삼가 고인의 명복을 빕니다..  공군은 좀 다를줄알았는데...,0,,
장관 저기는 바로 달려가네...참..,0,,
이게 말이 되냐 너네 가해자가 생각하기에? 이게 맞냐고,0,,
진짜 슬프다,0,,
우리나라는 일이 일어나야 조취를 취하네요<br>부디 앞서서 부정부패 처리를 해주는 그런<br>정치인  누가할까요?  말만하기보다 실행을 옮길수있는 그런분이 있기는할까요?<br>삼가 고인 명복을빔니다.,0,,
나라를 위해 몸과 마음을 바친것이 무슨 죄인지 이런 ... 군의 부정부폐는 어제 오늘의 일이 아니다. 제발 군은 군의 이름을 더럽힌 저들을 제대로 처리하지않는다면 그 칼이 다시 군으로 돌아갈 것이다. 제대로 처리해라. 군바리 선배로 얘기한다.,0,,
어째 가해자가 피해자보다 모자이크가 더 잘되있는건데 어이가없어,0,,
상상을 초월하는 나라네,0,,
군대 은폐 은폐 잘하는곳  아닌가?<br>모조리 해임 시켜라.<br>소중한 생명  소중한 딸  가진 부모는 앞으로 어떻게   살아라고~,0,,
장중사놈 얼굴 안봐도 좋으니 제발 솜방망이가 아닌 엄중한 철퇴를 내려야 한다.,0,,
피해자가 꼭 죽어나가야지 사건이 공론화되는게 너무 화난다 언제까지 이런식의 일처리를 봐야하나 나랑 상관없는 사람들인데도 넘 슬프고 화나고 이런 사회에 사는게 너무 싫다,0,,
에고 얘들아...니들...딸이라 생각해봐....사진 그렇게 찍거싶니?,0,,
이런 일들이 계속 일어나는데 군에 대한 신뢰를 바란다는게 어이가 없다.,0,,
제발 극단적인 선택 전에 제발 진짜 제발 피해자 아픔 외면하지 말아주세요 ㅡ삼가 고인의 명복을 빕니다ㅡ,0,,
제발 성폭행은 중벌로 다스리자,0,,
요즘 세상에 이런 일이라.. 군대는 아직도 개혁이 너무나도 절실히 필요한 곳이다,0,,
현역 육군입니다.. 이사건 이후 개인정비시간에 핸드폰을 화장실에 가져가지 못하게 하는것은 물론 핸드폰 검사도 실시했습니다,0,,
이 나라에서는 꼭 누가 죽어야 이렇게 잠시나마 화제가 되더라... 이마저도 나중에 가면 소리소문 없이 잊혀짐... 어메이징한 나라다 정말,0,,
영상 제목 보소 도대체 누가 책임지긴? 관련자들 다 깜방 넣어야지? 한두명 책임지고 끝낼일이야 이게?,0,,
가해자 뿐만 아니라 관련 모든 책임자들 엄벌에 처하길,0,,
3개월거쳐서 구속이 됬다니...피해자가 왜 자살을 선택하게됬는지 알것같네요~ 정말 더러운행동을 해놓고 가해자가 벌 크게 받고 다시는 사회에 나오는일이 없도록 했으면 좋겠어요! 신상도 공개하구요,0,,
어쩌라는거임,0,,
군대 시스템 자체를 바꿔라. 성문제만 바꾸지 말고 문재인 대통령아. 제발 직접적으로 개입을 해라. 말로만 떠들지 말고. 그래야 이런 사건들 안터진다. 내가 군생활 하면서 그 전까지 들어보지도 못했던 자살이란 말들을 얼마나 많이 들었는 줄 아냐. 내가 직접적으로 들은 자살사건만 3번이나 된다. 그것도 육군에 비해 규모가 엄청나게 작은 공군인데도 말이다,0,,
군대의 폐습은 언제 없어질까...,0,,
군대를 없애는 게 더 빠를듯 싶음,0,,
"음주운전, 성범죄 처벌은 더 무거워야..",0,,
놀라운건 성추행 당하셨을때 방관자가 운전석에 있었다는것...,0,,
진짜 선은 넘지마,0,,
당장해라,0,,
군대는 절대 변하지 않습니다.,0,,
내 전여친도 여군이었는데. .   너무나 안타깝네요.,0,,
무고한 목숨이 얼마나 더 희생되어야 바뀌는가?,0,,
"맞아요. 꼭! 성추행, 성폭력 뿌리를 뽑아야합니다.",0,,
일단 당사자는 성관련한 죄목 말고도 추가로좀 덧붙이면 좋겠음 일련의사건으로 군기강헤이까지 부추긴죄로,0,,
이런건 처형하는 북한이 더 남,0,,
여군이 나 목욕하는거 훔쳐본것도 좀 처벌했음좋겠다 민원 했는데 무고 두려워서 고소 못하고 있는게 현실,0,,
안하면 해임해야됨,0,,
옳소!,0,,
이런 싸이코 쓰레기같은 인간은 믿지 맙시다.<br>인간의 잔혹함은 어디까지인가....<br>동족이라도 안 믿기네...<br>고인의 명복을 빕니다...........🎗,0,,
한국군은 대대적인 개혁이 필요하다.,0,,
미국 여군은 추행과 폭행당하고 실종된지 2달뒤에 흉기에 숨진<br>시신으로 발견.<br>미군도 안 변하는데 더 수패한 <br>한국군이 변할지.,0,,
모병제 실시해야 함,0,,
무기만 첨단화시키면 뭐합니까 사람도 같이 첨단화시켜야지...,0,,
